ISO-10303-21;
HEADER;
FILE_DESCRIPTION (( 'STEP AP214' ),
    '1' );
FILE_NAME ('CUI_DEVICES_TS02-66-95-BK-100-LCR-D.step',
    '2021-12-18T19:07:12',
    ( '' ),
    ( '' ),
    'SwSTEP 2.0',
    'SolidWorks 2021',
    '' );
FILE_SCHEMA (( 'AUTOMOTIVE_DESIGN' ));
ENDSEC;

DATA;
#1 = CARTESIAN_POINT ( 'NONE',  ( 0.1181102362204724532, 0.1299212598425196763, 0.1122047244094488277 ) ) ;
#2 = VERTEX_POINT ( 'NONE', #4022 ) ;
#3 = CARTESIAN_POINT ( 'NONE',  ( -0.1476377952755905387, -0.06889763779527559306, -0.1023622047244094474 ) ) ;
#4 = ORIENTED_EDGE ( 'NONE', *, *, #3665, .T. ) ;
#5 = LENGTH_MEASURE_WITH_UNIT ( LENGTH_MEASURE( 0.02539999999999999897 ), #3676 );
#6 = DIRECTION ( 'NONE',  ( 0.0000000000000000000, 0.0000000000000000000, 1.000000000000000000 ) ) ;
#7 = VERTEX_POINT ( 'NONE', #1038 ) ;
#8 = FILL_AREA_STYLE_COLOUR ( '', #952 ) ;
#9 = ORIENTED_EDGE ( 'NONE', *, *, #2078, .T. ) ;
#10 = CARTESIAN_POINT ( 'NONE',  ( -0.1181102362204724532, 0.1299212598425196763, -0.1122047244094488277 ) ) ;
#11 = FACE_OUTER_BOUND ( 'NONE', #2663, .T. ) ;
#12 = DIRECTION ( 'NONE',  ( 0.0000000000000000000, -1.000000000000000000, 0.0000000000000000000 ) ) ;
#13 = EDGE_CURVE ( 'NONE', #3248, #896, #1720, .T. ) ;
#14 = EDGE_CURVE ( 'NONE', #996, #1459, #393, .T. ) ;
#15 = DIRECTION ( 'NONE',  ( 0.0000000000000000000, 0.0000000000000000000, -1.000000000000000000 ) ) ;
#16 = CIRCLE ( 'NONE', #577, 0.02362204724409448092 ) ;
#17 = DIRECTION ( 'NONE',  ( 0.0000000000000000000, 0.0000000000000000000, 1.000000000000000000 ) ) ;
#18 = AXIS2_PLACEMENT_3D ( 'NONE', #3302, #2634, #2678 ) ;
#19 = EDGE_CURVE ( 'NONE', #1288, #734, #4088, .T. ) ;
#20 = CIRCLE ( 'NONE', #1223, 0.02362204724409448092 ) ;
#21 = LINE ( 'NONE', #2344, #4294 ) ;
#22 = ORIENTED_EDGE ( 'NONE', *, *, #1683, .T. ) ;
#23 = COLOUR_RGB ( '',0.8313725490196077761, 0.8392156862745098200, 0.8313725490196077761 ) ;
#24 = ORIENTED_EDGE ( 'NONE', *, *, #2389, .F. ) ;
#25 = EDGE_CURVE ( 'NONE', #1401, #4125, #1743, .T. ) ;
#26 = EDGE_LOOP ( 'NONE', ( #2276, #287, #4313, #2619 ) ) ;
#27 = CARTESIAN_POINT ( 'NONE',  ( -8.437527159479795937E-18, 0.1299212598425196763, -0.06889763779527559306 ) ) ;
#28 = DIRECTION ( 'NONE',  ( -1.000000000000000000, 2.454115839351809943E-16, 0.0000000000000000000 ) ) ;
#29 = EDGE_LOOP ( 'NONE', ( #3635, #1346, #3531, #4008 ) ) ;
#30 = AXIS2_PLACEMENT_3D ( 'NONE', #1175, #3520, #2251 ) ;
#31 = ORIENTED_EDGE ( 'NONE', *, *, #2652, .F. ) ;
#32 = CIRCLE ( 'NONE', #3270, 0.02362204724409448092 ) ;
#33 = VERTEX_POINT ( 'NONE', #1082 ) ;
#34 = DIRECTION ( 'NONE',  ( 0.0000000000000000000, 0.0000000000000000000, 1.000000000000000000 ) ) ;
#35 = DIRECTION ( 'NONE',  ( 0.0000000000000000000, -1.000000000000000000, 0.0000000000000000000 ) ) ;
#36 = LINE ( 'NONE', #1671, #322 ) ;
#37 = AXIS2_PLACEMENT_3D ( 'NONE', #3571, #3489, #3222 ) ;
#38 = VERTEX_POINT ( 'NONE', #3347 ) ;
#39 = PLANE ( 'NONE',  #2506 ) ;
#40 = AXIS2_PLACEMENT_3D ( 'NONE', #528, #1260, #1900 ) ;
#41 = ADVANCED_FACE ( 'NONE', ( #330 ), #681, .F. ) ;
#42 = DIRECTION ( 'NONE',  ( -4.063888932435259910E-16, 1.000000000000000000, 0.0000000000000000000 ) ) ;
#43 = CARTESIAN_POINT ( 'NONE',  ( 0.08858267716535432601, 0.1496062992125984370, 0.1122047244094488139 ) ) ;
#44 = DIRECTION ( 'NONE',  ( 1.000000000000000000, 0.0000000000000000000, 0.0000000000000000000 ) ) ;
#45 = AXIS2_PLACEMENT_3D ( 'NONE', #1734, #1805, #4107 ) ;
#46 = CARTESIAN_POINT ( 'NONE',  ( -0.1263219938489248129, -0.09021343922194134668, 0.1023622047244094474 ) ) ;
#47 = EDGE_CURVE ( 'NONE', #77, #4097, #1677, .T. ) ;
#48 = CARTESIAN_POINT ( 'NONE',  ( 0.1318897637795275746, -0.04201406643800709162, 0.1023622047244094474 ) ) ;
#49 = EDGE_LOOP ( 'NONE', ( #1906, #842 ) ) ;
#50 = DIRECTION ( 'NONE',  ( 1.000000000000000000, 0.0000000000000000000, 0.0000000000000000000 ) ) ;
#51 = DIRECTION ( 'NONE',  ( -2.454115839351809943E-16, -1.000000000000000000, 0.0000000000000000000 ) ) ;
#52 = EDGE_LOOP ( 'NONE', ( #2116, #3803, #2705, #2633 ) ) ;
#53 = ADVANCED_FACE ( 'NONE', ( #3026 ), #3429, .T. ) ;
#54 = EDGE_LOOP ( 'NONE', ( #2350, #3421, #1405, #454 ) ) ;
#55 = EDGE_LOOP ( 'NONE', ( #1698, #3060 ) ) ;
#56 = CARTESIAN_POINT ( 'NONE',  ( -0.1240157480314960647, -0.1024489833240242176, 0.1139111283628084642 ) ) ;
#57 = DIRECTION ( 'NONE',  ( 0.0000000000000000000, 0.0000000000000000000, 1.000000000000000000 ) ) ;
#58 = CYLINDRICAL_SURFACE ( 'NONE', #3761, 0.007874015748031499423 ) ;
#59 = VERTEX_POINT ( 'NONE', #1347 ) ;
#60 = DIRECTION ( 'NONE',  ( 0.0000000000000000000, 0.0000000000000000000, -1.000000000000000000 ) ) ;
#61 =( NAMED_UNIT ( * ) SI_UNIT ( $, .STERADIAN. ) SOLID_ANGLE_UNIT ( ) );
#62 = DIRECTION ( 'NONE',  ( 0.0000000000000000000, 0.0000000000000000000, -1.000000000000000000 ) ) ;
#63 = CARTESIAN_POINT ( 'NONE',  ( -0.1122047244094488277, 0.1299212598425196763, 0.1181102362204724532 ) ) ;
#64 = DIRECTION ( 'NONE',  ( 0.0000000000000000000, 0.0000000000000000000, -1.000000000000000000 ) ) ;
#65 = ORIENTED_EDGE ( 'NONE', *, *, #3199, .T. ) ;
#66 = ORIENTED_EDGE ( 'NONE', *, *, #3433, .F. ) ;
#67 = EDGE_CURVE ( 'NONE', #666, #729, #2696, .T. ) ;
#68 = DIRECTION ( 'NONE',  ( 0.0000000000000000000, 0.0000000000000000000, 1.000000000000000000 ) ) ;
#69 = EDGE_CURVE ( 'NONE', #1173, #2623, #139, .T. ) ;
#70 = CARTESIAN_POINT ( 'NONE',  ( 0.1240157480314960647, -0.1143824042423135789, -0.07014398974742774850 ) ) ;
#71 = CYLINDRICAL_SURFACE ( 'NONE', #2011, 0.007874015748031499423 ) ;
#72 = ORIENTED_EDGE ( 'NONE', *, *, #2783, .F. ) ;
#73 = ADVANCED_FACE ( 'NONE', ( #4160, #3200, #822, #1814, #1466, #202 ), #2459, .T. ) ;
#74 = CARTESIAN_POINT ( 'NONE',  ( -0.1318897637795275746, -0.1224523058384645591, 0.07480314960629921850 ) ) ;
#75 = VERTEX_POINT ( 'NONE', #2532 ) ;
#76 = DIRECTION ( 'NONE',  ( 0.0000000000000000000, 1.000000000000000000, 0.0000000000000000000 ) ) ;
#77 = VERTEX_POINT ( 'NONE', #1509 ) ;
#78 = LINE ( 'NONE', #3497, #2446 ) ;
#79 = ORIENTED_EDGE ( 'NONE', *, *, #353, .T. ) ;
#80 = DIRECTION ( 'NONE',  ( -2.454115839351809943E-16, -1.000000000000000000, 0.0000000000000000000 ) ) ;
#81 = DIRECTION ( 'NONE',  ( 0.0000000000000000000, 0.0000000000000000000, 1.000000000000000000 ) ) ;
#82 = CARTESIAN_POINT ( 'NONE',  ( -0.1181102362204724532, 0.0000000000000000000, -0.1122047244094488277 ) ) ;
#83 = DIRECTION ( 'NONE',  ( 0.0000000000000000000, -1.000000000000000000, 0.0000000000000000000 ) ) ;
#84 = VECTOR ( 'NONE', #3656, 39.37007874015748143 ) ;
#85 = LINE ( 'NONE', #1439, #1995 ) ;
#86 = DIRECTION ( 'NONE',  ( 0.0000000000000000000, 0.0000000000000000000, 1.000000000000000000 ) ) ;
#87 = VECTOR ( 'NONE', #2050, 39.37007874015748854 ) ;
#88 = ORIENTED_EDGE ( 'NONE', *, *, #2170, .T. ) ;
#89 = DIRECTION ( 'NONE',  ( 0.0000000000000000000, -1.000000000000000000, 0.0000000000000000000 ) ) ;
#90 = CARTESIAN_POINT ( 'NONE',  ( 0.1318897637795275746, -0.04201406643800709162, 0.1023622047244094474 ) ) ;
#91 = VECTOR ( 'NONE', #1136, 39.37007874015748143 ) ;
#92 = AXIS2_PLACEMENT_3D ( 'NONE', #2203, #2286, #932 ) ;
#93 =( LENGTH_UNIT ( ) NAMED_UNIT ( * ) SI_UNIT ( $, .METRE. ) );
#94 = VECTOR ( 'NONE', #3452, 39.37007874015748143 ) ;
#95 = VERTEX_POINT ( 'NONE', #3781 ) ;
#96 = AXIS2_PLACEMENT_3D ( 'NONE', #3159, #3412, #1746 ) ;
#97 = CARTESIAN_POINT ( 'NONE',  ( -0.1555118110236220763, -0.1377952755905511861, -0.09350393700787401619 ) ) ;
#98 = CARTESIAN_POINT ( 'NONE',  ( 0.1181102362204724532, -0.003937007874015747977, 0.04921259842519685318 ) ) ;
#99 = VERTEX_POINT ( 'NONE', #3133 ) ;
#100 = CIRCLE ( 'NONE', #1584, 0.06889763779527559306 ) ;
#101 = EDGE_CURVE ( 'NONE', #3301, #3877, #3481, .T. ) ;
#102 = CARTESIAN_POINT ( 'NONE',  ( 0.1181102362204724532, 0.02755905511811023584, 0.07480314960629921850 ) ) ;
#103 = VERTEX_POINT ( 'NONE', #3855 ) ;
#104 = FACE_OUTER_BOUND ( 'NONE', #3568, .T. ) ;
#105 = EDGE_LOOP ( 'NONE', ( #4129, #2397, #3783, #2680, #1430, #267, #4253, #3293 ) ) ;
#106 = CIRCLE ( 'NONE', #1940, 0.007874015748031499423 ) ;
#107 = LINE ( 'NONE', #3400, #3740 ) ;
#108 = ORIENTED_EDGE ( 'NONE', *, *, #2670, .F. ) ;
#109 = AXIS2_PLACEMENT_3D ( 'NONE', #2377, #2767, #2108 ) ;
#110 = EDGE_CURVE ( 'NONE', #1749, #3671, #2196, .T. ) ;
#111 = FACE_OUTER_BOUND ( 'NONE', #4167, .T. ) ;
#112 = FACE_OUTER_BOUND ( 'NONE', #233, .T. ) ;
#113 = CYLINDRICAL_SURFACE ( 'NONE', #3486, 0.02362204724409448092 ) ;
#114 = FACE_OUTER_BOUND ( 'NONE', #706, .T. ) ;
#115 = FACE_OUTER_BOUND ( 'NONE', #399, .T. ) ;
#116 = VECTOR ( 'NONE', #1302, 39.37007874015748143 ) ;
#117 = ORIENTED_EDGE ( 'NONE', *, *, #2478, .T. ) ;
#118 = CARTESIAN_POINT ( 'NONE',  ( -0.1240157480314960647, -0.1143824042423135789, -0.07014398974742774850 ) ) ;
#119 = LINE ( 'NONE', #1420, #448 ) ;
#120 = DIRECTION ( 'NONE',  ( 0.0000000000000000000, 0.0000000000000000000, -1.000000000000000000 ) ) ;
#121 = EDGE_LOOP ( 'NONE', ( #2345, #1423, #2293, #3052 ) ) ;
#122 = DIRECTION ( 'NONE',  ( 0.0000000000000000000, -1.000000000000000000, 0.0000000000000000000 ) ) ;
#123 = CARTESIAN_POINT ( 'NONE',  ( 0.1476377952755905387, -0.06889763779527559306, 0.1023622047244094474 ) ) ;
#124 = EDGE_CURVE ( 'NONE', #1819, #878, #4204, .T. ) ;
#125 = VERTEX_POINT ( 'NONE', #1551 ) ;
#126 = CARTESIAN_POINT ( 'NONE',  ( -0.1122047244094488277, 0.0000000000000000000, 0.1122047244094488277 ) ) ;
#127 = ORIENTED_EDGE ( 'NONE', *, *, #314, .F. ) ;
#128 = LINE ( 'NONE', #2469, #3074 ) ;
#129 = ORIENTED_EDGE ( 'NONE', *, *, #3150, .T. ) ;
#130 = CARTESIAN_POINT ( 'NONE',  ( -0.1263219938489248129, -0.04758183636860983945, -0.1023622047244094474 ) ) ;
#131 = EDGE_CURVE ( 'NONE', #1985, #3716, #3156, .T. ) ;
#132 = ADVANCED_FACE ( 'NONE', ( #2177 ), #3545, .T. ) ;
#133 = ORIENTED_EDGE ( 'NONE', *, *, #1554, .F. ) ;
#134 = DIRECTION ( 'NONE',  ( 0.0000000000000000000, 0.0000000000000000000, 1.000000000000000000 ) ) ;
#135 = CARTESIAN_POINT ( 'NONE',  ( 0.1240157480314960647, -0.1224523058384645591, 0.1023622047244094474 ) ) ;
#136 = CARTESIAN_POINT ( 'NONE',  ( 0.1318897637795275746, -0.1377952755905511861, 0.08366141732283464971 ) ) ;
#137 = EDGE_CURVE ( 'NONE', #2734, #426, #435, .T. ) ;
#138 = FACE_OUTER_BOUND ( 'NONE', #2400, .T. ) ;
#139 = LINE ( 'NONE', #466, #433 ) ;
#140 = ORIENTED_EDGE ( 'NONE', *, *, #2829, .F. ) ;
#141 = CARTESIAN_POINT ( 'NONE',  ( 0.1318897637795275746, -0.09578120915254409451, -0.1023622047244094474 ) ) ;
#142 = CARTESIAN_POINT ( 'NONE',  ( 8.919671568592926781E-18, 0.1299212598425196763, -0.07283464566929134798 ) ) ;
#143 = DIRECTION ( 'NONE',  ( 0.0000000000000000000, 1.000000000000000000, 0.0000000000000000000 ) ) ;
#144 = ORIENTED_EDGE ( 'NONE', *, *, #101, .T. ) ;
#145 = DIRECTION ( 'NONE',  ( 0.0000000000000000000, 0.0000000000000000000, 1.000000000000000000 ) ) ;
#146 = DIRECTION ( 'NONE',  ( -1.000000000000000000, 0.0000000000000000000, 0.0000000000000000000 ) ) ;
#147 = ORIENTED_EDGE ( 'NONE', *, *, #3150, .F. ) ;
#148 = CARTESIAN_POINT ( 'NONE',  ( -0.1318897637795275746, -0.09578120915254409451, 0.07480314960629921850 ) ) ;
#149 = VERTEX_POINT ( 'NONE', #4117 ) ;
#150 = LINE ( 'NONE', #3148, #3823 ) ;
#151 = ORIENTED_EDGE ( 'NONE', *, *, #1009, .T. ) ;
#152 = DIRECTION ( 'NONE',  ( 0.0000000000000000000, 0.0000000000000000000, -1.000000000000000000 ) ) ;
#153 = SURFACE_STYLE_USAGE ( .BOTH. , #2807 ) ;
#154 = CARTESIAN_POINT ( 'NONE',  ( 0.08858267716535432601, 0.1377952755905511861, -0.08858267716535432601 ) ) ;
#155 = EDGE_CURVE ( 'NONE', #3856, #2403, #2811, .T. ) ;
#156 = CARTESIAN_POINT ( 'NONE',  ( 0.1181102362204724532, 0.02755905511811023584, -0.1023622047244094474 ) ) ;
#157 = ADVANCED_FACE ( 'NONE', ( #115 ), #1109, .T. ) ;
#158 = ORIENTED_EDGE ( 'NONE', *, *, #3321, .F. ) ;
#159 = LINE ( 'NONE', #468, #520 ) ;
#160 = DIRECTION ( 'NONE',  ( 0.0000000000000000000, 1.000000000000000000, 0.0000000000000000000 ) ) ;
#161 = AXIS2_PLACEMENT_3D ( 'NONE', #1415, #2740, #3068 ) ;
#162 = VECTOR ( 'NONE', #1396, 39.37007874015748143 ) ;
#163 = PLANE ( 'NONE',  #1380 ) ;
#164 = EDGE_LOOP ( 'NONE', ( #72, #228, #1299, #2346 ) ) ;
#165 = DIRECTION ( 'NONE',  ( -1.000000000000000000, 0.0000000000000000000, 0.0000000000000000000 ) ) ;
#166 = COLOUR_RGB ( '',0.8313725490196077761, 0.8392156862745098200, 0.8313725490196077761 ) ;
#167 = CARTESIAN_POINT ( 'NONE',  ( 0.1181102362204724532, 0.0000000000000000000, -0.1122047244094488277 ) ) ;
#168 = ORIENTED_EDGE ( 'NONE', *, *, #2860, .F. ) ;
#169 = AXIS2_PLACEMENT_3D ( 'NONE', #816, #2207, #2172 ) ;
#170 = LINE ( 'NONE', #562, #1590 ) ;
#171 = ORIENTED_EDGE ( 'NONE', *, *, #891, .T. ) ;
#172 = CARTESIAN_POINT ( 'NONE',  ( -0.1476377952755905387, -0.06889763779527559306, 0.07480314960629921850 ) ) ;
#173 = MECHANICAL_DESIGN_GEOMETRIC_PRESENTATION_REPRESENTATION (  '', ( #2511 ), #2993 ) ;
#174 = EDGE_LOOP ( 'NONE', ( #4209, #4150, #277, #3640 ) ) ;
#175 = LINE ( 'NONE', #1527, #3061 ) ;
#176 = DIRECTION ( 'NONE',  ( 0.0000000000000000000, -1.000000000000000000, 0.0000000000000000000 ) ) ;
#177 = DIRECTION ( 'NONE',  ( 0.0000000000000000000, 0.0000000000000000000, 1.000000000000000000 ) ) ;
#178 = VECTOR ( 'NONE', #691, 39.37007874015748143 ) ;
#179 = VECTOR ( 'NONE', #1866, 39.37007874015748143 ) ;
#180 = ADVANCED_FACE ( 'NONE', ( #3873 ), #1152, .T. ) ;
#181 = CARTESIAN_POINT ( 'NONE',  ( -0.1240157480314960647, -0.09578120915254409451, 0.1023622047244094474 ) ) ;
#182 = AXIS2_PLACEMENT_3D ( 'NONE', #1286, #4266, #1269 ) ;
#183 = ORIENTED_EDGE ( 'NONE', *, *, #3927, .T. ) ;
#184 = CARTESIAN_POINT ( 'NONE',  ( -0.1181102362204724532, 0.02755905511811023584, -0.1023622047244094474 ) ) ;
#185 = CARTESIAN_POINT ( 'NONE',  ( -0.1181102362204724532, 0.03543307086614173179, 0.1023622047244094474 ) ) ;
#186 = EDGE_CURVE ( 'NONE', #4046, #3561, #3175, .T. ) ;
#187 = CIRCLE ( 'NONE', #3622, 0.007874015748031499423 ) ;
#188 = PLANE ( 'NONE',  #1023 ) ;
#189 = ORIENTED_EDGE ( 'NONE', *, *, #2479, .F. ) ;
#190 = CARTESIAN_POINT ( 'NONE',  ( -0.08858267716535432601, 0.1299212598425196763, -0.06496062992125983815 ) ) ;
#191 = AXIS2_PLACEMENT_3D ( 'NONE', #3707, #630, #1688 ) ;
#192 = CARTESIAN_POINT ( 'NONE',  ( 0.0000000000000000000, 0.1377952755905511861, 0.0000000000000000000 ) ) ;
#193 = EDGE_CURVE ( 'NONE', #3097, #3941, #533, .T. ) ;
#194 = ORIENTED_EDGE ( 'NONE', *, *, #2213, .F. ) ;
#195 = CARTESIAN_POINT ( 'NONE',  ( -0.1240157480314960647, 0.03543307086614173179, 0.1023622047244094474 ) ) ;
#196 = ORIENTED_EDGE ( 'NONE', *, *, #2562, .T. ) ;
#197 = FACE_OUTER_BOUND ( 'NONE', #3112, .T. ) ;
#198 = ORIENTED_EDGE ( 'NONE', *, *, #3916, .T. ) ;
#199 = FACE_OUTER_BOUND ( 'NONE', #296, .T. ) ;
#200 = CARTESIAN_POINT ( 'NONE',  ( 0.1532055652061933004, -0.07446540772587834089, -0.1023622047244094474 ) ) ;
#201 = FACE_OUTER_BOUND ( 'NONE', #2062, .T. ) ;
#202 = FACE_BOUND ( 'NONE', #55, .T. ) ;
#203 = EDGE_LOOP ( 'NONE', ( #3118, #2845, #893, #2323, #989, #1542, #2617, #2868 ) ) ;
#204 = LINE ( 'NONE', #185, #1218 ) ;
#205 = PRODUCT_DEFINITION_SHAPE ( 'NONE', 'NONE',  #929 ) ;
#206 = CARTESIAN_POINT ( 'NONE',  ( 0.1476377952755905387, -0.06889763779527559306, 0.1023622047244094474 ) ) ;
#207 = EDGE_CURVE ( 'NONE', #3575, #770, #1883, .T. ) ;
#208 = EDGE_CURVE ( 'NONE', #958, #3075, #2917, .T. ) ;
#209 = VERTEX_POINT ( 'NONE', #1264 ) ;
#210 = DIRECTION ( 'NONE',  ( 0.0000000000000000000, 1.000000000000000000, 0.0000000000000000000 ) ) ;
#211 = CARTESIAN_POINT ( 'NONE',  ( -0.1318897637795275746, -0.04201406643800709162, -0.1023622047244094474 ) ) ;
#212 = ORIENTED_EDGE ( 'NONE', *, *, #3806, .T. ) ;
#213 = DIRECTION ( 'NONE',  ( -2.454115839351809943E-16, -1.000000000000000000, 0.0000000000000000000 ) ) ;
#214 = EDGE_CURVE ( 'NONE', #125, #2734, #3298, .T. ) ;
#215 = CARTESIAN_POINT ( 'NONE',  ( 0.1122047244094488277, 0.0000000000000000000, -0.1122047244094488277 ) ) ;
#216 = ORIENTED_EDGE ( 'NONE', *, *, #1337, .F. ) ;
#217 = CARTESIAN_POINT ( 'NONE',  ( -0.1240157480314960647, -0.1377952755905511861, 0.1023622047244094474 ) ) ;
#218 = DIRECTION ( 'NONE',  ( -0.7071067811865479058, -0.7071067811865469066, 0.0000000000000000000 ) ) ;
#219 = DIRECTION ( 'NONE',  ( 0.0000000000000000000, -1.000000000000000000, 0.0000000000000000000 ) ) ;
#220 = ORIENTED_EDGE ( 'NONE', *, *, #477, .F. ) ;
#221 = DIRECTION ( 'NONE',  ( -1.000000000000000000, 0.0000000000000000000, 2.168404344971010347E-16 ) ) ;
#222 = FACE_OUTER_BOUND ( 'NONE', #164, .T. ) ;
#223 = ORIENTED_EDGE ( 'NONE', *, *, #2570, .F. ) ;
#224 = DIRECTION ( 'NONE',  ( 0.0000000000000000000, -1.000000000000000000, 0.0000000000000000000 ) ) ;
#225 = DIRECTION ( 'NONE',  ( 0.0000000000000000000, 0.0000000000000000000, -1.000000000000000000 ) ) ;
#226 = CIRCLE ( 'NONE', #3824, 0.005905511811023620231 ) ;
#227 = VECTOR ( 'NONE', #3831, 39.37007874015748143 ) ;
#228 = ORIENTED_EDGE ( 'NONE', *, *, #14, .F. ) ;
#229 = EDGE_CURVE ( 'NONE', #1258, #3654, #3917, .T. ) ;
#230 = DIRECTION ( 'NONE',  ( 0.0000000000000000000, 1.000000000000000000, 0.0000000000000000000 ) ) ;
#231 = CIRCLE ( 'NONE', #3048, 0.02362204724409448092 ) ;
#232 = AXIS2_PLACEMENT_3D ( 'NONE', #2826, #2530, #3502 ) ;
#233 = EDGE_LOOP ( 'NONE', ( #2837, #2751, #3288, #1997, #1771, #3384, #2856, #1141, #1849, #3138, #3578, #4205, #347, #912, #3794, #4067, #866 ) ) ;
#234 = STYLED_ITEM ( 'NONE', ( #4123 ), #1904 ) ;
#235 = ADVANCED_FACE ( 'NONE', ( #906 ), #2238, .F. ) ;
#236 = FACE_OUTER_BOUND ( 'NONE', #3695, .T. ) ;
#237 = LENGTH_MEASURE_WITH_UNIT ( LENGTH_MEASURE( 0.02539999999999999897 ), #1463 );
#238 = CARTESIAN_POINT ( 'NONE',  ( 0.08858267716535432601, 0.1299212598425196763, -0.08858267716535432601 ) ) ;
#239 =( GEOMETRIC_REPRESENTATION_CONTEXT ( 3 ) GLOBAL_UNCERTAINTY_ASSIGNED_CONTEXT ( ( #3919 ) ) GLOBAL_UNIT_ASSIGNED_CONTEXT ( ( #1304, #3646, #2198 ) ) REPRESENTATION_CONTEXT ( 'NONE', 'WORKASPACE' ) );
#240 = AXIS2_PLACEMENT_3D ( 'NONE', #1603, #1188, #1205 ) ;
#241 = ADVANCED_FACE ( 'NONE', ( #1965 ), #244, .T. ) ;
#242 = PRODUCT ( 'CUI_DEVICES_TS02-66-95-BK-100-LCR-D', 'CUI_DEVICES_TS02-66-95-BK-100-LCR-D', '', ( #1933 ) ) ;
#243 = AXIS2_PLACEMENT_3D ( 'NONE', #3930, #3870, #4180 ) ;
#244 = CYLINDRICAL_SURFACE ( 'NONE', #1074, 0.02362204724409448092 ) ;
#245 = EDGE_LOOP ( 'NONE', ( #1935, #375, #3054, #2732 ) ) ;
#246 = VECTOR ( 'NONE', #2906, 39.37007874015748143 ) ;
#247 = VERTEX_POINT ( 'NONE', #552 ) ;
#248 = DIRECTION ( 'NONE',  ( -0.7071067811865480168, -0.7071067811865470176, 0.0000000000000000000 ) ) ;
#249 = VECTOR ( 'NONE', #3508, 39.37007874015748143 ) ;
#250 = DIRECTION ( 'NONE',  ( 0.0000000000000000000, 0.0000000000000000000, -1.000000000000000000 ) ) ;
#251 = EDGE_LOOP ( 'NONE', ( #3072, #4146, #2677, #1684 ) ) ;
#252 = DIRECTION ( 'NONE',  ( 0.0000000000000000000, 0.0000000000000000000, 1.000000000000000000 ) ) ;
#253 = CARTESIAN_POINT ( 'NONE',  ( -0.08858267716535432601, 0.1377952755905511861, -0.1122047244094488139 ) ) ;
#254 = CIRCLE ( 'NONE', #2721, 0.06050635568395137942 ) ;
#255 = ORIENTED_EDGE ( 'NONE', *, *, #2288, .F. ) ;
#256 = DIRECTION ( 'NONE',  ( 0.0000000000000000000, 0.0000000000000000000, 1.000000000000000000 ) ) ;
#257 = AXIS2_PLACEMENT_3D ( 'NONE', #3000, #1326, #1004 ) ;
#258 = ADVANCED_FACE ( 'NONE', ( #1901 ), #3934, .F. ) ;
#259 = ORIENTED_EDGE ( 'NONE', *, *, #2368, .T. ) ;
#260 = CARTESIAN_POINT ( 'NONE',  ( -0.1532055652061933004, -0.07446540772587834089, -0.1023622047244094474 ) ) ;
#261 = SURFACE_SIDE_STYLE ('',( #3234 ) ) ;
#262 = CARTESIAN_POINT ( 'NONE',  ( -0.1476377952755905387, -0.06889763779527559306, -0.07480314960629921850 ) ) ;
#263 = EDGE_CURVE ( 'NONE', #519, #33, #2273, .T. ) ;
#264 = EDGE_CURVE ( 'NONE', #1952, #3561, #365, .T. ) ;
#265 = LINE ( 'NONE', #4260, #3813 ) ;
#266 = EDGE_CURVE ( 'NONE', #4229, #1329, #1217, .T. ) ;
#267 = ORIENTED_EDGE ( 'NONE', *, *, #2689, .T. ) ;
#268 = UNCERTAINTY_MEASURE_WITH_UNIT (LENGTH_MEASURE( 1.000000000000000082E-05 ), #1727, 'distance_accuracy_value', 'NONE');
#269 = VERTEX_POINT ( 'NONE', #595 ) ;
#270 = ORIENTED_EDGE ( 'NONE', *, *, #193, .F. ) ;
#271 = CARTESIAN_POINT ( 'NONE',  ( 0.1476377952755905387, -0.06889763779527559306, 0.1023622047244094474 ) ) ;
#272 = EDGE_LOOP ( 'NONE', ( #1888, #2819, #2266, #1538 ) ) ;
#273 = CARTESIAN_POINT ( 'NONE',  ( 0.1181102362204724532, 0.0000000000000000000, 0.04921259842519685318 ) ) ;
#274 = CARTESIAN_POINT ( 'NONE',  ( 0.1181102362204724532, 0.1377952755905511861, -0.1122047244094488277 ) ) ;
#275 = ORIENTED_EDGE ( 'NONE', *, *, #1597, .T. ) ;
#276 = CARTESIAN_POINT ( 'NONE',  ( 0.1181102362204724532, 0.02755905511811023584, -0.1023622047244094474 ) ) ;
#277 = ORIENTED_EDGE ( 'NONE', *, *, #1246, .F. ) ;
#278 = CARTESIAN_POINT ( 'NONE',  ( 0.1318897637795275746, -0.1224523058384645591, -0.07480314960629921850 ) ) ;
#279 = FACE_OUTER_BOUND ( 'NONE', #312, .T. ) ;
#280 = FACE_OUTER_BOUND ( 'NONE', #564, .T. ) ;
#281 = DIRECTION ( 'NONE',  ( -1.000000000000000000, 0.0000000000000000000, 0.0000000000000000000 ) ) ;
#282 = EDGE_CURVE ( 'NONE', #2083, #3041, #568, .T. ) ;
#283 = CARTESIAN_POINT ( 'NONE',  ( -0.1555118110236220763, -0.1377952755905511861, -0.08366141732283464971 ) ) ;
#284 = ORIENTED_EDGE ( 'NONE', *, *, #2241, .T. ) ;
#285 = ORIENTED_EDGE ( 'NONE', *, *, #2186, .T. ) ;
#286 = CARTESIAN_POINT ( 'NONE',  ( 0.1181102362204724532, 0.1299212598425196763, -0.1122047244094488277 ) ) ;
#287 = ORIENTED_EDGE ( 'NONE', *, *, #2402, .F. ) ;
#288 = EDGE_CURVE ( 'NONE', #3081, #4073, #3897, .T. ) ;
#289 = CARTESIAN_POINT ( 'NONE',  ( 0.1181102362204724532, 0.03543307086614173179, -0.07480314960629921850 ) ) ;
#290 = ORIENTED_EDGE ( 'NONE', *, *, #1107, .T. ) ;
#291 = FACE_OUTER_BOUND ( 'NONE', #3630, .T. ) ;
#292 = CARTESIAN_POINT ( 'NONE',  ( 0.1318897637795275746, -0.1377952755905511861, 0.1023622047244094474 ) ) ;
#293 = ORIENTED_EDGE ( 'NONE', *, *, #411, .F. ) ;
#294 = PLANE ( 'NONE',  #2713 ) ;
#295 = VECTOR ( 'NONE', #219, 39.37007874015748143 ) ;
#296 = EDGE_LOOP ( 'NONE', ( #1831, #3638, #2742, #1100 ) ) ;
#297 = VECTOR ( 'NONE', #2122, 39.37007874015748854 ) ;
#298 = LINE ( 'NONE', #3019, #2007 ) ;
#299 = CARTESIAN_POINT ( 'NONE',  ( -0.1181102362204724532, 0.02755905511811023584, -0.1023622047244094474 ) ) ;
#300 = VECTOR ( 'NONE', #3038, 39.37007874015748854 ) ;
#301 = CARTESIAN_POINT ( 'NONE',  ( 0.1476377952755905387, -0.06889763779527559306, -0.1023622047244094474 ) ) ;
#302 = VECTOR ( 'NONE', #4171, 39.37007874015748143 ) ;
#303 = CARTESIAN_POINT ( 'NONE',  ( -0.1240157480314960647, -0.1377952755905511861, -0.1023622047244094474 ) ) ;
#304 = VECTOR ( 'NONE', #15, 39.37007874015748143 ) ;
#305 = AXIS2_PLACEMENT_3D ( 'NONE', #3637, #6, #2037 ) ;
#306 = EDGE_CURVE ( 'NONE', #426, #3006, #1568, .T. ) ;
#307 = ORIENTED_EDGE ( 'NONE', *, *, #2213, .T. ) ;
#308 = VECTOR ( 'NONE', #81, 39.37007874015748143 ) ;
#309 = EDGE_LOOP ( 'NONE', ( #1658, #3013, #1665, #3613 ) ) ;
#310 = DIRECTION ( 'NONE',  ( 0.0000000000000000000, 0.0000000000000000000, -1.000000000000000000 ) ) ;
#311 = VECTOR ( 'NONE', #1030, 39.37007874015748143 ) ;
#312 = EDGE_LOOP ( 'NONE', ( #4325, #2816, #1728, #1335 ) ) ;
#313 = LINE ( 'NONE', #4068, #2279 ) ;
#314 = EDGE_CURVE ( 'NONE', #95, #1355, #265, .T. ) ;
#315 = DIRECTION ( 'NONE',  ( 4.063888932435259910E-16, -1.000000000000000000, 0.0000000000000000000 ) ) ;
#316 = ORIENTED_EDGE ( 'NONE', *, *, #3594, .F. ) ;
#317 = CIRCLE ( 'NONE', #1308, 0.007874015748031499423 ) ;
#318 = CARTESIAN_POINT ( 'NONE',  ( -0.08858267716535432601, 0.1299212598425196763, -0.08858267716535432601 ) ) ;
#319 = AXIS2_PLACEMENT_3D ( 'NONE', #2662, #3611, #310 ) ;
#320 = EDGE_CURVE ( 'NONE', #4186, #3577, #2571, .T. ) ;
#321 = EDGE_LOOP ( 'NONE', ( #3615, #3099, #2946, #1601 ) ) ;
#322 = VECTOR ( 'NONE', #1032, 39.37007874015748143 ) ;
#323 = CARTESIAN_POINT ( 'NONE',  ( 0.1318897637795275746, -0.04201406643800709162, 0.1023622047244094474 ) ) ;
#324 = CARTESIAN_POINT ( 'NONE',  ( -0.1476377952755905387, -0.06889763779527559306, 0.1023622047244094474 ) ) ;
#325 = CARTESIAN_POINT ( 'NONE',  ( -0.1263219938489248129, -0.09021343922194134668, -0.07480314960629921850 ) ) ;
#326 = CARTESIAN_POINT ( 'NONE',  ( 0.0000000000000000000, 0.1299212598425196763, 0.06889763779527559306 ) ) ;
#327 = DIRECTION ( 'NONE',  ( 0.0000000000000000000, 0.0000000000000000000, 1.000000000000000000 ) ) ;
#328 = CARTESIAN_POINT ( 'NONE',  ( -0.08858267716535432601, 0.1181102362204724532, -0.08858267716535432601 ) ) ;
#329 = ORIENTED_EDGE ( 'NONE', *, *, #4158, .T. ) ;
#330 = FACE_OUTER_BOUND ( 'NONE', #26, .T. ) ;
#331 = ORIENTED_EDGE ( 'NONE', *, *, #2979, .T. ) ;
#332 = DIRECTION ( 'NONE',  ( 0.0000000000000000000, -1.000000000000000000, 0.0000000000000000000 ) ) ;
#333 = LINE ( 'NONE', #3012, #4227 ) ;
#334 = ORIENTED_EDGE ( 'NONE', *, *, #2766, .F. ) ;
#335 = EDGE_CURVE ( 'NONE', #3671, #2524, #2975, .T. ) ;
#336 = CARTESIAN_POINT ( 'NONE',  ( -0.1476377952755905387, -0.06889763779527559306, -0.1023622047244094474 ) ) ;
#337 = ORIENTED_EDGE ( 'NONE', *, *, #2368, .F. ) ;
#338 = ADVANCED_FACE ( 'NONE', ( #616 ), #3316, .F. ) ;
#339 = CARTESIAN_POINT ( 'NONE',  ( 0.1263219938489248129, -0.04758183636860983945, 0.1023622047244094474 ) ) ;
#340 = CARTESIAN_POINT ( 'NONE',  ( 0.1476377952755905387, -0.06889763779527559306, -0.1023622047244094474 ) ) ;
#341 = DIRECTION ( 'NONE',  ( 1.000000000000000000, 0.0000000000000000000, 0.0000000000000000000 ) ) ;
#342 = CARTESIAN_POINT ( 'NONE',  ( -0.1181102362204724532, 0.0000000000000000000, 0.1122047244094488277 ) ) ;
#343 = EDGE_CURVE ( 'NONE', #1753, #3181, #1306, .T. ) ;
#344 = CARTESIAN_POINT ( 'NONE',  ( -0.08858267716535432601, 0.1496062992125984370, 0.08858267716535432601 ) ) ;
#345 = CARTESIAN_POINT ( 'NONE',  ( 0.0000000000000000000, 0.3700787401574803237, 0.0000000000000000000 ) ) ;
#346 = ORIENTED_EDGE ( 'NONE', *, *, #2484, .F. ) ;
#347 = ORIENTED_EDGE ( 'NONE', *, *, #3971, .T. ) ;
#348 = ORIENTED_EDGE ( 'NONE', *, *, #1290, .T. ) ;
#349 =( CONVERSION_BASED_UNIT ( 'INCH', #5 ) LENGTH_UNIT ( ) NAMED_UNIT ( #2575 ) );
#350 = LINE ( 'NONE', #3047, #432 ) ;
#351 = VERTEX_POINT ( 'NONE', #3647 ) ;
#352 = ORIENTED_EDGE ( 'NONE', *, *, #4066, .F. ) ;
#353 = EDGE_CURVE ( 'NONE', #1668, #710, #1780, .T. ) ;
#354 = EDGE_LOOP ( 'NONE', ( #483, #760, #3719, #2961 ) ) ;
#355 = CARTESIAN_POINT ( 'NONE',  ( 0.08858267716535432601, 0.1496062992125984370, -0.08858267716535432601 ) ) ;
#356 = DIRECTION ( 'NONE',  ( 0.0000000000000000000, 0.0000000000000000000, -1.000000000000000000 ) ) ;
#357 = LINE ( 'NONE', #301, #1664 ) ;
#358 = EDGE_LOOP ( 'NONE', ( #2666, #561, #374, #3525 ) ) ;
#359 = DIRECTION ( 'NONE',  ( 1.000000000000000000, 0.0000000000000000000, 0.0000000000000000000 ) ) ;
#360 = EDGE_CURVE ( 'NONE', #4192, #1556, #1674, .T. ) ;
#361 = CIRCLE ( 'NONE', #3949, 0.02362204724409448092 ) ;
#362 = VECTOR ( 'NONE', #3103, 39.37007874015748143 ) ;
#363 = CARTESIAN_POINT ( 'NONE',  ( 0.1318897637795275746, -0.09578120915254409451, -0.1023622047244094474 ) ) ;
#364 = VECTOR ( 'NONE', #2603, 39.37007874015748854 ) ;
#365 = CIRCLE ( 'NONE', #512, 0.02362204724409448092 ) ;
#366 = EDGE_CURVE ( 'NONE', #405, #1329, #387, .T. ) ;
#367 = DIRECTION ( 'NONE',  ( 0.0000000000000000000, 0.0000000000000000000, 1.000000000000000000 ) ) ;
#368 = AXIS2_PLACEMENT_3D ( 'NONE', #1362, #1101, #3062 ) ;
#369 = ORIENTED_EDGE ( 'NONE', *, *, #2563, .F. ) ;
#370 = COLOUR_RGB ( '',0.8313725490196077761, 0.8392156862745098200, 0.8313725490196077761 ) ;
#371 = ORIENTED_EDGE ( 'NONE', *, *, #394, .F. ) ;
#372 = CIRCLE ( 'NONE', #452, 0.007874015748031499423 ) ;
#373 = DIRECTION ( 'NONE',  ( 0.0000000000000000000, 0.0000000000000000000, -1.000000000000000000 ) ) ;
#374 = ORIENTED_EDGE ( 'NONE', *, *, #1133, .F. ) ;
#375 = ORIENTED_EDGE ( 'NONE', *, *, #2965, .T. ) ;
#376 = VECTOR ( 'NONE', #2799, 39.37007874015748143 ) ;
#377 = VERTEX_POINT ( 'NONE', #3344 ) ;
#378 = FACE_OUTER_BOUND ( 'NONE', #4057, .T. ) ;
#379 = CARTESIAN_POINT ( 'NONE',  ( 0.1240157480314960647, -0.04201406643800709162, 0.1023622047244094474 ) ) ;
#380 = ORIENTED_EDGE ( 'NONE', *, *, #1610, .T. ) ;
#381 = DIRECTION ( 'NONE',  ( 0.0000000000000000000, 0.0000000000000000000, 1.000000000000000000 ) ) ;
#382 = AXIS2_PLACEMENT_3D ( 'NONE', #3160, #143, #1492 ) ;
#383 = ORIENTED_EDGE ( 'NONE', *, *, #1794, .F. ) ;
#384 = CYLINDRICAL_SURFACE ( 'NONE', #368, 0.005905511811023620231 ) ;
#385 = AXIS2_PLACEMENT_3D ( 'NONE', #567, #1915, #3932 ) ;
#386 = DIRECTION ( 'NONE',  ( 0.0000000000000000000, 1.000000000000000000, 0.0000000000000000000 ) ) ;
#387 = LINE ( 'NONE', #363, #4018 ) ;
#388 = EDGE_CURVE ( 'NONE', #2977, #2388, #1691, .T. ) ;
#389 = LINE ( 'NONE', #2808, #2591 ) ;
#390 = ADVANCED_FACE ( 'NONE', ( #3690 ), #4041, .F. ) ;
#391 = VECTOR ( 'NONE', #3376, 39.37007874015748143 ) ;
#392 = DIRECTION ( 'NONE',  ( -1.000000000000000000, 2.454115839351809943E-16, 0.0000000000000000000 ) ) ;
#393 = LINE ( 'NONE', #2762, #362 ) ;
#394 = EDGE_CURVE ( 'NONE', #1051, #7, #3023, .T. ) ;
#395 = ORIENTED_EDGE ( 'NONE', *, *, #3971, .F. ) ;
#396 = CARTESIAN_POINT ( 'NONE',  ( 0.1318897637795275746, -0.1377952755905511861, -0.09350393700787401619 ) ) ;
#397 = DIRECTION ( 'NONE',  ( -1.000000000000000000, 0.0000000000000000000, 0.0000000000000000000 ) ) ;
#398 = FACE_OUTER_BOUND ( 'NONE', #2648, .T. ) ;
#399 = EDGE_LOOP ( 'NONE', ( #2768, #749, #2472, #3220, #4249, #1471 ) ) ;
#400 = CARTESIAN_POINT ( 'NONE',  ( -0.1318897637795275746, -0.1377952755905511861, 0.09350393700787401619 ) ) ;
#401 = ORIENTED_EDGE ( 'NONE', *, *, #1041, .T. ) ;
#402 = DIRECTION ( 'NONE',  ( 0.0000000000000000000, 0.0000000000000000000, 1.000000000000000000 ) ) ;
#403 = ORIENTED_EDGE ( 'NONE', *, *, #2484, .T. ) ;
#404 = DIRECTION ( 'NONE',  ( 0.0000000000000000000, -1.000000000000000000, 0.0000000000000000000 ) ) ;
#405 = VERTEX_POINT ( 'NONE', #1392 ) ;
#406 = CARTESIAN_POINT ( 'NONE',  ( 0.1240157480314960647, -0.09578120915254409451, 0.07480314960629921850 ) ) ;
#407 = SURFACE_STYLE_FILL_AREA ( #3727 ) ;
#408 = CARTESIAN_POINT ( 'NONE',  ( 0.1240157480314960647, -0.04201406643800709162, 0.07480314960629921850 ) ) ;
#409 = DIRECTION ( 'NONE',  ( 0.0000000000000000000, -1.000000000000000000, 0.0000000000000000000 ) ) ;
#410 = CARTESIAN_POINT ( 'NONE',  ( -0.1476377952755905387, -0.06889763779527559306, 0.1023622047244094474 ) ) ;
#411 = EDGE_CURVE ( 'NONE', #3367, #2035, #1715, .T. ) ;
#412 = ORIENTED_EDGE ( 'NONE', *, *, #19, .F. ) ;
#413 = ORIENTED_EDGE ( 'NONE', *, *, #1916, .T. ) ;
#414 = CARTESIAN_POINT ( 'NONE',  ( 0.1555118110236220763, -0.1377952755905511861, 0.09350393700787401619 ) ) ;
#415 = DIRECTION ( 'NONE',  ( -2.454115839351809943E-16, -1.000000000000000000, 0.0000000000000000000 ) ) ;
#416 = EDGE_CURVE ( 'NONE', #3856, #1015, #4062, .T. ) ;
#417 = LINE ( 'NONE', #1183, #2932 ) ;
#418 = VERTEX_POINT ( 'NONE', #1054 ) ;
#419 = CARTESIAN_POINT ( 'NONE',  ( 0.1318897637795275746, 0.02755905511811023584, 0.1023622047244094474 ) ) ;
#420 = UNCERTAINTY_MEASURE_WITH_UNIT (LENGTH_MEASURE( 1.000000000000000082E-05 ), #920, 'distance_accuracy_value', 'NONE');
#421 = DIRECTION ( 'NONE',  ( 0.0000000000000000000, 0.0000000000000000000, -1.000000000000000000 ) ) ;
#422 = EDGE_CURVE ( 'NONE', #2982, #99, #4090, .T. ) ;
#423 = ORIENTED_EDGE ( 'NONE', *, *, #2280, .F. ) ;
#424 = CARTESIAN_POINT ( 'NONE',  ( 0.1240157480314960647, -0.1224523058384645591, 0.07480314960629921850 ) ) ;
#425 = ORIENTED_EDGE ( 'NONE', *, *, #124, .T. ) ;
#426 = VERTEX_POINT ( 'NONE', #3085 ) ;
#427 = FACE_OUTER_BOUND ( 'NONE', #723, .T. ) ;
#428 = ORIENTED_EDGE ( 'NONE', *, *, #3692, .F. ) ;
#429 = CARTESIAN_POINT ( 'NONE',  ( 0.1240157480314960647, 0.03543307086614173179, 0.1023622047244094474 ) ) ;
#430 = LINE ( 'NONE', #3194, #1707 ) ;
#431 = CARTESIAN_POINT ( 'NONE',  ( -0.1318897637795275746, -0.09578120915254409451, -0.07480314960629921850 ) ) ;
#432 = VECTOR ( 'NONE', #2724, 39.37007874015748143 ) ;
#433 = VECTOR ( 'NONE', #2551, 39.37007874015748143 ) ;
#434 = CARTESIAN_POINT ( 'NONE',  ( -0.1318897637795275746, -0.1377952755905511861, -0.1023622047244094474 ) ) ;
#435 = LINE ( 'NONE', #489, #1287 ) ;
#436 = CIRCLE ( 'NONE', #2914, 0.06050635568395137942 ) ;
#437 = EDGE_CURVE ( 'NONE', #2139, #3825, #1654, .T. ) ;
#438 = VERTEX_POINT ( 'NONE', #43 ) ;
#439 = DIRECTION ( 'NONE',  ( 1.000000000000000000, 0.0000000000000000000, 0.0000000000000000000 ) ) ;
#440 = CARTESIAN_POINT ( 'NONE',  ( 0.1318897637795275746, -0.09578120915254409451, -0.07480314960629921850 ) ) ;
#441 = AXIS2_PLACEMENT_3D ( 'NONE', #3242, #4268, #224 ) ;
#442 = PRESENTATION_LAYER_ASSIGNMENT (  '', '', ( #1079 ) ) ;
#443 = CARTESIAN_POINT ( 'NONE',  ( -0.1240157480314960647, 0.02755905511811023584, 0.1023622047244094474 ) ) ;
#444 = ADVANCED_FACE ( 'NONE', ( #2692 ), #2366, .F. ) ;
#445 = AXIS2_PLACEMENT_3D ( 'NONE', #2229, #2140, #3560 ) ;
#446 = EDGE_CURVE ( 'NONE', #269, #1063, #1365, .T. ) ;
#447 = VERTEX_POINT ( 'NONE', #3728 ) ;
#448 = VECTOR ( 'NONE', #1157, 39.37007874015748143 ) ;
#449 = LINE ( 'NONE', #472, #1356 ) ;
#450 = DIRECTION ( 'NONE',  ( 0.0000000000000000000, 0.0000000000000000000, -1.000000000000000000 ) ) ;
#451 = ORIENTED_EDGE ( 'NONE', *, *, #2518, .T. ) ;
#452 = AXIS2_PLACEMENT_3D ( 'NONE', #2848, #2911, #2209 ) ;
#453 = DIRECTION ( 'NONE',  ( 1.000000000000000000, 0.0000000000000000000, 0.0000000000000000000 ) ) ;
#454 = ORIENTED_EDGE ( 'NONE', *, *, #131, .F. ) ;
#455 = CARTESIAN_POINT ( 'NONE',  ( 0.1476377952755905387, -0.06889763779527559306, -0.07480314960629921850 ) ) ;
#456 = EDGE_CURVE ( 'NONE', #1329, #377, #1076, .T. ) ;
#457 = ORIENTED_EDGE ( 'NONE', *, *, #3512, .F. ) ;
#458 = AXIS2_PLACEMENT_3D ( 'NONE', #3846, #1190, #3532 ) ;
#459 = CARTESIAN_POINT ( 'NONE',  ( 0.1318897637795275746, -0.09578120915254409451, -0.1023622047244094474 ) ) ;
#460 = EDGE_LOOP ( 'NONE', ( #3095, #3606, #3327, #2173 ) ) ;
#461 = CIRCLE ( 'NONE', #109, 0.02362204724409448092 ) ;
#462 = DIRECTION ( 'NONE',  ( 0.0000000000000000000, 1.000000000000000000, 0.0000000000000000000 ) ) ;
#463 = LINE ( 'NONE', #2828, #672 ) ;
#464 = VECTOR ( 'NONE', #83, 39.37007874015748143 ) ;
#465 = FACE_OUTER_BOUND ( 'NONE', #1884, .T. ) ;
#466 = CARTESIAN_POINT ( 'NONE',  ( 0.1240157480314960647, 0.03543307086614173179, -0.1023622047244094474 ) ) ;
#467 = ORIENTED_EDGE ( 'NONE', *, *, #1641, .T. ) ;
#468 = CARTESIAN_POINT ( 'NONE',  ( 0.1318897637795275746, -0.1024489833240242176, 0.1139111283628084642 ) ) ;
#469 = DIRECTION ( 'NONE',  ( 0.0000000000000000000, 0.0000000000000000000, -1.000000000000000000 ) ) ;
#470 = CYLINDRICAL_SURFACE ( 'NONE', #2300, 0.02362204724409448092 ) ;
#471 = ORIENTED_EDGE ( 'NONE', *, *, #3840, .F. ) ;
#472 = CARTESIAN_POINT ( 'NONE',  ( -0.1318897637795275746, -0.1224523058384645591, 0.07480314960629921850 ) ) ;
#473 = PRODUCT_DEFINITION_CONTEXT ( 'detailed design', #2895, 'design' ) ;
#474 = LINE ( 'NONE', #1164, #1927 ) ;
#475 = PRODUCT_RELATED_PRODUCT_CATEGORY ( 'part', '', ( #242 ) ) ;
#476 = VERTEX_POINT ( 'NONE', #3998 ) ;
#477 = EDGE_CURVE ( 'NONE', #3713, #3161, #3360, .T. ) ;
#478 = DIRECTION ( 'NONE',  ( 0.0000000000000000000, 0.0000000000000000000, -1.000000000000000000 ) ) ;
#479 = ORIENTED_EDGE ( 'NONE', *, *, #3174, .T. ) ;
#480 = CARTESIAN_POINT ( 'NONE',  ( 0.1318897637795275746, -0.1377952755905511861, -0.08366141732283464971 ) ) ;
#481 = EDGE_LOOP ( 'NONE', ( #3536, #2763, #1061, #3908 ) ) ;
#482 = CARTESIAN_POINT ( 'NONE',  ( 0.1181102362204724532, 0.1377952755905511861, -0.1122047244094488277 ) ) ;
#483 = ORIENTED_EDGE ( 'NONE', *, *, #388, .T. ) ;
#484 = EDGE_CURVE ( 'NONE', #850, #2823, #20, .T. ) ;
#485 = DIRECTION ( 'NONE',  ( 0.0000000000000000000, 1.000000000000000000, 0.0000000000000000000 ) ) ;
#486 = DIRECTION ( 'NONE',  ( 0.0000000000000000000, 0.0000000000000000000, -1.000000000000000000 ) ) ;
#487 = CARTESIAN_POINT ( 'NONE',  ( -0.1122047244094488277, 0.1299212598425196763, -0.1122047244094488277 ) ) ;
#488 = EDGE_CURVE ( 'NONE', #3157, #4186, #3709, .T. ) ;
#489 = CARTESIAN_POINT ( 'NONE',  ( -0.1181102362204724532, 0.02755905511811023584, -0.07480314960629921850 ) ) ;
#490 = ORIENTED_EDGE ( 'NONE', *, *, #3848, .T. ) ;
#491 = FILL_AREA_STYLE_COLOUR ( '', #2284 ) ;
#492 = DIRECTION ( 'NONE',  ( 0.0000000000000000000, 0.0000000000000000000, -1.000000000000000000 ) ) ;
#493 = CARTESIAN_POINT ( 'NONE',  ( 0.1181102362204724532, 0.02755905511811023584, 0.1023622047244094474 ) ) ;
#494 = VERTEX_POINT ( 'NONE', #2340 ) ;
#495 = CARTESIAN_POINT ( 'NONE',  ( -0.1181102362204724532, 0.1299212598425196763, 0.04921259842519685318 ) ) ;
#496 = DIRECTION ( 'NONE',  ( 0.0000000000000000000, -1.000000000000000000, 0.0000000000000000000 ) ) ;
#497 = ORIENTED_EDGE ( 'NONE', *, *, #3927, .F. ) ;
#498 = DIRECTION ( 'NONE',  ( 0.0000000000000000000, 1.000000000000000000, 0.0000000000000000000 ) ) ;
#499 = VERTEX_POINT ( 'NONE', #1413 ) ;
#500 = ADVANCED_FACE ( 'NONE', ( #3666 ), #3755, .T. ) ;
#501 = LINE ( 'NONE', #1500, #1716 ) ;
#502 = ORIENTED_EDGE ( 'NONE', *, *, #2905, .F. ) ;
#503 = DIRECTION ( 'NONE',  ( 0.0000000000000000000, 0.0000000000000000000, -1.000000000000000000 ) ) ;
#504 = CARTESIAN_POINT ( 'NONE',  ( 0.08858267716535432601, 0.1299212598425196763, -0.1122047244094488139 ) ) ;
#505 = CARTESIAN_POINT ( 'NONE',  ( 0.1240157480314960647, -0.1224523058384645591, -0.07480314960629921850 ) ) ;
#506 = EDGE_CURVE ( 'NONE', #1028, #753, #794, .T. ) ;
#507 = DIRECTION ( 'NONE',  ( 0.0000000000000000000, 0.0000000000000000000, -1.000000000000000000 ) ) ;
#508 = EDGE_CURVE ( 'NONE', #3089, #1703, #2702, .T. ) ;
#509 = VERTEX_POINT ( 'NONE', #408 ) ;
#510 = FACE_OUTER_BOUND ( 'NONE', #4280, .T. ) ;
#511 = AXIS2_PLACEMENT_3D ( 'NONE', #599, #2694, #4019 ) ;
#512 = AXIS2_PLACEMENT_3D ( 'NONE', #2943, #1629, #3255 ) ;
#513 = FACE_OUTER_BOUND ( 'NONE', #3966, .T. ) ;
#514 = ORIENTED_EDGE ( 'NONE', *, *, #615, .T. ) ;
#515 = DIRECTION ( 'NONE',  ( 0.0000000000000000000, 0.0000000000000000000, 1.000000000000000000 ) ) ;
#516 = AXIS2_PLACEMENT_3D ( 'NONE', #3589, #1907, #2583 ) ;
#517 = VECTOR ( 'NONE', #3020, 39.37007874015748854 ) ;
#518 = LINE ( 'NONE', #3614, #1569 ) ;
#519 = VERTEX_POINT ( 'NONE', #82 ) ;
#520 = VECTOR ( 'NONE', #2764, 39.37007874015748143 ) ;
#521 = CARTESIAN_POINT ( 'NONE',  ( -0.1555118110236220208, -0.06889763779527559306, 0.1023622047244094474 ) ) ;
#522 = AXIS2_PLACEMENT_3D ( 'NONE', #1766, #2746, #4069 ) ;
#523 = ORIENTED_EDGE ( 'NONE', *, *, #1263, .F. ) ;
#524 = DIRECTION ( 'NONE',  ( 0.0000000000000000000, 1.000000000000000000, 0.0000000000000000000 ) ) ;
#525 = CIRCLE ( 'NONE', #3544, 0.02362204724409448092 ) ;
#526 = ORIENTED_EDGE ( 'NONE', *, *, #3111, .T. ) ;
#527 = DIRECTION ( 'NONE',  ( 0.0000000000000000000, 0.0000000000000000000, 1.000000000000000000 ) ) ;
#528 = CARTESIAN_POINT ( 'NONE',  ( -0.1181102362204724532, 0.03543307086614173179, 0.1023622047244094474 ) ) ;
#529 = VECTOR ( 'NONE', #3909, 39.37007874015748143 ) ;
#530 = VECTOR ( 'NONE', #1840, 39.37007874015748143 ) ;
#531 = EDGE_CURVE ( 'NONE', #729, #1211, #2771, .T. ) ;
#532 = EDGE_CURVE ( 'NONE', #59, #1819, #3853, .T. ) ;
#533 = LINE ( 'NONE', #792, #2211 ) ;
#534 = VECTOR ( 'NONE', #788, 39.37007874015748143 ) ;
#535 = EDGE_LOOP ( 'NONE', ( #3528, #3017 ) ) ;
#536 = DIRECTION ( 'NONE',  ( 2.454115839351809943E-16, -1.000000000000000000, 0.0000000000000000000 ) ) ;
#537 = CIRCLE ( 'NONE', #45, 0.02362204724409448092 ) ;
#538 = ADVANCED_FACE ( 'NONE', ( #1123 ), #4155, .T. ) ;
#539 = LINE ( 'NONE', #4191, #249 ) ;
#540 = ORIENTED_EDGE ( 'NONE', *, *, #3720, .T. ) ;
#541 = CARTESIAN_POINT ( 'NONE',  ( 0.1240157480314960647, -0.1377952755905511861, -0.08366141732283464971 ) ) ;
#542 = DIRECTION ( 'NONE',  ( 0.0000000000000000000, 0.0000000000000000000, 1.000000000000000000 ) ) ;
#543 = ORIENTED_EDGE ( 'NONE', *, *, #3997, .F. ) ;
#544 = DIRECTION ( 'NONE',  ( -0.7071067811865480168, -0.7071067811865470176, 0.0000000000000000000 ) ) ;
#545 = EDGE_LOOP ( 'NONE', ( #2201, #3050, #2376, #4255 ) ) ;
#546 = APPLICATION_PROTOCOL_DEFINITION ( 'draft international standard', 'automotive_design', 1998, #1982 ) ;
#547 = DIRECTION ( 'NONE',  ( 0.7071067811865469066, -0.7071067811865479058, 0.0000000000000000000 ) ) ;
#548 = VERTEX_POINT ( 'NONE', #1483 ) ;
#549 = DIRECTION ( 'NONE',  ( 0.0000000000000000000, 0.0000000000000000000, -1.000000000000000000 ) ) ;
#550 =( LENGTH_UNIT ( ) NAMED_UNIT ( * ) SI_UNIT ( $, .METRE. ) );
#551 = DIRECTION ( 'NONE',  ( 1.000000000000000000, 0.0000000000000000000, 0.0000000000000000000 ) ) ;
#552 = CARTESIAN_POINT ( 'NONE',  ( -0.1476377952755905387, -0.06889763779527559306, 0.07480314960629921850 ) ) ;
#553 = VERTEX_POINT ( 'NONE', #3776 ) ;
#554 = EDGE_CURVE ( 'NONE', #2967, #447, #430, .T. ) ;
#555 = PLANE ( 'NONE',  #3114 ) ;
#556 = CARTESIAN_POINT ( 'NONE',  ( 0.1181102362204724532, 0.03543307086614173179, -0.1023622047244094474 ) ) ;
#557 = EDGE_LOOP ( 'NONE', ( #108, #1972, #2789, #4091 ) ) ;
#558 = CARTESIAN_POINT ( 'NONE',  ( -0.1181102362204724532, 0.1377952755905511861, 0.1122047244094488277 ) ) ;
#559 = ADVANCED_FACE ( 'NONE', ( #3798 ), #2784, .T. ) ;
#560 = DIRECTION ( 'NONE',  ( -4.063888932435259910E-16, -1.000000000000000000, 0.0000000000000000000 ) ) ;
#561 = ORIENTED_EDGE ( 'NONE', *, *, #3274, .T. ) ;
#562 = CARTESIAN_POINT ( 'NONE',  ( -0.1318897637795275746, 0.02755905511811023584, -0.07480314960629921850 ) ) ;
#563 = PRESENTATION_STYLE_ASSIGNMENT (( #2249 ) ) ;
#564 = EDGE_LOOP ( 'NONE', ( #4059, #2898, #725, #540 ) ) ;
#565 = CARTESIAN_POINT ( 'NONE',  ( 0.0000000000000000000, 0.0000000000000000000, -0.04921259842519685318 ) ) ;
#566 = CARTESIAN_POINT ( 'NONE',  ( -0.1240157480314960647, 0.02755905511811023584, 0.1023622047244094474 ) ) ;
#567 = CARTESIAN_POINT ( 'NONE',  ( -0.1318897637795275746, -0.04201406643800709162, 0.07480314960629921850 ) ) ;
#568 = LINE ( 'NONE', #303, #3534 ) ;
#569 = ORIENTED_EDGE ( 'NONE', *, *, #554, .T. ) ;
#570 = VERTEX_POINT ( 'NONE', #2502 ) ;
#571 = CARTESIAN_POINT ( 'NONE',  ( -0.1240157480314960647, -0.09578120915254409451, -0.1023622047244094474 ) ) ;
#572 = ADVANCED_FACE ( 'NONE', ( #3172 ), #1781, .T. ) ;
#573 = CARTESIAN_POINT ( 'NONE',  ( 0.08858267716535432601, 0.1299212598425196763, -0.1122047244094488139 ) ) ;
#574 = ORIENTED_EDGE ( 'NONE', *, *, #2995, .F. ) ;
#575 = CARTESIAN_POINT ( 'NONE',  ( -0.1263219938489248129, -0.04758183636860983945, 0.07480314960629921850 ) ) ;
#576 = CARTESIAN_POINT ( 'NONE',  ( -0.1122047244094488277, 0.0000000000000000000, 0.1181102362204724532 ) ) ;
#577 = AXIS2_PLACEMENT_3D ( 'NONE', #3901, #160, #890 ) ;
#578 = VERTEX_POINT ( 'NONE', #504 ) ;
#579 = ADVANCED_FACE ( 'NONE', ( #112 ), #1758, .F. ) ;
#580 = ADVANCED_FACE ( 'NONE', ( #2455 ), #4202, .T. ) ;
#581 = DIRECTION ( 'NONE',  ( 0.0000000000000000000, 0.0000000000000000000, -1.000000000000000000 ) ) ;
#582 =( NAMED_UNIT ( * ) SI_UNIT ( $, .STERADIAN. ) SOLID_ANGLE_UNIT ( ) );
#583 = AXIS2_PLACEMENT_3D ( 'NONE', #3651, #1692, #3961 ) ;
#584 = VECTOR ( 'NONE', #1328, 39.37007874015748854 ) ;
#585 = ORIENTED_EDGE ( 'NONE', *, *, #1507, .T. ) ;
#586 = AXIS2_PLACEMENT_3D ( 'NONE', #2244, #210, #252 ) ;
#587 = AXIS2_PLACEMENT_3D ( 'NONE', #1821, #4124, #1799 ) ;
#588 = EDGE_CURVE ( 'NONE', #3181, #1733, #3476, .T. ) ;
#589 = CARTESIAN_POINT ( 'NONE',  ( -0.1181102362204724532, 0.02755905511811023584, -0.07480314960629921850 ) ) ;
#590 = CARTESIAN_POINT ( 'NONE',  ( 0.1240157480314960647, -0.1377952755905511861, -0.1023622047244094474 ) ) ;
#591 = CARTESIAN_POINT ( 'NONE',  ( -0.1555118110236220763, -0.1377952755905511861, 0.08366141732283464971 ) ) ;
#592 = CIRCLE ( 'NONE', #169, 0.02362204724409448092 ) ;
#593 = CARTESIAN_POINT ( 'NONE',  ( 0.08858267716535432601, 0.1377952755905511861, 0.08858267716535432601 ) ) ;
#594 = AXIS2_PLACEMENT_3D ( 'NONE', #3445, #1391, #4061 ) ;
#595 = CARTESIAN_POINT ( 'NONE',  ( -0.1240157480314960647, -0.09578120915254409451, 0.1023622047244094474 ) ) ;
#596 = ORIENTED_EDGE ( 'NONE', *, *, #2989, .F. ) ;
#597 = AXIS2_PLACEMENT_3D ( 'NONE', #318, #2024, #2994 ) ;
#598 = VERTEX_POINT ( 'NONE', #1528 ) ;
#599 = CARTESIAN_POINT ( 'NONE',  ( 0.1476377952755905387, -0.06889763779527559306, 0.07480314960629921850 ) ) ;
#600 = ORIENTED_EDGE ( 'NONE', *, *, #837, .F. ) ;
#601 = VECTOR ( 'NONE', #1660, 39.37007874015748143 ) ;
#602 = DIRECTION ( 'NONE',  ( 0.0000000000000000000, 0.0000000000000000000, -1.000000000000000000 ) ) ;
#603 = ORIENTED_EDGE ( 'NONE', *, *, #1453, .F. ) ;
#604 = DIRECTION ( 'NONE',  ( -0.7071067811865469066, -0.7071067811865479058, 0.0000000000000000000 ) ) ;
#605 = CARTESIAN_POINT ( 'NONE',  ( 0.1263219938489248129, -0.09021343922194134668, 0.1023622047244094474 ) ) ;
#606 = AXIS2_PLACEMENT_3D ( 'NONE', #2985, #3729, #1600 ) ;
#607 = ORIENTED_EDGE ( 'NONE', *, *, #4012, .T. ) ;
#608 = FACE_OUTER_BOUND ( 'NONE', #4119, .T. ) ;
#609 = CIRCLE ( 'NONE', #1810, 0.007874015748031499423 ) ;
#610 = ORIENTED_EDGE ( 'NONE', *, *, #2170, .F. ) ;
#611 = CARTESIAN_POINT ( 'NONE',  ( 0.1181102362204724532, 0.1299212598425196763, -0.1122047244094488277 ) ) ;
#612 = CARTESIAN_POINT ( 'NONE',  ( 0.1318897637795275746, -0.04201406643800709162, -0.1023622047244094474 ) ) ;
#613 = DIRECTION ( 'NONE',  ( -1.000000000000000000, 0.0000000000000000000, 0.0000000000000000000 ) ) ;
#614 = MANIFOLD_SOLID_BREP ( 'Imported2', #2060 ) ;
#615 = EDGE_CURVE ( 'NONE', #951, #77, #3891, .T. ) ;
#616 = FACE_OUTER_BOUND ( 'NONE', #1804, .T. ) ;
#617 = VERTEX_POINT ( 'NONE', #135 ) ;
#618 = EDGE_CURVE ( 'NONE', #2393, #476, #2233, .T. ) ;
#619 = ORIENTED_EDGE ( 'NONE', *, *, #3672, .F. ) ;
#620 = DIRECTION ( 'NONE',  ( 3.519431053647356462E-16, 0.8660254037844389297, -0.4999999999999994449 ) ) ;
#621 = ORIENTED_EDGE ( 'NONE', *, *, #3720, .F. ) ;
#622 = FACE_OUTER_BOUND ( 'NONE', #2081, .T. ) ;
#623 = ORIENTED_EDGE ( 'NONE', *, *, #3672, .T. ) ;
#624 = CARTESIAN_POINT ( 'NONE',  ( -0.08858267716535432601, 0.1299212598425196763, -0.1122047244094488139 ) ) ;
#625 = ORIENTED_EDGE ( 'NONE', *, *, #1216, .F. ) ;
#626 = CARTESIAN_POINT ( 'NONE',  ( -0.1318897637795275746, 0.02755905511811023584, 0.1023622047244094474 ) ) ;
#627 = ORIENTED_EDGE ( 'NONE', *, *, #2191, .F. ) ;
#628 = LINE ( 'NONE', #1607, #1014 ) ;
#629 = LINE ( 'NONE', #982, #2642 ) ;
#630 = DIRECTION ( 'NONE',  ( 0.0000000000000000000, 0.0000000000000000000, -1.000000000000000000 ) ) ;
#631 = EDGE_CURVE ( 'NONE', #4196, #2720, #2978, .T. ) ;
#632 = LINE ( 'NONE', #3314, #803 ) ;
#633 = CARTESIAN_POINT ( 'NONE',  ( 0.1476377952755905387, -0.06889763779527559306, -0.1023622047244094474 ) ) ;
#634 = EDGE_CURVE ( 'NONE', #3762, #1017, #1626, .T. ) ;
#635 = ORIENTED_EDGE ( 'NONE', *, *, #1298, .T. ) ;
#636 = EDGE_LOOP ( 'NONE', ( #1389, #2718, #3464, #4075 ) ) ;
#637 = MANIFOLD_SOLID_BREP ( 'Imported3', #1776 ) ;
#638 = DIRECTION ( 'NONE',  ( 0.0000000000000000000, 0.0000000000000000000, 1.000000000000000000 ) ) ;
#639 = ORIENTED_EDGE ( 'NONE', *, *, #208, .F. ) ;
#640 = ADVANCED_FACE ( 'NONE', ( #2956 ), #2938, .T. ) ;
#641 = CARTESIAN_POINT ( 'NONE',  ( -0.1181102362204724532, 0.0000000000000000000, -0.1181102362204724532 ) ) ;
#642 = EDGE_LOOP ( 'NONE', ( #4284, #3863, #3244, #4263, #2728, #2239 ) ) ;
#643 = CARTESIAN_POINT ( 'NONE',  ( 0.1476377952755905387, -0.06889763779527559306, -0.1023622047244094474 ) ) ;
#644 = DIRECTION ( 'NONE',  ( 0.0000000000000000000, 0.0000000000000000000, 1.000000000000000000 ) ) ;
#645 = DIMENSIONAL_EXPONENTS ( 1.000000000000000000, 0.0000000000000000000, 0.0000000000000000000, 0.0000000000000000000, 0.0000000000000000000, 0.0000000000000000000, 0.0000000000000000000 ) ;
#646 = ORIENTED_EDGE ( 'NONE', *, *, #2237, .T. ) ;
#647 = DIRECTION ( 'NONE',  ( 0.0000000000000000000, 0.0000000000000000000, -1.000000000000000000 ) ) ;
#648 = CIRCLE ( 'NONE', #96, 0.02362204724409448092 ) ;
#649 = VERTEX_POINT ( 'NONE', #2593 ) ;
#650 = VECTOR ( 'NONE', #3087, 39.37007874015748143 ) ;
#651 = CARTESIAN_POINT ( 'NONE',  ( 0.1181102362204724532, 0.1299212598425196763, -0.1122047244094488277 ) ) ;
#652 = PLANE ( 'NONE',  #4094 ) ;
#653 = DIRECTION ( 'NONE',  ( 0.0000000000000000000, 0.0000000000000000000, -1.000000000000000000 ) ) ;
#654 = FACE_BOUND ( 'NONE', #535, .T. ) ;
#655 = VECTOR ( 'NONE', #1745, 39.37007874015748143 ) ;
#656 = AXIS2_PLACEMENT_3D ( 'NONE', #612, #1960, #3295 ) ;
#657 = DIRECTION ( 'NONE',  ( 0.0000000000000000000, -1.000000000000000000, 0.0000000000000000000 ) ) ;
#658 = MECHANICAL_DESIGN_GEOMETRIC_PRESENTATION_REPRESENTATION (  '', ( #3542 ), #239 ) ;
#659 = ORIENTED_EDGE ( 'NONE', *, *, #4309, .F. ) ;
#660 = FACE_OUTER_BOUND ( 'NONE', #3370, .T. ) ;
#661 = CIRCLE ( 'NONE', #4031, 0.003937007874015749712 ) ;
#662 = EDGE_CURVE ( 'NONE', #2892, #4229, #2567, .T. ) ;
#663 = ORIENTED_EDGE ( 'NONE', *, *, #1822, .F. ) ;
#664 = EDGE_LOOP ( 'NONE', ( #731, #3093, #1351, #2962 ) ) ;
#665 = VECTOR ( 'NONE', #2091, 39.37007874015748143 ) ;
#666 = VERTEX_POINT ( 'NONE', #2252 ) ;
#667 = FACE_OUTER_BOUND ( 'NONE', #557, .T. ) ;
#668 = ADVANCED_FACE ( 'NONE', ( #1938 ), #1278, .F. ) ;
#669 = ORIENTED_EDGE ( 'NONE', *, *, #266, .F. ) ;
#670 = VECTOR ( 'NONE', #3658, 39.37007874015748854 ) ;
#671 = DIRECTION ( 'NONE',  ( -0.7071067811865479058, -0.7071067811865469066, 0.0000000000000000000 ) ) ;
#672 = VECTOR ( 'NONE', #4156, 39.37007874015748143 ) ;
#673 = ORIENTED_EDGE ( 'NONE', *, *, #832, .T. ) ;
#674 = LINE ( 'NONE', #2027, #4183 ) ;
#675 = DIRECTION ( 'NONE',  ( 0.0000000000000000000, 0.0000000000000000000, 1.000000000000000000 ) ) ;
#676 = CARTESIAN_POINT ( 'NONE',  ( 0.1181102362204724532, 0.02755905511811023584, 0.07480314960629921850 ) ) ;
#677 = DIRECTION ( 'NONE',  ( 0.0000000000000000000, 0.0000000000000000000, -1.000000000000000000 ) ) ;
#678 = DIRECTION ( 'NONE',  ( -3.519431053647356462E-16, 0.8660254037844389297, -0.4999999999999994449 ) ) ;
#679 = DIRECTION ( 'NONE',  ( 0.7071067811865469066, -0.7071067811865479058, 0.0000000000000000000 ) ) ;
#680 = ORIENTED_EDGE ( 'NONE', *, *, #1337, .T. ) ;
#681 = PLANE ( 'NONE',  #2632 ) ;
#682 = EDGE_CURVE ( 'NONE', #2309, #1039, #2852, .T. ) ;
#683 = ORIENTED_EDGE ( 'NONE', *, *, #2132, .F. ) ;
#684 = LINE ( 'NONE', #2019, #4169 ) ;
#685 = DIRECTION ( 'NONE',  ( 0.0000000000000000000, -1.000000000000000000, 0.0000000000000000000 ) ) ;
#686 = ORIENTED_EDGE ( 'NONE', *, *, #3523, .F. ) ;
#687 = CARTESIAN_POINT ( 'NONE',  ( 0.08858267716535432601, 0.1496062992125984370, 0.06496062992125983815 ) ) ;
#688 = ADVANCED_FACE ( 'NONE', ( #279 ), #3706, .T. ) ;
#689 = ORIENTED_EDGE ( 'NONE', *, *, #881, .F. ) ;
#690 = VERTEX_POINT ( 'NONE', #2046 ) ;
#691 = DIRECTION ( 'NONE',  ( 0.0000000000000000000, 0.0000000000000000000, -1.000000000000000000 ) ) ;
#692 = PLANE ( 'NONE',  #3674 ) ;
#693 = FACE_OUTER_BOUND ( 'NONE', #1019, .T. ) ;
#694 = ADVANCED_FACE ( 'NONE', ( #1340 ), #3686, .F. ) ;
#695 = CARTESIAN_POINT ( 'NONE',  ( -0.1240157480314960647, 0.02755905511811023584, 0.07480314960629921850 ) ) ;
#696 = CARTESIAN_POINT ( 'NONE',  ( -0.1555118110236219930, -0.06889763779527559306, 0.1023622047244094474 ) ) ;
#697 = CARTESIAN_POINT ( 'NONE',  ( 0.1532055652061933004, -0.06332986786467284523, -0.1023622047244094474 ) ) ;
#698 = ORIENTED_EDGE ( 'NONE', *, *, #3565, .T. ) ;
#699 = ORIENTED_EDGE ( 'NONE', *, *, #2206, .F. ) ;
#700 = LINE ( 'NONE', #274, #4028 ) ;
#701 = ORIENTED_EDGE ( 'NONE', *, *, #1451, .T. ) ;
#702 = EDGE_CURVE ( 'NONE', #710, #2892, #3818, .T. ) ;
#703 = SURFACE_STYLE_USAGE ( .BOTH. , #4071 ) ;
#704 = ORIENTED_EDGE ( 'NONE', *, *, #3997, .T. ) ;
#705 = ADVANCED_FACE ( 'NONE', ( #2382 ), #2005, .T. ) ;
#706 = EDGE_LOOP ( 'NONE', ( #673, #1162, #490, #2729 ) ) ;
#707 = EDGE_CURVE ( 'NONE', #3216, #351, #2028, .T. ) ;
#708 = DIRECTION ( 'NONE',  ( 0.0000000000000000000, 0.0000000000000000000, 1.000000000000000000 ) ) ;
#709 = DIRECTION ( 'NONE',  ( -0.7071067811865470176, 0.7071067811865480168, 0.0000000000000000000 ) ) ;
#710 = VERTEX_POINT ( 'NONE', #3339 ) ;
#711 = CARTESIAN_POINT ( 'NONE',  ( 0.0000000000000000000, 0.1299212598425196763, 0.0000000000000000000 ) ) ;
#712 = VECTOR ( 'NONE', #2102, 39.37007874015748143 ) ;
#713 = ORIENTED_EDGE ( 'NONE', *, *, #909, .F. ) ;
#714 = CARTESIAN_POINT ( 'NONE',  ( 0.08858267716535432601, 0.1299212598425196763, 0.08858267716535432601 ) ) ;
#715 = AXIS2_PLACEMENT_3D ( 'NONE', #2577, #2600, #2199 ) ;
#716 = ADVANCED_FACE ( 'NONE', ( #3357 ), #3034, .T. ) ;
#717 = CARTESIAN_POINT ( 'NONE',  ( 0.1318897637795275746, -0.09578120915254409451, -0.07480314960629921850 ) ) ;
#718 = CARTESIAN_POINT ( 'NONE',  ( 0.1181102362204724532, 0.1299212598425196763, -0.1181102362204724532 ) ) ;
#719 = VECTOR ( 'NONE', #604, 39.37007874015748854 ) ;
#720 =( GEOMETRIC_REPRESENTATION_CONTEXT ( 3 ) GLOBAL_UNCERTAINTY_ASSIGNED_CONTEXT ( ( #777 ) ) GLOBAL_UNIT_ASSIGNED_CONTEXT ( ( #1608, #2894, #965 ) ) REPRESENTATION_CONTEXT ( 'NONE', 'WORKASPACE' ) );
#721 = DIRECTION ( 'NONE',  ( 0.0000000000000000000, 0.0000000000000000000, -1.000000000000000000 ) ) ;
#722 = AXIS2_PLACEMENT_3D ( 'NONE', #141, #1490, #2834 ) ;
#723 = EDGE_LOOP ( 'NONE', ( #1058, #4050, #625, #4003 ) ) ;
#724 = AXIS2_PLACEMENT_3D ( 'NONE', #732, #3094, #146 ) ;
#725 = ORIENTED_EDGE ( 'NONE', *, *, #229, .F. ) ;
#726 = LINE ( 'NONE', #27, #3537 ) ;
#727 = VECTOR ( 'NONE', #1146, 39.37007874015748854 ) ;
#728 = DIRECTION ( 'NONE',  ( 0.0000000000000000000, 0.0000000000000000000, 1.000000000000000000 ) ) ;
#729 = VERTEX_POINT ( 'NONE', #3994 ) ;
#730 = AXIS2_PLACEMENT_3D ( 'NONE', #4076, #3466, #757 ) ;
#731 = ORIENTED_EDGE ( 'NONE', *, *, #2078, .F. ) ;
#732 = CARTESIAN_POINT ( 'NONE',  ( -0.1318897637795275746, -0.04201406643800709162, -0.1023622047244094474 ) ) ;
#733 = VECTOR ( 'NONE', #647, 39.37007874015748143 ) ;
#734 = VERTEX_POINT ( 'NONE', #3312 ) ;
#735 = DIRECTION ( 'NONE',  ( 0.0000000000000000000, -1.000000000000000000, 0.0000000000000000000 ) ) ;
#736 = EDGE_LOOP ( 'NONE', ( #1309, #3959, #1037, #1410 ) ) ;
#737 = DIRECTION ( 'NONE',  ( 0.0000000000000000000, 0.0000000000000000000, -1.000000000000000000 ) ) ;
#738 = VECTOR ( 'NONE', #341, 39.37007874015748143 ) ;
#739 = VERTEX_POINT ( 'NONE', #379 ) ;
#740 = CARTESIAN_POINT ( 'NONE',  ( 0.1263219938489248129, -0.04758183636860983945, -0.07480314960629921850 ) ) ;
#741 = VECTOR ( 'NONE', #3662, 39.37007874015748143 ) ;
#742 = SURFACE_SIDE_STYLE ('',( #407 ) ) ;
#743 = DIRECTION ( 'NONE',  ( -0.7071067811865469066, -0.7071067811865479058, 0.0000000000000000000 ) ) ;
#744 = CARTESIAN_POINT ( 'NONE',  ( -0.1263219938489248129, -0.04758183636860983945, 0.07480314960629921850 ) ) ;
#745 = PRODUCT_DEFINITION_FORMATION_WITH_SPECIFIED_SOURCE ( 'ANY', '', #242, .NOT_KNOWN. ) ;
#746 = ADVANCED_FACE ( 'NONE', ( #11 ), #692, .T. ) ;
#747 = FACE_OUTER_BOUND ( 'NONE', #321, .T. ) ;
#748 = CARTESIAN_POINT ( 'NONE',  ( -0.1240157480314960647, 0.03543307086614173179, -0.1023622047244094474 ) ) ;
#749 = ORIENTED_EDGE ( 'NONE', *, *, #1035, .T. ) ;
#750 = CARTESIAN_POINT ( 'NONE',  ( -0.1122047244094488277, 0.0000000000000000000, -0.1122047244094488277 ) ) ;
#751 = LINE ( 'NONE', #1060, #1918 ) ;
#752 = LINE ( 'NONE', #1421, #3902 ) ;
#753 = VERTEX_POINT ( 'NONE', #2336 ) ;
#754 = FACE_OUTER_BOUND ( 'NONE', #2190, .T. ) ;
#755 = CARTESIAN_POINT ( 'NONE',  ( -0.1181102362204724532, 0.03543307086614173179, -0.1023622047244094474 ) ) ;
#756 = ORIENTED_EDGE ( 'NONE', *, *, #4130, .T. ) ;
#757 = DIRECTION ( 'NONE',  ( 0.0000000000000000000, 0.0000000000000000000, -1.000000000000000000 ) ) ;
#758 = ORIENTED_EDGE ( 'NONE', *, *, #3239, .T. ) ;
#759 = CARTESIAN_POINT ( 'NONE',  ( -0.1181102362204724532, 0.1299212598425196763, 0.1181102362204724532 ) ) ;
#760 = ORIENTED_EDGE ( 'NONE', *, *, #3405, .F. ) ;
#761 = DIRECTION ( 'NONE',  ( 0.7071067811865470176, 0.7071067811865480168, 0.0000000000000000000 ) ) ;
#762 = EDGE_LOOP ( 'NONE', ( #3945, #3398, #3349, #2396 ) ) ;
#763 = ADVANCED_FACE ( 'NONE', ( #1979 ), #4010, .F. ) ;
#764 = FACE_OUTER_BOUND ( 'NONE', #3029, .T. ) ;
#765 = DIRECTION ( 'NONE',  ( 1.000000000000000000, 0.0000000000000000000, 0.0000000000000000000 ) ) ;
#766 = DIRECTION ( 'NONE',  ( 0.0000000000000000000, -1.000000000000000000, 0.0000000000000000000 ) ) ;
#767 = LINE ( 'NONE', #4116, #297 ) ;
#768 = EDGE_CURVE ( 'NONE', #3081, #2605, #629, .T. ) ;
#769 = DIRECTION ( 'NONE',  ( -0.0000000000000000000, 1.000000000000000000, 0.0000000000000000000 ) ) ;
#770 = VERTEX_POINT ( 'NONE', #2318 ) ;
#771 = DIRECTION ( 'NONE',  ( -0.0000000000000000000, 0.4999999999999995004, 0.8660254037844390407 ) ) ;
#772 = DIRECTION ( 'NONE',  ( 0.0000000000000000000, 0.0000000000000000000, -1.000000000000000000 ) ) ;
#773 = ADVANCED_FACE ( 'NONE', ( #3661 ), #652, .T. ) ;
#774 = DIRECTION ( 'NONE',  ( 0.0000000000000000000, 1.000000000000000000, 0.0000000000000000000 ) ) ;
#775 = ORIENTED_EDGE ( 'NONE', *, *, #4104, .F. ) ;
#776 = SURFACE_STYLE_USAGE ( .BOTH. , #3435 ) ;
#777 = UNCERTAINTY_MEASURE_WITH_UNIT (LENGTH_MEASURE( 1.000000000000000082E-05 ), #1608, 'distance_accuracy_value', 'NONE');
#778 = FACE_OUTER_BOUND ( 'NONE', #2058, .T. ) ;
#779 = VERTEX_POINT ( 'NONE', #1670 ) ;
#780 = FACE_OUTER_BOUND ( 'NONE', #736, .T. ) ;
#781 = ORIENTED_EDGE ( 'NONE', *, *, #3433, .T. ) ;
#782 = DIRECTION ( 'NONE',  ( 0.0000000000000000000, -1.000000000000000000, 0.0000000000000000000 ) ) ;
#783 = ORIENTED_EDGE ( 'NONE', *, *, #3752, .T. ) ;
#784 = DIRECTION ( 'NONE',  ( 0.0000000000000000000, 0.0000000000000000000, 1.000000000000000000 ) ) ;
#785 = ORIENTED_EDGE ( 'NONE', *, *, #2595, .F. ) ;
#786 = LINE ( 'NONE', #4083, #810 ) ;
#787 = DIRECTION ( 'NONE',  ( -0.7071067811865469066, 0.7071067811865479058, 0.0000000000000000000 ) ) ;
#788 = DIRECTION ( 'NONE',  ( 0.0000000000000000000, -1.000000000000000000, 0.0000000000000000000 ) ) ;
#789 = CIRCLE ( 'NONE', #522, 0.07283464566929134798 ) ;
#790 = CLOSED_SHELL ( 'NONE', ( #4072, #853, #2933, #1565, #1737, #572, #773, #3428, #1690, #1128, #3777, #4159, #887, #1417, #2827, #1429, #763, #1193, #2909, #2195, #937 ) ) ;
#791 = CARTESIAN_POINT ( 'NONE',  ( -0.1122047244094488277, 0.1299212598425196763, 0.1181102362204724532 ) ) ;
#792 = CARTESIAN_POINT ( 'NONE',  ( -0.1555118110236220763, 0.003937007874015747977, 0.04921259842519685318 ) ) ;
#793 = CIRCLE ( 'NONE', #933, 0.007874015748031499423 ) ;
#794 = CIRCLE ( 'NONE', #232, 0.02362204724409448092 ) ;
#795 = EDGE_LOOP ( 'NONE', ( #1155, #65 ) ) ;
#796 = EDGE_CURVE ( 'NONE', #831, #2954, #2361, .T. ) ;
#797 = LINE ( 'NONE', #3136, #4237 ) ;
#798 = EDGE_CURVE ( 'NONE', #951, #548, #3057, .T. ) ;
#799 = LINE ( 'NONE', #2154, #2565 ) ;
#800 = AXIS2_PLACEMENT_3D ( 'NONE', #340, #1386, #1031 ) ;
#801 = DIRECTION ( 'NONE',  ( 0.0000000000000000000, 1.000000000000000000, 0.0000000000000000000 ) ) ;
#802 = DIRECTION ( 'NONE',  ( 0.0000000000000000000, 0.0000000000000000000, -1.000000000000000000 ) ) ;
#803 = VECTOR ( 'NONE', #3002, 39.37007874015748854 ) ;
#804 = ORIENTED_EDGE ( 'NONE', *, *, #1742, .T. ) ;
#805 = AXIS2_PLACEMENT_3D ( 'NONE', #3226, #1378, #3290 ) ;
#806 = LINE ( 'NONE', #419, #4017 ) ;
#807 = ADVANCED_FACE ( 'NONE', ( #2709 ), #1407, .F. ) ;
#808 = CARTESIAN_POINT ( 'NONE',  ( -0.1318897637795275746, -0.1377952755905511861, 0.1023622047244094474 ) ) ;
#809 = EDGE_LOOP ( 'NONE', ( #2878, #689 ) ) ;
#810 = VECTOR ( 'NONE', #4154, 39.37007874015748143 ) ;
#811 = LINE ( 'NONE', #1910, #2080 ) ;
#812 = ORIENTED_EDGE ( 'NONE', *, *, #3423, .F. ) ;
#813 = DIRECTION ( 'NONE',  ( 1.000000000000000000, -4.063888932435259910E-16, 0.0000000000000000000 ) ) ;
#814 = ORIENTED_EDGE ( 'NONE', *, *, #2547, .F. ) ;
#815 = CIRCLE ( 'NONE', #597, 0.02362204724409448092 ) ;
#816 = CARTESIAN_POINT ( 'NONE',  ( 0.08858267716535432601, 0.1299212598425196763, -0.08858267716535432601 ) ) ;
#817 = EDGE_LOOP ( 'NONE', ( #451, #3552, #4262, #1331 ) ) ;
#818 =( NAMED_UNIT ( * ) PLANE_ANGLE_UNIT ( ) SI_UNIT ( $, .RADIAN. ) );
#819 = DIRECTION ( 'NONE',  ( -1.000000000000000000, 0.0000000000000000000, 0.0000000000000000000 ) ) ;
#820 = CARTESIAN_POINT ( 'NONE',  ( -0.1181102362204724532, 0.1299212598425196763, -0.04921259842519685318 ) ) ;
#821 = VECTOR ( 'NONE', #3854, 39.37007874015748143 ) ;
#822 = FACE_BOUND ( 'NONE', #1637, .T. ) ;
#823 = ORIENTED_EDGE ( 'NONE', *, *, #207, .F. ) ;
#824 = CARTESIAN_POINT ( 'NONE',  ( -0.1476377952755905387, -0.06889763779527559306, 0.1023622047244094474 ) ) ;
#825 = LINE ( 'NONE', #4247, #3807 ) ;
#826 = ADVANCED_FACE ( 'NONE', ( #2753 ), #3395, .F. ) ;
#827 = CARTESIAN_POINT ( 'NONE',  ( 0.1318897637795275746, -0.04201406643800709162, 0.1023622047244094474 ) ) ;
#828 = ORIENTED_EDGE ( 'NONE', *, *, #2478, .F. ) ;
#829 = DIRECTION ( 'NONE',  ( 1.000000000000000000, 0.0000000000000000000, 0.0000000000000000000 ) ) ;
#830 = CARTESIAN_POINT ( 'NONE',  ( 0.1181102362204724532, -0.003937007874015747977, -0.04921259842519685318 ) ) ;
#831 = VERTEX_POINT ( 'NONE', #2155 ) ;
#832 = EDGE_CURVE ( 'NONE', #2139, #38, #2485, .T. ) ;
#833 = DIRECTION ( 'NONE',  ( 0.0000000000000000000, 0.0000000000000000000, 1.000000000000000000 ) ) ;
#834 = ORIENTED_EDGE ( 'NONE', *, *, #2611, .T. ) ;
#835 = DIRECTION ( 'NONE',  ( 0.0000000000000000000, 0.0000000000000000000, 1.000000000000000000 ) ) ;
#836 = ORIENTED_EDGE ( 'NONE', *, *, #3461, .T. ) ;
#837 = EDGE_CURVE ( 'NONE', #494, #1762, #474, .T. ) ;
#838 = CARTESIAN_POINT ( 'NONE',  ( -0.1263219938489248129, -0.09021343922194134668, 0.07480314960629921850 ) ) ;
#839 = CARTESIAN_POINT ( 'NONE',  ( -0.1181102362204724532, 0.0000000000000000000, -0.1181102362204724532 ) ) ;
#840 = CARTESIAN_POINT ( 'NONE',  ( 0.1532055652061933004, -0.07446540772587834089, 0.07480314960629921850 ) ) ;
#841 = CARTESIAN_POINT ( 'NONE',  ( 0.0000000000000000000, 0.1299212598425196763, 0.0000000000000000000 ) ) ;
#842 = ORIENTED_EDGE ( 'NONE', *, *, #1966, .T. ) ;
#843 = DIRECTION ( 'NONE',  ( 0.0000000000000000000, -1.000000000000000000, 0.0000000000000000000 ) ) ;
#844 = LINE ( 'NONE', #2260, #2976 ) ;
#845 = VERTEX_POINT ( 'NONE', #2465 ) ;
#846 = DIRECTION ( 'NONE',  ( -2.454115839351809943E-16, -1.000000000000000000, 0.0000000000000000000 ) ) ;
#847 = CARTESIAN_POINT ( 'NONE',  ( -0.1263219938489248129, -0.04758183636860983945, 0.1023622047244094474 ) ) ;
#848 = ORIENTED_EDGE ( 'NONE', *, *, #1634, .T. ) ;
#849 = CARTESIAN_POINT ( 'NONE',  ( 0.1122047244094488277, 0.1299212598425196763, 0.1181102362204724532 ) ) ;
#850 = VERTEX_POINT ( 'NONE', #1115 ) ;
#851 = LENGTH_MEASURE_WITH_UNIT ( LENGTH_MEASURE( 0.02539999999999999897 ), #1192 );
#852 = CARTESIAN_POINT ( 'NONE',  ( 0.1476377952755905387, -0.06889763779527559306, 0.1023622047244094474 ) ) ;
#853 = ADVANCED_FACE ( 'NONE', ( #2489 ), #1092, .T. ) ;
#854 = ADVANCED_FACE ( 'NONE', ( #778 ), #3163, .T. ) ;
#855 = ORIENTED_EDGE ( 'NONE', *, *, #796, .T. ) ;
#856 = CARTESIAN_POINT ( 'NONE',  ( -0.1181102362204724532, 0.1299212598425196763, -0.1181102362204724532 ) ) ;
#857 = DIRECTION ( 'NONE',  ( 0.0000000000000000000, 0.0000000000000000000, -1.000000000000000000 ) ) ;
#858 = CARTESIAN_POINT ( 'NONE',  ( -0.1240157480314960647, -0.09578120915254409451, 0.1023622047244094474 ) ) ;
#859 = ADVANCED_FACE ( 'NONE', ( #3416 ), #3743, .T. ) ;
#860 = CARTESIAN_POINT ( 'NONE',  ( 0.1318897637795275746, -0.09578120915254409451, -0.1023622047244094474 ) ) ;
#861 = ORIENTED_EDGE ( 'NONE', *, *, #1534, .F. ) ;
#862 = FACE_OUTER_BOUND ( 'NONE', #460, .T. ) ;
#863 = AXIS2_PLACEMENT_3D ( 'NONE', #3381, #392, #367 ) ;
#864 = VECTOR ( 'NONE', #462, 39.37007874015748143 ) ;
#865 = CARTESIAN_POINT ( 'NONE',  ( -0.1532055652061933004, -0.07446540772587834089, 0.07480314960629921850 ) ) ;
#866 = ORIENTED_EDGE ( 'NONE', *, *, #1184, .F. ) ;
#867 = DIRECTION ( 'NONE',  ( 0.0000000000000000000, -1.000000000000000000, 0.0000000000000000000 ) ) ;
#868 =( GEOMETRIC_REPRESENTATION_CONTEXT ( 3 ) GLOBAL_UNCERTAINTY_ASSIGNED_CONTEXT ( ( #2342 ) ) GLOBAL_UNIT_ASSIGNED_CONTEXT ( ( #349, #3385, #1059 ) ) REPRESENTATION_CONTEXT ( 'NONE', 'WORKASPACE' ) );
#869 = CIRCLE ( 'NONE', #3325, 0.007874015748031499423 ) ;
#870 = LINE ( 'NONE', #4269, #1583 ) ;
#871 = ORIENTED_EDGE ( 'NONE', *, *, #2570, .T. ) ;
#872 = VECTOR ( 'NONE', #3378, 39.37007874015748143 ) ;
#873 = PLANE ( 'NONE',  #2514 ) ;
#874 = CIRCLE ( 'NONE', #4013, 0.005905511811023620231 ) ;
#875 = ORIENTED_EDGE ( 'NONE', *, *, #3699, .F. ) ;
#876 = LINE ( 'NONE', #2824, #1786 ) ;
#877 = VECTOR ( 'NONE', #4234, 39.37007874015748854 ) ;
#878 = VERTEX_POINT ( 'NONE', #1495 ) ;
#879 = PLANE ( 'NONE',  #243 ) ;
#880 = FILL_AREA_STYLE ('',( #1214 ) ) ;
#881 = EDGE_CURVE ( 'NONE', #753, #1028, #1864, .T. ) ;
#882 = CARTESIAN_POINT ( 'NONE',  ( 0.08858267716535432601, 0.1496062992125984370, -0.06496062992125983815 ) ) ;
#883 = AXIS2_PLACEMENT_3D ( 'NONE', #355, #1752, #2776 ) ;
#884 = ADVANCED_FACE ( 'NONE', ( #4100 ), #1138, .T. ) ;
#885 = CIRCLE ( 'NONE', #3482, 0.007874015748031499423 ) ;
#886 = CARTESIAN_POINT ( 'NONE',  ( 0.1181102362204724532, 0.03543307086614173179, 0.07480314960629921850 ) ) ;
#887 = ADVANCED_FACE ( 'NONE', ( #2131 ), #3463, .F. ) ;
#888 = VECTOR ( 'NONE', #44, 39.37007874015748143 ) ;
#889 = ORIENTED_EDGE ( 'NONE', *, *, #707, .F. ) ;
#890 = DIRECTION ( 'NONE',  ( 0.0000000000000000000, 0.0000000000000000000, 1.000000000000000000 ) ) ;
#891 = EDGE_CURVE ( 'NONE', #3941, #1992, #2184, .T. ) ;
#892 = LINE ( 'NONE', #3838, #530 ) ;
#893 = ORIENTED_EDGE ( 'NONE', *, *, #2264, .F. ) ;
#894 = CARTESIAN_POINT ( 'NONE',  ( 0.1476377952755905387, -0.06889763779527559306, 0.07480314960629921850 ) ) ;
#895 = CARTESIAN_POINT ( 'NONE',  ( 0.1181102362204724532, 0.0000000000000000000, -0.1181102362204724532 ) ) ;
#896 = VERTEX_POINT ( 'NONE', #74 ) ;
#897 = CARTESIAN_POINT ( 'NONE',  ( 0.0000000000000000000, 0.1299212598425196763, 0.0000000000000000000 ) ) ;
#898 = ORIENTED_EDGE ( 'NONE', *, *, #1930, .T. ) ;
#899 = CARTESIAN_POINT ( 'NONE',  ( 0.1122047244094488277, 0.1299212598425196763, 0.1181102362204724532 ) ) ;
#900 = ORIENTED_EDGE ( 'NONE', *, *, #2321, .F. ) ;
#901 = DIMENSIONAL_EXPONENTS ( 1.000000000000000000, 0.0000000000000000000, 0.0000000000000000000, 0.0000000000000000000, 0.0000000000000000000, 0.0000000000000000000, 0.0000000000000000000 ) ;
#902 = FACE_OUTER_BOUND ( 'NONE', #3556, .T. ) ;
#903 = DIRECTION ( 'NONE',  ( 0.0000000000000000000, 0.0000000000000000000, -1.000000000000000000 ) ) ;
#904 = CARTESIAN_POINT ( 'NONE',  ( -0.1476377952755905387, -0.06889763779527559306, -0.07480314960629921850 ) ) ;
#905 = EDGE_CURVE ( 'NONE', #907, #1661, #3183, .T. ) ;
#906 = FACE_OUTER_BOUND ( 'NONE', #3201, .T. ) ;
#907 = VERTEX_POINT ( 'NONE', #400 ) ;
#908 = DIRECTION ( 'NONE',  ( -1.000000000000000000, 0.0000000000000000000, 0.0000000000000000000 ) ) ;
#909 = EDGE_CURVE ( 'NONE', #850, #3926, #1424, .T. ) ;
#910 = EDGE_CURVE ( 'NONE', #3762, #4200, #3844, .T. ) ;
#911 = DIRECTION ( 'NONE',  ( 1.445602896647339903E-16, 0.0000000000000000000, 1.000000000000000000 ) ) ;
#912 = ORIENTED_EDGE ( 'NONE', *, *, #4049, .T. ) ;
#913 = CARTESIAN_POINT ( 'NONE',  ( 0.1318897637795275746, -0.04201406643800709162, -0.07480314960629921850 ) ) ;
#914 = FACE_OUTER_BOUND ( 'NONE', #1580, .T. ) ;
#915 = ADVANCED_FACE ( 'NONE', ( #2772 ), #3511, .T. ) ;
#916 = ORIENTED_EDGE ( 'NONE', *, *, #1461, .T. ) ;
#917 = CARTESIAN_POINT ( 'NONE',  ( 0.0000000000000000000, 0.1377952755905511861, 0.07283464566929134798 ) ) ;
#918 = ORIENTED_EDGE ( 'NONE', *, *, #2598, .F. ) ;
#919 = DIRECTION ( 'NONE',  ( 0.0000000000000000000, 1.000000000000000000, 0.0000000000000000000 ) ) ;
#920 =( CONVERSION_BASED_UNIT ( 'INCH', #3931 ) LENGTH_UNIT ( ) NAMED_UNIT ( #645 ) );
#921 = CARTESIAN_POINT ( 'NONE',  ( 0.1181102362204724532, 0.003937007874015747977, 0.04921259842519685318 ) ) ;
#922 = LINE ( 'NONE', #944, #2922 ) ;
#923 = DIRECTION ( 'NONE',  ( -0.0000000000000000000, 1.000000000000000000, 0.0000000000000000000 ) ) ;
#924 = ORIENTED_EDGE ( 'NONE', *, *, #411, .T. ) ;
#925 = VERTEX_POINT ( 'NONE', #1843 ) ;
#926 = DIRECTION ( 'NONE',  ( 0.0000000000000000000, 0.0000000000000000000, 1.000000000000000000 ) ) ;
#927 = EDGE_LOOP ( 'NONE', ( #275, #603, #2185, #290 ) ) ;
#928 = LINE ( 'NONE', #2948, #957 ) ;
#929 = PRODUCT_DEFINITION ( 'UNKNOWN', '', #745, #473 ) ;
#930 = ORIENTED_EDGE ( 'NONE', *, *, #3494, .F. ) ;
#931 = CARTESIAN_POINT ( 'NONE',  ( 0.08858267716535432601, 0.1299212598425196763, 0.06496062992125983815 ) ) ;
#932 = DIRECTION ( 'NONE',  ( 1.000000000000000000, 0.0000000000000000000, 0.0000000000000000000 ) ) ;
#933 = AXIS2_PLACEMENT_3D ( 'NONE', #1182, #3238, #908 ) ;
#934 = ORIENTED_EDGE ( 'NONE', *, *, #4194, .T. ) ;
#935 = DIRECTION ( 'NONE',  ( -1.000000000000000000, 0.0000000000000000000, 0.0000000000000000000 ) ) ;
#936 = MECHANICAL_DESIGN_GEOMETRIC_PRESENTATION_REPRESENTATION (  '', ( #1437 ), #868 ) ;
#937 = ADVANCED_FACE ( 'NONE', ( #1403 ), #2750, .F. ) ;
#938 = AXIS2_PLACEMENT_3D ( 'NONE', #3827, #486, #3129 ) ;
#939 = ORIENTED_EDGE ( 'NONE', *, *, #1366, .T. ) ;
#940 = CIRCLE ( 'NONE', #722, 0.007874015748031499423 ) ;
#941 = LINE ( 'NONE', #339, #1517 ) ;
#942 = CARTESIAN_POINT ( 'NONE',  ( -0.1318897637795275746, -0.1224523058384645591, -0.1023622047244094474 ) ) ;
#943 = AXIS2_PLACEMENT_3D ( 'NONE', #1053, #3402, #42 ) ;
#944 = CARTESIAN_POINT ( 'NONE',  ( 0.1181102362204724532, 0.1299212598425196763, -0.1181102362204724532 ) ) ;
#945 = CIRCLE ( 'NONE', #948, 0.02362204724409448092 ) ;
#946 = DIRECTION ( 'NONE',  ( 0.0000000000000000000, 0.4999999999999995004, -0.8660254037844390407 ) ) ;
#947 = VERTEX_POINT ( 'NONE', #2447 ) ;
#948 = AXIS2_PLACEMENT_3D ( 'NONE', #2398, #76, #2113 ) ;
#949 = VERTEX_POINT ( 'NONE', #3768 ) ;
#950 = CARTESIAN_POINT ( 'NONE',  ( -0.1181102362204724532, 0.02755905511811023584, 0.1023622047244094474 ) ) ;
#951 = VERTEX_POINT ( 'NONE', #755 ) ;
#952 = COLOUR_RGB ( '',0.8313725490196077761, 0.8392156862745098200, 0.8313725490196077761 ) ;
#953 = CARTESIAN_POINT ( 'NONE',  ( 0.1240157480314960647, -0.1377952755905511861, 0.09350393700787401619 ) ) ;
#954 = ORIENTED_EDGE ( 'NONE', *, *, #1936, .T. ) ;
#955 =( NAMED_UNIT ( * ) SI_UNIT ( $, .STERADIAN. ) SOLID_ANGLE_UNIT ( ) );
#956 = DIRECTION ( 'NONE',  ( 0.0000000000000000000, 0.0000000000000000000, -1.000000000000000000 ) ) ;
#957 = VECTOR ( 'NONE', #250, 39.37007874015748143 ) ;
#958 = VERTEX_POINT ( 'NONE', #2224 ) ;
#959 = EDGE_CURVE ( 'NONE', #1773, #3045, #869, .T. ) ;
#960 = DIRECTION ( 'NONE',  ( 1.000000000000000000, 0.0000000000000000000, -1.445602896647339903E-16 ) ) ;
#961 = AXIS2_PLACEMENT_3D ( 'NONE', #759, #737, #782 ) ;
#962 = EDGE_LOOP ( 'NONE', ( #413, #3607, #3595, #1837 ) ) ;
#963 = EDGE_CURVE ( 'NONE', #4045, #1985, #1438, .T. ) ;
#964 = CARTESIAN_POINT ( 'NONE',  ( -0.1532055652061933004, -0.06332986786467284523, -0.1023622047244094474 ) ) ;
#965 =( NAMED_UNIT ( * ) SI_UNIT ( $, .STERADIAN. ) SOLID_ANGLE_UNIT ( ) );
#966 = CARTESIAN_POINT ( 'NONE',  ( -0.1122047244094488277, 0.1377952755905511861, 0.1122047244094488277 ) ) ;
#967 = DIRECTION ( 'NONE',  ( 1.000000000000000000, 0.0000000000000000000, 0.0000000000000000000 ) ) ;
#968 = EDGE_CURVE ( 'NONE', #447, #1570, #2584, .T. ) ;
#969 = CARTESIAN_POINT ( 'NONE',  ( 0.08858267716535432601, 0.1496062992125984370, 0.08858267716535432601 ) ) ;
#970 = ORIENTED_EDGE ( 'NONE', *, *, #263, .F. ) ;
#971 = ORIENTED_EDGE ( 'NONE', *, *, #437, .T. ) ;
#972 = CARTESIAN_POINT ( 'NONE',  ( -0.1181102362204724532, 0.02755905511811023584, 0.1023622047244094474 ) ) ;
#973 = ORIENTED_EDGE ( 'NONE', *, *, #1747, .F. ) ;
#974 = FACE_OUTER_BOUND ( 'NONE', #3745, .T. ) ;
#975 = ORIENTED_EDGE ( 'NONE', *, *, #2158, .T. ) ;
#976 = CARTESIAN_POINT ( 'NONE',  ( -0.08858267716535432601, 0.1377952755905511861, -0.08858267716535432601 ) ) ;
#977 = PLANE ( 'NONE',  #3678 ) ;
#978 = ORIENTED_EDGE ( 'NONE', *, *, #631, .F. ) ;
#979 = PLANE ( 'NONE',  #2588 ) ;
#980 = ORIENTED_EDGE ( 'NONE', *, *, #1274, .T. ) ;
#981 = CARTESIAN_POINT ( 'NONE',  ( 0.1318897637795275746, -0.09578120915254409451, 0.07480314960629921850 ) ) ;
#982 = CARTESIAN_POINT ( 'NONE',  ( 0.1240157480314960647, -0.1143824042423135789, 0.07014398974742774850 ) ) ;
#983 = DIRECTION ( 'NONE',  ( 0.0000000000000000000, -1.000000000000000000, 0.0000000000000000000 ) ) ;
#984 = ADVANCED_FACE ( 'NONE', ( #3906 ), #3243, .F. ) ;
#985 = EDGE_CURVE ( 'NONE', #1230, #1992, #1558, .T. ) ;
#986 = FACE_BOUND ( 'NONE', #3860, .T. ) ;
#987 = CARTESIAN_POINT ( 'NONE',  ( -0.1240157480314960647, -0.09578120915254409451, 0.1023622047244094474 ) ) ;
#988 = EDGE_CURVE ( 'NONE', #3407, #2259, #3573, .T. ) ;
#989 = ORIENTED_EDGE ( 'NONE', *, *, #968, .F. ) ;
#990 = CARTESIAN_POINT ( 'NONE',  ( 0.1181102362204724532, 0.1377952755905511861, -0.1181102362204724532 ) ) ;
#991 = ORIENTED_EDGE ( 'NONE', *, *, #2652, .T. ) ;
#992 = ORIENTED_EDGE ( 'NONE', *, *, #3999, .F. ) ;
#993 = ORIENTED_EDGE ( 'NONE', *, *, #3239, .F. ) ;
#994 = CYLINDRICAL_SURFACE ( 'NONE', #1296, 0.007874015748031499423 ) ;
#995 = CARTESIAN_POINT ( 'NONE',  ( 0.1122047244094488277, 0.1299212598425196763, 0.1122047244094488277 ) ) ;
#996 = VERTEX_POINT ( 'NONE', #211 ) ;
#997 = DIRECTION ( 'NONE',  ( -0.7071067811865469066, 0.7071067811865479058, 0.0000000000000000000 ) ) ;
#998 = VECTOR ( 'NONE', #4312, 39.37007874015748143 ) ;
#999 = ORIENTED_EDGE ( 'NONE', *, *, #2012, .T. ) ;
#1000 = AXIS2_PLACEMENT_3D ( 'NONE', #2505, #2830, #4157 ) ;
#1001 = DIRECTION ( 'NONE',  ( 0.0000000000000000000, 0.0000000000000000000, 1.000000000000000000 ) ) ;
#1002 = DIRECTION ( 'NONE',  ( 0.0000000000000000000, 0.0000000000000000000, -1.000000000000000000 ) ) ;
#1003 = AXIS2_PLACEMENT_3D ( 'NONE', #283, #4300, #2597 ) ;
#1004 = DIRECTION ( 'NONE',  ( 0.0000000000000000000, 0.0000000000000000000, 1.000000000000000000 ) ) ;
#1005 = DIRECTION ( 'NONE',  ( -2.168404344971010347E-16, 0.0000000000000000000, -1.000000000000000000 ) ) ;
#1006 = AXIS2_PLACEMENT_3D ( 'NONE', #2152, #3484, #4162 ) ;
#1007 = VECTOR ( 'NONE', #450, 39.37007874015748143 ) ;
#1008 = EDGE_CURVE ( 'NONE', #2524, #1526, #1954, .T. ) ;
#1009 = EDGE_CURVE ( 'NONE', #7, #3982, #4210, .T. ) ;
#1010 = DIRECTION ( 'NONE',  ( -1.000000000000000000, 2.454115839351809943E-16, 0.0000000000000000000 ) ) ;
#1011 = VECTOR ( 'NONE', #2179, 39.37007874015748854 ) ;
#1012 = VECTOR ( 'NONE', #2540, 39.37007874015748143 ) ;
#1013 = CARTESIAN_POINT ( 'NONE',  ( -0.1476377952755905387, -0.06889763779527559306, 0.1023622047244094474 ) ) ;
#1014 = VECTOR ( 'NONE', #4295, 39.37007874015748143 ) ;
#1015 = VERTEX_POINT ( 'NONE', #576 ) ;
#1016 = EDGE_CURVE ( 'NONE', #1186, #2496, #2990, .T. ) ;
#1017 = VERTEX_POINT ( 'NONE', #167 ) ;
#1018 = VECTOR ( 'NONE', #478, 39.37007874015748143 ) ;
#1019 = EDGE_LOOP ( 'NONE', ( #4318, #2114, #3694, #2303 ) ) ;
#1020 = DIRECTION ( 'NONE',  ( -3.519431053647356462E-16, 0.8660254037844389297, 0.4999999999999994449 ) ) ;
#1021 = CARTESIAN_POINT ( 'NONE',  ( 0.1318897637795275746, -0.04201406643800709162, -0.1023622047244094474 ) ) ;
#1022 = ORIENTED_EDGE ( 'NONE', *, *, #2044, .F. ) ;
#1023 = AXIS2_PLACEMENT_3D ( 'NONE', #2836, #2554, #2486 ) ;
#1024 = ADVANCED_FACE ( 'NONE', ( #4251 ), #3209, .F. ) ;
#1025 =( NAMED_UNIT ( * ) SI_UNIT ( $, .STERADIAN. ) SOLID_ANGLE_UNIT ( ) );
#1026 = ORIENTED_EDGE ( 'NONE', *, *, #25, .T. ) ;
#1027 = CIRCLE ( 'NONE', #1245, 0.007874015748031499423 ) ;
#1028 = VERTEX_POINT ( 'NONE', #253 ) ;
#1029 = AXIS2_PLACEMENT_3D ( 'NONE', #2068, #813, #4058 ) ;
#1030 = DIRECTION ( 'NONE',  ( 0.0000000000000000000, 0.0000000000000000000, -1.000000000000000000 ) ) ;
#1031 = DIRECTION ( 'NONE',  ( -1.000000000000000000, 0.0000000000000000000, 0.0000000000000000000 ) ) ;
#1032 = DIRECTION ( 'NONE',  ( 0.0000000000000000000, 1.000000000000000000, 0.0000000000000000000 ) ) ;
#1033 = CARTESIAN_POINT ( 'NONE',  ( -0.1263219938489248129, -0.04758183636860983945, -0.1023622047244094474 ) ) ;
#1034 = DIRECTION ( 'NONE',  ( 0.0000000000000000000, 0.0000000000000000000, -1.000000000000000000 ) ) ;
#1035 = EDGE_CURVE ( 'NONE', #649, #1206, #518, .T. ) ;
#1036 = CARTESIAN_POINT ( 'NONE',  ( 0.1240157480314960647, -0.09578120915254409451, 0.1023622047244094474 ) ) ;
#1037 = ORIENTED_EDGE ( 'NONE', *, *, #2321, .T. ) ;
#1038 = CARTESIAN_POINT ( 'NONE',  ( 0.1318897637795275746, -0.09578120915254409451, 0.1023622047244094474 ) ) ;
#1039 = VERTEX_POINT ( 'NONE', #2557 ) ;
#1040 = EDGE_CURVE ( 'NONE', #2309, #1815, #4226, .T. ) ;
#1041 = EDGE_CURVE ( 'NONE', #4073, #3881, #2865, .T. ) ;
#1042 = LINE ( 'NONE', #2392, #2359 ) ;
#1043 = ORIENTED_EDGE ( 'NONE', *, *, #3249, .F. ) ;
#1044 = VERTEX_POINT ( 'NONE', #847 ) ;
#1045 = EDGE_CURVE ( 'NONE', #1225, #3415, #1442, .T. ) ;
#1046 = EDGE_LOOP ( 'NONE', ( #2013, #2773, #2658, #1114 ) ) ;
#1047 = CARTESIAN_POINT ( 'NONE',  ( 0.1122047244094488277, 0.1299212598425196763, -0.1122047244094488277 ) ) ;
#1048 = CARTESIAN_POINT ( 'NONE',  ( 0.1318897637795275746, -0.09578120915254409451, -0.1023622047244094474 ) ) ;
#1049 = ORIENTED_EDGE ( 'NONE', *, *, #2103, .F. ) ;
#1050 = CARTESIAN_POINT ( 'NONE',  ( 0.1532055652061933004, -0.07446540772587834089, -0.07480314960629921850 ) ) ;
#1051 = VERTEX_POINT ( 'NONE', #1890 ) ;
#1052 = CARTESIAN_POINT ( 'NONE',  ( 0.1318897637795275746, 0.02755905511811023584, -0.1023622047244094474 ) ) ;
#1053 = CARTESIAN_POINT ( 'NONE',  ( 0.1240157480314960647, -0.09578120915254409451, -0.1023622047244094474 ) ) ;
#1054 = CARTESIAN_POINT ( 'NONE',  ( -0.1240157480314960647, -0.1224523058384645591, -0.07480314960629921850 ) ) ;
#1055 = LINE ( 'NONE', #289, #888 ) ;
#1056 = CARTESIAN_POINT ( 'NONE',  ( -0.1240157480314960647, -0.09578120915254409451, 0.07480314960629921850 ) ) ;
#1057 = ORIENTED_EDGE ( 'NONE', *, *, #1404, .F. ) ;
#1058 = ORIENTED_EDGE ( 'NONE', *, *, #2689, .F. ) ;
#1059 =( NAMED_UNIT ( * ) SI_UNIT ( $, .STERADIAN. ) SOLID_ANGLE_UNIT ( ) );
#1060 = CARTESIAN_POINT ( 'NONE',  ( 0.1555118110236220763, -0.1377952755905511861, -0.08366141732283464971 ) ) ;
#1061 = ORIENTED_EDGE ( 'NONE', *, *, #360, .T. ) ;
#1062 = ADVANCED_FACE ( 'NONE', ( #914 ), #1541, .F. ) ;
#1063 = VERTEX_POINT ( 'NONE', #2951 ) ;
#1064 = DIRECTION ( 'NONE',  ( 0.0000000000000000000, 0.0000000000000000000, 1.000000000000000000 ) ) ;
#1065 = ORIENTED_EDGE ( 'NONE', *, *, #1672, .T. ) ;
#1066 = EDGE_CURVE ( 'NONE', #7, #4328, #870, .T. ) ;
#1067 = DIRECTION ( 'NONE',  ( 1.000000000000000000, -4.063888932435259910E-16, 0.0000000000000000000 ) ) ;
#1068 = ORIENTED_EDGE ( 'NONE', *, *, #3936, .T. ) ;
#1069 = CARTESIAN_POINT ( 'NONE',  ( -0.1555118110236220763, -0.1377952755905511861, -0.08366141732283464971 ) ) ;
#1070 = VECTOR ( 'NONE', #1178, 39.37007874015748143 ) ;
#1071 = ORIENTED_EDGE ( 'NONE', *, *, #682, .F. ) ;
#1072 = DIRECTION ( 'NONE',  ( 0.0000000000000000000, 1.000000000000000000, 0.0000000000000000000 ) ) ;
#1073 = VECTOR ( 'NONE', #536, 39.37007874015748143 ) ;
#1074 = AXIS2_PLACEMENT_3D ( 'NONE', #969, #3566, #1280 ) ;
#1075 = PLANE ( 'NONE',  #594 ) ;
#1076 = LINE ( 'NONE', #717, #2352 ) ;
#1077 = CARTESIAN_POINT ( 'NONE',  ( 0.1240157480314960647, 0.02755905511811023584, 0.07480314960629921850 ) ) ;
#1078 = VECTOR ( 'NONE', #332, 39.37007874015748143 ) ;
#1079 = STYLED_ITEM ( 'NONE', ( #2296 ), #637 ) ;
#1080 = DIRECTION ( 'NONE',  ( -1.000000000000000000, 0.0000000000000000000, 0.0000000000000000000 ) ) ;
#1081 = AXIS2_PLACEMENT_3D ( 'NONE', #1941, #1673, #2674 ) ;
#1082 = CARTESIAN_POINT ( 'NONE',  ( -0.1181102362204724532, 0.0000000000000000000, -0.04921259842519685318 ) ) ;
#1083 = AXIS2_PLACEMENT_3D ( 'NONE', #4288, #956, #2968 ) ;
#1084 = ORIENTED_EDGE ( 'NONE', *, *, #910, .F. ) ;
#1085 = CARTESIAN_POINT ( 'NONE',  ( -0.1181102362204724532, 0.0000000000000000000, 0.04921259842519685318 ) ) ;
#1086 = AXIS2_PLACEMENT_3D ( 'NONE', #1104, #386, #134 ) ;
#1087 = CARTESIAN_POINT ( 'NONE',  ( 0.0000000000000000000, 0.1299212598425196763, 0.07283464566929134798 ) ) ;
#1088 = VECTOR ( 'NONE', #3972, 39.37007874015748143 ) ;
#1089 = LENGTH_MEASURE_WITH_UNIT ( LENGTH_MEASURE( 0.02539999999999999897 ), #3076 );
#1090 = ORIENTED_EDGE ( 'NONE', *, *, #1610, .F. ) ;
#1091 = FILL_AREA_STYLE ('',( #3861 ) ) ;
#1092 = CYLINDRICAL_SURFACE ( 'NONE', #2356, 0.007874015748031466463 ) ;
#1093 = VECTOR ( 'NONE', #3180, 39.37007874015748854 ) ;
#1094 = EDGE_CURVE ( 'NONE', #209, #1779, #2697, .T. ) ;
#1095 = ORIENTED_EDGE ( 'NONE', *, *, #3936, .F. ) ;
#1096 = DIRECTION ( 'NONE',  ( 1.000000000000000000, 0.0000000000000000000, 0.0000000000000000000 ) ) ;
#1097 = ORIENTED_EDGE ( 'NONE', *, *, #3703, .F. ) ;
#1098 = DIRECTION ( 'NONE',  ( -3.519431053647356462E-16, -0.8660254037844389297, 0.4999999999999994449 ) ) ;
#1099 = AXIS2_PLACEMENT_3D ( 'NONE', #2924, #2328, #602 ) ;
#1100 = ORIENTED_EDGE ( 'NONE', *, *, #1151, .F. ) ;
#1101 = DIRECTION ( 'NONE',  ( 0.0000000000000000000, -1.000000000000000000, 0.0000000000000000000 ) ) ;
#1102 = EDGE_CURVE ( 'NONE', #1570, #2490, #700, .T. ) ;
#1103 = VECTOR ( 'NONE', #2426, 39.37007874015748143 ) ;
#1104 = CARTESIAN_POINT ( 'NONE',  ( 0.0000000000000000000, 0.1299212598425196763, 0.0000000000000000000 ) ) ;
#1105 = DIRECTION ( 'NONE',  ( 0.0000000000000000000, -1.000000000000000000, 0.0000000000000000000 ) ) ;
#1106 = CYLINDRICAL_SURFACE ( 'NONE', #3907, 0.02362204724409448092 ) ;
#1107 = EDGE_CURVE ( 'NONE', #1476, #2016, #1974, .T. ) ;
#1108 = DIRECTION ( 'NONE',  ( 1.000000000000000000, 0.0000000000000000000, 0.0000000000000000000 ) ) ;
#1109 = PLANE ( 'NONE',  #3880 ) ;
#1110 = VERTEX_POINT ( 'NONE', #1291 ) ;
#1111 = DIRECTION ( 'NONE',  ( -3.519431053647356462E-16, -0.8660254037844389297, -0.4999999999999994449 ) ) ;
#1112 = CARTESIAN_POINT ( 'NONE',  ( 0.1240157480314960647, 0.02755905511811023584, -0.07480314960629921850 ) ) ;
#1113 = DIRECTION ( 'NONE',  ( 0.0000000000000000000, -1.000000000000000000, 0.0000000000000000000 ) ) ;
#1114 = ORIENTED_EDGE ( 'NONE', *, *, #2127, .F. ) ;
#1115 = CARTESIAN_POINT ( 'NONE',  ( -0.08858267716535432601, 0.1496062992125984370, 0.06496062992125983815 ) ) ;
#1116 = ORIENTED_EDGE ( 'NONE', *, *, #2127, .T. ) ;
#1117 = CARTESIAN_POINT ( 'NONE',  ( -0.1240157480314960647, -0.1377952755905511861, -0.08366141732283464971 ) ) ;
#1118 = ORIENTED_EDGE ( 'NONE', *, *, #4016, .T. ) ;
#1119 = LINE ( 'NONE', #2168, #2022 ) ;
#1120 = ORIENTED_EDGE ( 'NONE', *, *, #366, .T. ) ;
#1121 = CARTESIAN_POINT ( 'NONE',  ( 0.1240157480314960647, -0.1377952755905511861, 0.08366141732283464971 ) ) ;
#1122 = VERTEX_POINT ( 'NONE', #624 ) ;
#1123 = FACE_OUTER_BOUND ( 'NONE', #3417, .T. ) ;
#1124 = LINE ( 'NONE', #3799, #534 ) ;
#1125 = ADVANCED_FACE ( 'NONE', ( #3307 ), #1621, .F. ) ;
#1126 = CYLINDRICAL_SURFACE ( 'NONE', #1432, 0.007874015748031466463 ) ;
#1127 = DIRECTION ( 'NONE',  ( 0.0000000000000000000, -1.000000000000000000, 0.0000000000000000000 ) ) ;
#1128 = ADVANCED_FACE ( 'NONE', ( #3351 ), #3331, .T. ) ;
#1129 = ORIENTED_EDGE ( 'NONE', *, *, #2714, .F. ) ;
#1130 = LINE ( 'NONE', #1790, #3954 ) ;
#1131 = CARTESIAN_POINT ( 'NONE',  ( 0.1122047244094488277, 0.0000000000000000000, 0.1122047244094488277 ) ) ;
#1132 = CARTESIAN_POINT ( 'NONE',  ( 0.1555118110236220763, -0.1377952755905511861, -0.09350393700787401619 ) ) ;
#1133 = EDGE_CURVE ( 'NONE', #4052, #2112, #3664, .T. ) ;
#1134 = CARTESIAN_POINT ( 'NONE',  ( 0.1476377952755905387, -0.06889763779527559306, 0.07480314960629921850 ) ) ;
#1135 = ORIENTED_EDGE ( 'NONE', *, *, #2595, .T. ) ;
#1136 = DIRECTION ( 'NONE',  ( 0.0000000000000000000, 0.0000000000000000000, 1.000000000000000000 ) ) ;
#1137 = UNCERTAINTY_MEASURE_WITH_UNIT (LENGTH_MEASURE( 1.000000000000000082E-05 ), #1973, 'distance_accuracy_value', 'NONE');
#1138 = CYLINDRICAL_SURFACE ( 'NONE', #2285, 0.02362204724409448092 ) ;
#1139 = ORIENTED_EDGE ( 'NONE', *, *, #484, .T. ) ;
#1140 = LINE ( 'NONE', #1426, #665 ) ;
#1141 = ORIENTED_EDGE ( 'NONE', *, *, #1916, .F. ) ;
#1142 = DIRECTION ( 'NONE',  ( 0.0000000000000000000, 0.0000000000000000000, 1.000000000000000000 ) ) ;
#1143 = ORIENTED_EDGE ( 'NONE', *, *, #366, .F. ) ;
#1144 = CARTESIAN_POINT ( 'NONE',  ( -0.08858267716535432601, 0.1377952755905511861, -0.08858267716535432601 ) ) ;
#1145 = ORIENTED_EDGE ( 'NONE', *, *, #1242, .T. ) ;
#1146 = DIRECTION ( 'NONE',  ( 0.7071067811865479058, -0.7071067811865469066, 0.0000000000000000000 ) ) ;
#1147 = DIRECTION ( 'NONE',  ( -0.7071067811865480168, -0.7071067811865470176, 0.0000000000000000000 ) ) ;
#1148 = CARTESIAN_POINT ( 'NONE',  ( 0.1122047244094488277, 0.1377952755905511861, -0.1181102362204724532 ) ) ;
#1149 = VECTOR ( 'NONE', #3361, 39.37007874015748143 ) ;
#1150 = CARTESIAN_POINT ( 'NONE',  ( -0.1181102362204724532, 0.1299212598425196763, -0.1181102362204724532 ) ) ;
#1151 = EDGE_CURVE ( 'NONE', #3935, #2481, #3679, .T. ) ;
#1152 = PLANE ( 'NONE',  #2138 ) ;
#1153 = AXIS2_PLACEMENT_3D ( 'NONE', #1267, #248, #3920 ) ;
#1154 = AXIS2_PLACEMENT_3D ( 'NONE', #2097, #657, #3871 ) ;
#1155 = ORIENTED_EDGE ( 'NONE', *, *, #1830, .T. ) ;
#1156 = LINE ( 'NONE', #824, #1011 ) ;
#1157 = DIRECTION ( 'NONE',  ( -1.000000000000000000, 0.0000000000000000000, 0.0000000000000000000 ) ) ;
#1158 = ADVANCED_FACE ( 'NONE', ( #667 ), #1697, .T. ) ;
#1159 = AXIS2_PLACEMENT_3D ( 'NONE', #299, #1650, #2672 ) ;
#1160 = LINE ( 'NONE', #1134, #3550 ) ;
#1161 = VECTOR ( 'NONE', #359, 39.37007874015748143 ) ;
#1162 = ORIENTED_EDGE ( 'NONE', *, *, #1962, .T. ) ;
#1163 = PLANE ( 'NONE',  #2636 ) ;
#1164 = CARTESIAN_POINT ( 'NONE',  ( -0.1181102362204724532, 0.03543307086614173179, 0.1023622047244094474 ) ) ;
#1165 = EDGE_CURVE ( 'NONE', #951, #125, #333, .T. ) ;
#1166 = ORIENTED_EDGE ( 'NONE', *, *, #1009, .F. ) ;
#1167 = AXIS2_PLACEMENT_3D ( 'NONE', #2232, #2592, #549 ) ;
#1168 = CARTESIAN_POINT ( 'NONE',  ( 0.0000000000000000000, 0.3700787401574803237, 0.05657174612875812136 ) ) ;
#1169 =( LENGTH_UNIT ( ) NAMED_UNIT ( * ) SI_UNIT ( $, .METRE. ) );
#1170 = VERTEX_POINT ( 'NONE', #1663 ) ;
#1171 = CIRCLE ( 'NONE', #3616, 0.007874015748031499423 ) ;
#1172 = LINE ( 'NONE', #1848, #3893 ) ;
#1173 = VERTEX_POINT ( 'NONE', #1679 ) ;
#1174 = STYLED_ITEM ( 'NONE', ( #4051 ), #3440 ) ;
#1175 = CARTESIAN_POINT ( 'NONE',  ( 0.08858267716535432601, 0.1496062992125984370, 0.08858267716535432601 ) ) ;
#1176 = DIRECTION ( 'NONE',  ( 0.0000000000000000000, 0.0000000000000000000, -1.000000000000000000 ) ) ;
#1177 = VECTOR ( 'NONE', #2594, 39.37007874015748143 ) ;
#1178 = DIRECTION ( 'NONE',  ( 0.0000000000000000000, -1.000000000000000000, 0.0000000000000000000 ) ) ;
#1179 = CIRCLE ( 'NONE', #191, 0.007874015748031499423 ) ;
#1180 = ORIENTED_EDGE ( 'NONE', *, *, #1107, .F. ) ;
#1181 = SURFACE_SIDE_STYLE ('',( #3178 ) ) ;
#1182 = CARTESIAN_POINT ( 'NONE',  ( 0.1318897637795275746, -0.04201406643800709162, -0.07480314960629921850 ) ) ;
#1183 = CARTESIAN_POINT ( 'NONE',  ( 0.1240157480314960647, -0.09578120915254409451, -0.07480314960629921850 ) ) ;
#1184 = EDGE_CURVE ( 'NONE', #418, #779, #2991, .T. ) ;
#1185 = EDGE_CURVE ( 'NONE', #949, #3881, #2311, .T. ) ;
#1186 = VERTEX_POINT ( 'NONE', #3988 ) ;
#1187 = PLANE ( 'NONE',  #1922 ) ;
#1188 = DIRECTION ( 'NONE',  ( 0.0000000000000000000, -1.000000000000000000, 0.0000000000000000000 ) ) ;
#1189 = EDGE_LOOP ( 'NONE', ( #2843, #133 ) ) ;
#1190 = DIRECTION ( 'NONE',  ( 0.0000000000000000000, 1.000000000000000000, 0.0000000000000000000 ) ) ;
#1191 = ORIENTED_EDGE ( 'NONE', *, *, #2881, .T. ) ;
#1192 =( LENGTH_UNIT ( ) NAMED_UNIT ( * ) SI_UNIT ( $, .METRE. ) );
#1193 = ADVANCED_FACE ( 'NONE', ( #1316 ), #977, .T. ) ;
#1194 = CARTESIAN_POINT ( 'NONE',  ( 0.1263219938489248129, -0.09021343922194134668, -0.1023622047244094474 ) ) ;
#1195 = ORIENTED_EDGE ( 'NONE', *, *, #1667, .F. ) ;
#1196 = DIRECTION ( 'NONE',  ( -0.7071067811865479058, -0.7071067811865469066, 0.0000000000000000000 ) ) ;
#1197 = CARTESIAN_POINT ( 'NONE',  ( 0.1122047244094488277, 0.1377952755905511861, 0.1181102362204724532 ) ) ;
#1198 = CARTESIAN_POINT ( 'NONE',  ( 0.1318897637795275746, -0.1224523058384645591, 0.1023622047244094474 ) ) ;
#1199 = DIRECTION ( 'NONE',  ( 0.0000000000000000000, 1.000000000000000000, 0.0000000000000000000 ) ) ;
#1200 = ORIENTED_EDGE ( 'NONE', *, *, #4053, .T. ) ;
#1201 = DIRECTION ( 'NONE',  ( 0.0000000000000000000, 0.0000000000000000000, -1.000000000000000000 ) ) ;
#1202 = CARTESIAN_POINT ( 'NONE',  ( -0.1318897637795275746, -0.09578120915254409451, 0.07480314960629921850 ) ) ;
#1203 = ORIENTED_EDGE ( 'NONE', *, *, #2690, .T. ) ;
#1204 = DIRECTION ( 'NONE',  ( 0.0000000000000000000, -1.000000000000000000, 0.0000000000000000000 ) ) ;
#1205 = DIRECTION ( 'NONE',  ( 0.0000000000000000000, 0.0000000000000000000, -1.000000000000000000 ) ) ;
#1206 = VERTEX_POINT ( 'NONE', #1350 ) ;
#1207 = CARTESIAN_POINT ( 'NONE',  ( -0.1318897637795275746, -0.1377952755905511861, -0.08366141732283464971 ) ) ;
#1208 = ORIENTED_EDGE ( 'NONE', *, *, #1685, .F. ) ;
#1209 = LENGTH_MEASURE_WITH_UNIT ( LENGTH_MEASURE( 0.02539999999999999897 ), #1169 );
#1210 = CARTESIAN_POINT ( 'NONE',  ( -0.1476377952755905387, -0.06889763779527559306, -0.1023622047244094474 ) ) ;
#1211 = VERTEX_POINT ( 'NONE', #2701 ) ;
#1212 = EDGE_CURVE ( 'NONE', #4328, #4073, #4005, .T. ) ;
#1213 = FACE_OUTER_BOUND ( 'NONE', #3444, .T. ) ;
#1214 = FILL_AREA_STYLE_COLOUR ( '', #370 ) ;
#1215 = FACE_OUTER_BOUND ( 'NONE', #1338, .T. ) ;
#1216 = EDGE_CURVE ( 'NONE', #447, #3181, #226, .T. ) ;
#1217 = LINE ( 'NONE', #2897, #1293 ) ;
#1218 = VECTOR ( 'NONE', #1201, 39.37007874015748143 ) ;
#1219 = VERTEX_POINT ( 'NONE', #4048 ) ;
#1220 = CLOSED_SHELL ( 'NONE', ( #1865, #53, #4282, #132, #3379, #2100, #2745, #2457, #859, #3297, #705, #2421, #1024, #2867, #1763, #3758, #2419, #3943, #579, #338, #984 ) ) ;
#1221 = DIRECTION ( 'NONE',  ( -1.000000000000000000, 0.0000000000000000000, 0.0000000000000000000 ) ) ;
#1222 = CIRCLE ( 'NONE', #18, 0.05657174612875812136 ) ;
#1223 = AXIS2_PLACEMENT_3D ( 'NONE', #344, #2385, #3403 ) ;
#1224 = DIRECTION ( 'NONE',  ( 0.0000000000000000000, -1.000000000000000000, 0.0000000000000000000 ) ) ;
#1225 = VERTEX_POINT ( 'NONE', #3700 ) ;
#1226 = DIRECTION ( 'NONE',  ( 0.0000000000000000000, 0.0000000000000000000, 1.000000000000000000 ) ) ;
#1227 = AXIS2_PLACEMENT_3D ( 'NONE', #750, #2106, #68 ) ;
#1228 = AXIS2_PLACEMENT_3D ( 'NONE', #3487, #3808, #801 ) ;
#1229 = CARTESIAN_POINT ( 'NONE',  ( 0.08858267716535432601, 0.1496062992125984370, -0.08858267716535432601 ) ) ;
#1230 = VERTEX_POINT ( 'NONE', #3366 ) ;
#1231 = AXIS2_PLACEMENT_3D ( 'NONE', #2974, #4323, #967 ) ;
#1232 = FACE_BOUND ( 'NONE', #3275, .T. ) ;
#1233 = AXIS2_PLACEMENT_3D ( 'NONE', #192, #2928, #4195 ) ;
#1234 = ORIENTED_EDGE ( 'NONE', *, *, #4080, .T. ) ;
#1235 = EDGE_CURVE ( 'NONE', #3711, #2605, #350, .T. ) ;
#1236 = LINE ( 'NONE', #899, #2363 ) ;
#1237 = ORIENTED_EDGE ( 'NONE', *, *, #2132, .T. ) ;
#1238 = DIRECTION ( 'NONE',  ( -2.454115839351809943E-16, -1.000000000000000000, 0.0000000000000000000 ) ) ;
#1239 = DIRECTION ( 'NONE',  ( 0.0000000000000000000, 0.0000000000000000000, -1.000000000000000000 ) ) ;
#1240 = AXIS2_PLACEMENT_3D ( 'NONE', #1845, #544, #2869 ) ;
#1241 = EDGE_CURVE ( 'NONE', #1044, #3851, #1042, .T. ) ;
#1242 = EDGE_CURVE ( 'NONE', #1063, #2259, #4093, .T. ) ;
#1243 = AXIS2_PLACEMENT_3D ( 'NONE', #4007, #3292, #997 ) ;
#1244 = DIRECTION ( 'NONE',  ( -0.7071067811865479058, -0.7071067811865469066, 0.0000000000000000000 ) ) ;
#1245 = AXIS2_PLACEMENT_3D ( 'NONE', #904, #177, #3278 ) ;
#1246 = EDGE_CURVE ( 'NONE', #3713, #739, #1724, .T. ) ;
#1247 = DIMENSIONAL_EXPONENTS ( 1.000000000000000000, 0.0000000000000000000, 0.0000000000000000000, 0.0000000000000000000, 0.0000000000000000000, 0.0000000000000000000, 0.0000000000000000000 ) ;
#1248 = ORIENTED_EDGE ( 'NONE', *, *, #3332, .T. ) ;
#1249 = LINE ( 'NONE', #4189, #3460 ) ;
#1250 =( GEOMETRIC_REPRESENTATION_CONTEXT ( 3 ) GLOBAL_UNCERTAINTY_ASSIGNED_CONTEXT ( ( #1798 ) ) GLOBAL_UNIT_ASSIGNED_CONTEXT ( ( #2522, #3847, #582 ) ) REPRESENTATION_CONTEXT ( 'NONE', 'WORKASPACE' ) );
#1251 = DIRECTION ( 'NONE',  ( 0.0000000000000000000, -1.000000000000000000, 0.0000000000000000000 ) ) ;
#1252 = ORIENTED_EDGE ( 'NONE', *, *, #3249, .T. ) ;
#1253 = LINE ( 'NONE', #4287, #3191 ) ;
#1254 = CARTESIAN_POINT ( 'NONE',  ( 0.1318897637795275746, -0.09578120915254409451, -0.07480314960629921850 ) ) ;
#1255 = ORIENTED_EDGE ( 'NONE', *, *, #4187, .T. ) ;
#1256 = DIRECTION ( 'NONE',  ( 0.0000000000000000000, 1.000000000000000000, 0.0000000000000000000 ) ) ;
#1257 = DIRECTION ( 'NONE',  ( 0.0000000000000000000, 0.0000000000000000000, 1.000000000000000000 ) ) ;
#1258 = VERTEX_POINT ( 'NONE', #3836 ) ;
#1259 = CYLINDRICAL_SURFACE ( 'NONE', #3131, 0.02362204724409448092 ) ;
#1260 = DIRECTION ( 'NONE',  ( 1.000000000000000000, 0.0000000000000000000, 0.0000000000000000000 ) ) ;
#1261 =( LENGTH_UNIT ( ) NAMED_UNIT ( * ) SI_UNIT ( $, .METRE. ) );
#1262 = EDGE_CURVE ( 'NONE', #2069, #2425, #1445, .T. ) ;
#1263 = EDGE_CURVE ( 'NONE', #2623, #3731, #3895, .T. ) ;
#1264 = CARTESIAN_POINT ( 'NONE',  ( -0.08858267716535432601, 0.1299212598425196763, -0.1122047244094488139 ) ) ;
#1265 = ORIENTED_EDGE ( 'NONE', *, *, #14, .T. ) ;
#1266 = ORIENTED_EDGE ( 'NONE', *, *, #1802, .T. ) ;
#1267 = CARTESIAN_POINT ( 'NONE',  ( 0.1318897637795275746, -0.04201406643800709162, 0.1023622047244094474 ) ) ;
#1268 = EDGE_CURVE ( 'NONE', #4044, #3415, #2462, .T. ) ;
#1269 = DIRECTION ( 'NONE',  ( 1.000000000000000000, 0.0000000000000000000, 0.0000000000000000000 ) ) ;
#1270 = ORIENTED_EDGE ( 'NONE', *, *, #282, .F. ) ;
#1271 = LINE ( 'NONE', #1289, #2063 ) ;
#1272 = DIRECTION ( 'NONE',  ( 0.0000000000000000000, 0.0000000000000000000, -1.000000000000000000 ) ) ;
#1273 = ORIENTED_EDGE ( 'NONE', *, *, #4066, .T. ) ;
#1274 = EDGE_CURVE ( 'NONE', #779, #3260, #2055, .T. ) ;
#1275 = PLANE ( 'NONE',  #4112 ) ;
#1276 = ORIENTED_EDGE ( 'NONE', *, *, #2775, .T. ) ;
#1277 = LINE ( 'NONE', #2317, #2925 ) ;
#1278 = CYLINDRICAL_SURFACE ( 'NONE', #2073, 0.02362204724409448092 ) ;
#1279 = CARTESIAN_POINT ( 'NONE',  ( 0.1263219938489248129, -0.04758183636860983945, -0.1023622047244094474 ) ) ;
#1280 = DIRECTION ( 'NONE',  ( 0.0000000000000000000, 0.0000000000000000000, -1.000000000000000000 ) ) ;
#1281 = ORIENTED_EDGE ( 'NONE', *, *, #13, .T. ) ;
#1282 = EDGE_CURVE ( 'NONE', #3881, #2605, #119, .T. ) ;
#1283 = EDGE_LOOP ( 'NONE', ( #2833, #147, #1807, #3498 ) ) ;
#1284 = CARTESIAN_POINT ( 'NONE',  ( -0.1318897637795275746, -0.09578120915254409451, -0.1023622047244094474 ) ) ;
#1285 = VERTEX_POINT ( 'NONE', #142 ) ;
#1286 = CARTESIAN_POINT ( 'NONE',  ( -0.1476377952755905387, -0.06889763779527559306, 0.1023622047244094474 ) ) ;
#1287 = VECTOR ( 'NONE', #1836, 39.37007874015748143 ) ;
#1288 = VERTEX_POINT ( 'NONE', #90 ) ;
#1289 = CARTESIAN_POINT ( 'NONE',  ( 0.0000000000000000000, 0.1299212598425196763, 0.06889763779527559306 ) ) ;
#1290 = EDGE_CURVE ( 'NONE', #1230, #4214, #874, .T. ) ;
#1291 = CARTESIAN_POINT ( 'NONE',  ( 0.0000000000000000000, 0.3740157480314960647, 0.05657174612875812136 ) ) ;
#1292 = CIRCLE ( 'NONE', #4164, 0.02362204724409448092 ) ;
#1293 = VECTOR ( 'NONE', #1612, 39.37007874015748854 ) ;
#1294 = ORIENTED_EDGE ( 'NONE', *, *, #2518, .F. ) ;
#1295 = CARTESIAN_POINT ( 'NONE',  ( 0.1240157480314960647, -0.09578120915254409451, -0.1023622047244094474 ) ) ;
#1296 = AXIS2_PLACEMENT_3D ( 'NONE', #3328, #4047, #1315 ) ;
#1297 = VECTOR ( 'NONE', #3539, 39.37007874015748143 ) ;
#1298 = EDGE_CURVE ( 'NONE', #1314, #734, #4163, .T. ) ;
#1299 = ORIENTED_EDGE ( 'NONE', *, *, #2348, .T. ) ;
#1300 = FACE_OUTER_BOUND ( 'NONE', #1874, .T. ) ;
#1301 =( NAMED_UNIT ( * ) SI_UNIT ( $, .STERADIAN. ) SOLID_ANGLE_UNIT ( ) );
#1302 = DIRECTION ( 'NONE',  ( 0.0000000000000000000, 0.0000000000000000000, 1.000000000000000000 ) ) ;
#1303 = CIRCLE ( 'NONE', #3265, 0.007874015748031499423 ) ;
#1304 =( CONVERSION_BASED_UNIT ( 'INCH', #3663 ) LENGTH_UNIT ( ) NAMED_UNIT ( #3258 ) );
#1305 = AXIS2_PLACEMENT_3D ( 'NONE', #3212, #230, #833 ) ;
#1306 = LINE ( 'NONE', #3980, #3885 ) ;
#1307 = ORIENTED_EDGE ( 'NONE', *, *, #2044, .T. ) ;
#1308 = AXIS2_PLACEMENT_3D ( 'NONE', #1202, #2222, #2900 ) ;
#1309 = ORIENTED_EDGE ( 'NONE', *, *, #3645, .F. ) ;
#1310 = DIRECTION ( 'NONE',  ( 0.0000000000000000000, 0.0000000000000000000, 1.000000000000000000 ) ) ;
#1311 = ORIENTED_EDGE ( 'NONE', *, *, #4289, .T. ) ;
#1312 = VECTOR ( 'NONE', #2176, 39.37007874015748143 ) ;
#1313 = LINE ( 'NONE', #2308, #3067 ) ;
#1314 = VERTEX_POINT ( 'NONE', #2513 ) ;
#1315 = DIRECTION ( 'NONE',  ( -1.000000000000000000, 0.0000000000000000000, 0.0000000000000000000 ) ) ;
#1316 = FACE_OUTER_BOUND ( 'NONE', #3032, .T. ) ;
#1317 = AXIS2_PLACEMENT_3D ( 'NONE', #711, #1456, #381 ) ;
#1318 = ORIENTED_EDGE ( 'NONE', *, *, #1184, .T. ) ;
#1319 = EDGE_CURVE ( 'NONE', #3415, #1225, #789, .T. ) ;
#1320 = ADVANCED_FACE ( 'NONE', ( #2412 ), #3785, .T. ) ;
#1321 = CARTESIAN_POINT ( 'NONE',  ( 0.1240157480314960647, 0.03543307086614173179, 0.1023622047244094474 ) ) ;
#1322 = ORIENTED_EDGE ( 'NONE', *, *, #702, .T. ) ;
#1323 = ADVANCED_FACE ( 'NONE', ( #3454 ), #1469, .F. ) ;
#1324 = FACE_OUTER_BOUND ( 'NONE', #3105, .T. ) ;
#1325 = DIRECTION ( 'NONE',  ( -0.7071067811865470176, 0.7071067811865480168, 0.0000000000000000000 ) ) ;
#1326 = DIRECTION ( 'NONE',  ( 0.0000000000000000000, 1.000000000000000000, 0.0000000000000000000 ) ) ;
#1327 = FACE_OUTER_BOUND ( 'NONE', #1283, .T. ) ;
#1328 = DIRECTION ( 'NONE',  ( -0.7071067811865479058, -0.7071067811865469066, 0.0000000000000000000 ) ) ;
#1329 = VERTEX_POINT ( 'NONE', #2814 ) ;
#1330 = CARTESIAN_POINT ( 'NONE',  ( 0.1263219938489248129, -0.09021343922194134668, 0.07480314960629921850 ) ) ;
#1331 = ORIENTED_EDGE ( 'NONE', *, *, #1404, .T. ) ;
#1332 = EDGE_LOOP ( 'NONE', ( #2754, #255, #699, #1646 ) ) ;
#1333 = CARTESIAN_POINT ( 'NONE',  ( -0.1263219938489248129, -0.09021343922194134668, -0.1023622047244094474 ) ) ;
#1334 = DIRECTION ( 'NONE',  ( 1.000000000000000000, 0.0000000000000000000, 0.0000000000000000000 ) ) ;
#1335 = ORIENTED_EDGE ( 'NONE', *, *, #416, .F. ) ;
#1336 = CARTESIAN_POINT ( 'NONE',  ( 0.08858267716535432601, 0.1377952755905511861, -0.06496062992125983815 ) ) ;
#1337 = EDGE_CURVE ( 'NONE', #3731, #2016, #3073, .T. ) ;
#1338 = EDGE_LOOP ( 'NONE', ( #889, #1057, #3303, #3458 ) ) ;
#1339 = CARTESIAN_POINT ( 'NONE',  ( -0.08858267716535432601, 0.1377952755905511861, 0.1122047244094488139 ) ) ;
#1340 = FACE_OUTER_BOUND ( 'NONE', #817, .T. ) ;
#1341 = CARTESIAN_POINT ( 'NONE',  ( 0.1181102362204724532, 0.003937007874015747977, -0.04921259842519685318 ) ) ;
#1342 = DIRECTION ( 'NONE',  ( 0.7071067811865470176, 0.7071067811865480168, 0.0000000000000000000 ) ) ;
#1343 = EDGE_CURVE ( 'NONE', #4306, #1949, #751, .T. ) ;
#1344 = DIRECTION ( 'NONE',  ( 0.0000000000000000000, -1.000000000000000000, 0.0000000000000000000 ) ) ;
#1345 = DIRECTION ( 'NONE',  ( 1.000000000000000000, 0.0000000000000000000, 0.0000000000000000000 ) ) ;
#1346 = ORIENTED_EDGE ( 'NONE', *, *, #3648, .F. ) ;
#1347 = CARTESIAN_POINT ( 'NONE',  ( 0.1122047244094488277, 0.0000000000000000000, -0.1181102362204724532 ) ) ;
#1348 = ORIENTED_EDGE ( 'NONE', *, *, #1165, .T. ) ;
#1349 = LINE ( 'NONE', #2330, #1704 ) ;
#1350 = CARTESIAN_POINT ( 'NONE',  ( -0.1240157480314960647, -0.1377952755905511861, 0.08366141732283464971 ) ) ;
#1351 = ORIENTED_EDGE ( 'NONE', *, *, #2020, .T. ) ;
#1352 = DIRECTION ( 'NONE',  ( -4.063888932435259910E-16, -1.000000000000000000, 0.0000000000000000000 ) ) ;
#1353 = CIRCLE ( 'NONE', #2923, 0.02362204724409448092 ) ;
#1354 = VECTOR ( 'NONE', #4220, 39.37007874015748143 ) ;
#1355 = VERTEX_POINT ( 'NONE', #3107 ) ;
#1356 = VECTOR ( 'NONE', #165, 39.37007874015748143 ) ;
#1357 = DIRECTION ( 'NONE',  ( 0.0000000000000000000, 0.0000000000000000000, -1.000000000000000000 ) ) ;
#1358 = DIRECTION ( 'NONE',  ( 0.0000000000000000000, 0.0000000000000000000, 1.000000000000000000 ) ) ;
#1359 = VECTOR ( 'NONE', #3603, 39.37007874015748143 ) ;
#1360 = LINE ( 'NONE', #3313, #2307 ) ;
#1361 = EDGE_CURVE ( 'NONE', #3787, #4046, #1353, .T. ) ;
#1362 = CARTESIAN_POINT ( 'NONE',  ( 0.1122047244094488277, 0.1377952755905511861, 0.1122047244094488277 ) ) ;
#1363 = CIRCLE ( 'NONE', #2355, 0.005905511811023620231 ) ;
#1364 = VECTOR ( 'NONE', #2609, 39.37007874015748143 ) ;
#1365 = LINE ( 'NONE', #987, #3049 ) ;
#1366 = EDGE_CURVE ( 'NONE', #2444, #947, #799, .T. ) ;
#1367 = VECTOR ( 'NONE', #80, 39.37007874015748143 ) ;
#1368 = EDGE_CURVE ( 'NONE', #1725, #3388, #648, .T. ) ;
#1369 = VECTOR ( 'NONE', #560, 39.37007874015748143 ) ;
#1370 = DIRECTION ( 'NONE',  ( 1.000000000000000000, 0.0000000000000000000, 0.0000000000000000000 ) ) ;
#1371 = PRESENTATION_LAYER_ASSIGNMENT (  '', '', ( #2511 ) ) ;
#1372 = EDGE_LOOP ( 'NONE', ( #1586, #2023, #1955, #1975 ) ) ;
#1373 = ORIENTED_EDGE ( 'NONE', *, *, #3198, .F. ) ;
#1374 = EDGE_CURVE ( 'NONE', #4000, #1949, #1491, .T. ) ;
#1375 = AXIS2_PLACEMENT_3D ( 'NONE', #897, #2931, #3514 ) ;
#1376 = ORIENTED_EDGE ( 'NONE', *, *, #2525, .T. ) ;
#1377 = FACE_OUTER_BOUND ( 'NONE', #29, .T. ) ;
#1378 = DIRECTION ( 'NONE',  ( 0.0000000000000000000, 1.000000000000000000, 0.0000000000000000000 ) ) ;
#1379 = ORIENTED_EDGE ( 'NONE', *, *, #3864, .T. ) ;
#1380 = AXIS2_PLACEMENT_3D ( 'NONE', #718, #3922, #2261 ) ;
#1381 = ORIENTED_EDGE ( 'NONE', *, *, #1479, .F. ) ;
#1382 = CIRCLE ( 'NONE', #4040, 0.007874015748031499423 ) ;
#1383 = VERTEX_POINT ( 'NONE', #1903 ) ;
#1384 = CIRCLE ( 'NONE', #257, 0.02362204724409448092 ) ;
#1385 = DIRECTION ( 'NONE',  ( 1.000000000000000000, 0.0000000000000000000, 0.0000000000000000000 ) ) ;
#1386 = DIRECTION ( 'NONE',  ( 0.0000000000000000000, 0.0000000000000000000, -1.000000000000000000 ) ) ;
#1387 = EDGE_LOOP ( 'NONE', ( #2306, #1700, #3177, #2282 ) ) ;
#1388 = DIRECTION ( 'NONE',  ( 0.0000000000000000000, 0.0000000000000000000, 1.000000000000000000 ) ) ;
#1389 = ORIENTED_EDGE ( 'NONE', *, *, #1930, .F. ) ;
#1390 = CARTESIAN_POINT ( 'NONE',  ( -0.1318897637795275746, 0.02755905511811023584, -0.07480314960629921850 ) ) ;
#1391 = DIRECTION ( 'NONE',  ( 0.7071067811865480168, -0.7071067811865470176, 0.0000000000000000000 ) ) ;
#1392 = CARTESIAN_POINT ( 'NONE',  ( 0.1318897637795275746, -0.09578120915254409451, -0.1023622047244094474 ) ) ;
#1393 = DIRECTION ( 'NONE',  ( 0.0000000000000000000, 1.000000000000000000, 0.0000000000000000000 ) ) ;
#1394 = LINE ( 'NONE', #434, #650 ) ;
#1395 = ADVANCED_FACE ( 'NONE', ( #3204 ), #3507, .F. ) ;
#1396 = DIRECTION ( 'NONE',  ( 0.0000000000000000000, 0.0000000000000000000, -1.000000000000000000 ) ) ;
#1397 = ORIENTED_EDGE ( 'NONE', *, *, #2832, .F. ) ;
#1398 = DIRECTION ( 'NONE',  ( -4.273955692857149504E-18, -0.9993908270190957621, -0.03489949670250103164 ) ) ;
#1399 = DIRECTION ( 'NONE',  ( 0.0000000000000000000, 1.000000000000000000, 0.0000000000000000000 ) ) ;
#1400 = EDGE_CURVE ( 'NONE', #3684, #845, #825, .T. ) ;
#1401 = VERTEX_POINT ( 'NONE', #571 ) ;
#1402 = ORIENTED_EDGE ( 'NONE', *, *, #1667, .T. ) ;
#1403 = FACE_OUTER_BOUND ( 'NONE', #1902, .T. ) ;
#1404 = EDGE_CURVE ( 'NONE', #494, #3216, #204, .T. ) ;
#1405 = ORIENTED_EDGE ( 'NONE', *, *, #3494, .T. ) ;
#1406 = CARTESIAN_POINT ( 'NONE',  ( -0.1318897637795275746, -0.09578120915254409451, 0.1023622047244094474 ) ) ;
#1407 = PLANE ( 'NONE',  #3257 ) ;
#1408 = ORIENTED_EDGE ( 'NONE', *, *, #3274, .F. ) ;
#1409 = FACE_OUTER_BOUND ( 'NONE', #309, .T. ) ;
#1410 = ORIENTED_EDGE ( 'NONE', *, *, #1094, .T. ) ;
#1411 = DIRECTION ( 'NONE',  ( 0.0000000000000000000, 1.000000000000000000, 0.0000000000000000000 ) ) ;
#1412 = CARTESIAN_POINT ( 'NONE',  ( 0.1240157480314960647, 0.02755905511811023584, 0.1023622047244094474 ) ) ;
#1413 = CARTESIAN_POINT ( 'NONE',  ( -0.1122047244094488277, 0.1299212598425196763, -0.1181102362204724532 ) ) ;
#1414 = CARTESIAN_POINT ( 'NONE',  ( 0.1318897637795275746, -0.1224523058384645591, -0.1023622047244094474 ) ) ;
#1415 = CARTESIAN_POINT ( 'NONE',  ( 0.1318897637795275746, -0.04201406643800709162, 0.1023622047244094474 ) ) ;
#1416 = DIRECTION ( 'NONE',  ( -4.063888932435259910E-16, -1.000000000000000000, 0.0000000000000000000 ) ) ;
#1417 = ADVANCED_FACE ( 'NONE', ( #862 ), #3858, .T. ) ;
#1418 = ORIENTED_EDGE ( 'NONE', *, *, #3066, .T. ) ;
#1419 = FACE_OUTER_BOUND ( 'NONE', #2631, .T. ) ;
#1420 = CARTESIAN_POINT ( 'NONE',  ( 0.1555118110236220763, -0.1377952755905511861, 0.08366141732283464971 ) ) ;
#1421 = CARTESIAN_POINT ( 'NONE',  ( -0.1240157480314960647, -0.09578120915254409451, 0.07480314960629921850 ) ) ;
#1422 = EDGE_CURVE ( 'NONE', #3673, #2520, #16, .T. ) ;
#1423 = ORIENTED_EDGE ( 'NONE', *, *, #1040, .F. ) ;
#1424 = LINE ( 'NONE', #2839, #3605 ) ;
#1425 = ORIENTED_EDGE ( 'NONE', *, *, #618, .F. ) ;
#1426 = CARTESIAN_POINT ( 'NONE',  ( -0.1122047244094488277, 0.1377952755905511861, -0.1181102362204724532 ) ) ;
#1427 = ORIENTED_EDGE ( 'NONE', *, *, #288, .F. ) ;
#1428 = DIRECTION ( 'NONE',  ( 0.7071067811865479058, -0.7071067811865469066, 0.0000000000000000000 ) ) ;
#1429 = ADVANCED_FACE ( 'NONE', ( #1839 ), #2553, .F. ) ;
#1430 = ORIENTED_EDGE ( 'NONE', *, *, #1479, .T. ) ;
#1431 = DIRECTION ( 'NONE',  ( 0.7071067811865469066, -0.7071067811865479058, 0.0000000000000000000 ) ) ;
#1432 = AXIS2_PLACEMENT_3D ( 'NONE', #410, #64, #1080 ) ;
#1433 = AXIS2_PLACEMENT_3D ( 'NONE', #2406, #1739, #17 ) ;
#1434 =( LENGTH_UNIT ( ) NAMED_UNIT ( * ) SI_UNIT ( $, .METRE. ) );
#1435 = FILL_AREA_STYLE_COLOUR ( '', #166 ) ;
#1436 = DIRECTION ( 'NONE',  ( 0.0000000000000000000, 0.0000000000000000000, 1.000000000000000000 ) ) ;
#1437 = STYLED_ITEM ( 'NONE', ( #2681 ), #2105 ) ;
#1438 = CIRCLE ( 'NONE', #3889, 0.02362204724409448092 ) ;
#1439 = CARTESIAN_POINT ( 'NONE',  ( 0.1318897637795275746, 0.02755905511811023584, 0.1023622047244094474 ) ) ;
#1440 = VECTOR ( 'NONE', #3516, 39.37007874015748143 ) ;
#1441 = DIRECTION ( 'NONE',  ( -1.000000000000000000, 0.0000000000000000000, 0.0000000000000000000 ) ) ;
#1442 = CIRCLE ( 'NONE', #1233, 0.07283464566929134798 ) ;
#1443 = ORIENTED_EDGE ( 'NONE', *, *, #4043, .T. ) ;
#1444 = LINE ( 'NONE', #3411, #1510 ) ;
#1445 = LINE ( 'NONE', #3137, #3455 ) ;
#1446 = CIRCLE ( 'NONE', #3900, 0.007874015748031499423 ) ;
#1447 = CYLINDRICAL_SURFACE ( 'NONE', #2519, 0.005905511811023620231 ) ;
#1448 = ORIENTED_EDGE ( 'NONE', *, *, #3541, .F. ) ;
#1449 = DIRECTION ( 'NONE',  ( 0.0000000000000000000, 1.000000000000000000, 0.0000000000000000000 ) ) ;
#1450 = DIRECTION ( 'NONE',  ( 0.0000000000000000000, 0.4999999999999995004, -0.8660254037844390407 ) ) ;
#1451 = EDGE_CURVE ( 'NONE', #1815, #2460, #793, .T. ) ;
#1452 = EDGE_LOOP ( 'NONE', ( #610, #2546, #3701, #2602 ) ) ;
#1453 = EDGE_CURVE ( 'NONE', #1668, #2182, #3875, .T. ) ;
#1454 = CARTESIAN_POINT ( 'NONE',  ( 0.1532055652061933004, -0.06332986786467284523, 0.1023622047244094474 ) ) ;
#1455 = ORIENTED_EDGE ( 'NONE', *, *, #131, .T. ) ;
#1456 = DIRECTION ( 'NONE',  ( 0.0000000000000000000, -1.000000000000000000, 0.0000000000000000000 ) ) ;
#1457 = ORIENTED_EDGE ( 'NONE', *, *, #905, .T. ) ;
#1458 = LINE ( 'NONE', #2757, #2578 ) ;
#1459 = VERTEX_POINT ( 'NONE', #2879 ) ;
#1460 = VECTOR ( 'NONE', #4079, 39.37007874015748143 ) ;
#1461 = EDGE_CURVE ( 'NONE', #1170, #3926, #1292, .T. ) ;
#1462 = DIRECTION ( 'NONE',  ( 0.0000000000000000000, 1.000000000000000000, 0.0000000000000000000 ) ) ;
#1463 =( LENGTH_UNIT ( ) NAMED_UNIT ( * ) SI_UNIT ( $, .METRE. ) );
#1464 = CARTESIAN_POINT ( 'NONE',  ( 0.08858267716535432601, 0.1496062992125984370, -0.08858267716535432601 ) ) ;
#1465 = PLANE ( 'NONE',  #3596 ) ;
#1466 = FACE_BOUND ( 'NONE', #2369, .T. ) ;
#1467 = ORIENTED_EDGE ( 'NONE', *, *, #2743, .T. ) ;
#1468 = CARTESIAN_POINT ( 'NONE',  ( 0.08858267716535432601, 0.1377952755905511861, 0.06496062992125983815 ) ) ;
#1469 = PLANE ( 'NONE',  #1990 ) ;
#1470 = DIRECTION ( 'NONE',  ( -0.7071067811865479058, -0.7071067811865469066, 0.0000000000000000000 ) ) ;
#1471 = ORIENTED_EDGE ( 'NONE', *, *, #446, .T. ) ;
#1472 = CARTESIAN_POINT ( 'NONE',  ( -0.08858267716535432601, 0.1299212598425196763, 0.08858267716535432601 ) ) ;
#1473 = CARTESIAN_POINT ( 'NONE',  ( -0.08858267716535432601, 0.1377952755905511861, -0.08858267716535432601 ) ) ;
#1474 = ORIENTED_EDGE ( 'NONE', *, *, #306, .T. ) ;
#1475 = CARTESIAN_POINT ( 'NONE',  ( -0.1240157480314960647, 0.02755905511811023584, 0.07480314960629921850 ) ) ;
#1476 = VERTEX_POINT ( 'NONE', #3549 ) ;
#1477 = DIRECTION ( 'NONE',  ( 0.0000000000000000000, 0.0000000000000000000, 1.000000000000000000 ) ) ;
#1478 = EDGE_LOOP ( 'NONE', ( #1129, #992, #1547, #3592 ) ) ;
#1479 = EDGE_CURVE ( 'NONE', #2, #1733, #844, .T. ) ;
#1480 = CARTESIAN_POINT ( 'NONE',  ( -0.08858267716535432601, 0.1377952755905511861, 0.1122047244094488139 ) ) ;
#1481 = ORIENTED_EDGE ( 'NONE', *, *, #1212, .T. ) ;
#1482 = DIRECTION ( 'NONE',  ( 1.224646799147353207E-16, 0.0000000000000000000, -1.000000000000000000 ) ) ;
#1483 = CARTESIAN_POINT ( 'NONE',  ( -0.1181102362204724532, 0.03543307086614173179, -0.07480314960629921850 ) ) ;
#1484 = DIRECTION ( 'NONE',  ( 3.519431053647356462E-16, 0.8660254037844389297, 0.4999999999999994449 ) ) ;
#1485 = EDGE_CURVE ( 'NONE', #570, #831, #2614, .T. ) ;
#1486 = PLANE ( 'NONE',  #3812 ) ;
#1487 = DIRECTION ( 'NONE',  ( 0.0000000000000000000, -1.000000000000000000, 0.0000000000000000000 ) ) ;
#1488 = ADVANCED_FACE ( 'NONE', ( #510 ), #555, .F. ) ;
#1489 = ORIENTED_EDGE ( 'NONE', *, *, #3947, .T. ) ;
#1490 = DIRECTION ( 'NONE',  ( 0.0000000000000000000, 0.0000000000000000000, 1.000000000000000000 ) ) ;
#1491 = LINE ( 'NONE', #70, #3108 ) ;
#1492 = DIRECTION ( 'NONE',  ( 0.0000000000000000000, 0.0000000000000000000, 1.000000000000000000 ) ) ;
#1493 = ORIENTED_EDGE ( 'NONE', *, *, #532, .T. ) ;
#1494 = CARTESIAN_POINT ( 'NONE',  ( 0.0000000000000000000, 0.3740157480314960647, 0.0000000000000000000 ) ) ;
#1495 = CARTESIAN_POINT ( 'NONE',  ( -0.1122047244094488277, 0.1299212598425196763, -0.1181102362204724532 ) ) ;
#1496 = ORIENTED_EDGE ( 'NONE', *, *, #1957, .T. ) ;
#1497 = DIRECTION ( 'NONE',  ( 0.0000000000000000000, -1.000000000000000000, 0.0000000000000000000 ) ) ;
#1498 = VERTEX_POINT ( 'NONE', #3584 ) ;
#1499 = ORIENTED_EDGE ( 'NONE', *, *, #3322, .T. ) ;
#1500 = CARTESIAN_POINT ( 'NONE',  ( 0.1181102362204724532, 0.03543307086614173179, -0.1023622047244094474 ) ) ;
#1501 = VERTEX_POINT ( 'NONE', #2180 ) ;
#1502 = EDGE_CURVE ( 'NONE', #907, #649, #1249, .T. ) ;
#1503 = DIRECTION ( 'NONE',  ( 0.0000000000000000000, -1.000000000000000000, 0.0000000000000000000 ) ) ;
#1504 = DIRECTION ( 'NONE',  ( 0.0000000000000000000, 0.0000000000000000000, -1.000000000000000000 ) ) ;
#1505 = CARTESIAN_POINT ( 'NONE',  ( 0.1181102362204724532, 0.02755905511811023584, -0.07480314960629921850 ) ) ;
#1506 = AXIS2_PLACEMENT_3D ( 'NONE', #345, #1616, #2305 ) ;
#1507 = EDGE_CURVE ( 'NONE', #2524, #1913, #1640, .T. ) ;
#1508 = ADVANCED_FACE ( 'NONE', ( #1514 ), #1863, .F. ) ;
#1509 = CARTESIAN_POINT ( 'NONE',  ( -0.1240157480314960647, 0.03543307086614173179, -0.1023622047244094474 ) ) ;
#1510 = VECTOR ( 'NONE', #2461, 39.37007874015748143 ) ;
#1511 = AXIS2_PLACEMENT_3D ( 'NONE', #4134, #1504, #176 ) ;
#1512 = EDGE_LOOP ( 'NONE', ( #3582, #88, #2873, #3704 ) ) ;
#1513 = CYLINDRICAL_SURFACE ( 'NONE', #1081, 0.07283464566929134798 ) ;
#1514 = FACE_OUTER_BOUND ( 'NONE', #2015, .T. ) ;
#1515 = ADVANCED_FACE ( 'NONE', ( #3526 ), #1536, .F. ) ;
#1516 = DIRECTION ( 'NONE',  ( 4.063888932435259910E-16, -1.000000000000000000, 0.0000000000000000000 ) ) ;
#1517 = VECTOR ( 'NONE', #1357, 39.37007874015748143 ) ;
#1518 = ORIENTED_EDGE ( 'NONE', *, *, #2804, .T. ) ;
#1519 = DIRECTION ( 'NONE',  ( 0.0000000000000000000, 0.0000000000000000000, 1.000000000000000000 ) ) ;
#1520 = DIRECTION ( 'NONE',  ( 0.0000000000000000000, -1.000000000000000000, 0.0000000000000000000 ) ) ;
#1521 = ORIENTED_EDGE ( 'NONE', *, *, #3104, .F. ) ;
#1522 = CIRCLE ( 'NONE', #3965, 0.007874015748031499423 ) ;
#1523 = DIRECTION ( 'NONE',  ( 2.454115839351809943E-16, -1.000000000000000000, 0.0000000000000000000 ) ) ;
#1524 = SURFACE_STYLE_FILL_AREA ( #1911 ) ;
#1525 = LINE ( 'NONE', #1194, #4182 ) ;
#1526 = VERTEX_POINT ( 'NONE', #1330 ) ;
#1527 = CARTESIAN_POINT ( 'NONE',  ( 0.1476377952755905387, -0.06889763779527559306, -0.07480314960629921850 ) ) ;
#1528 = CARTESIAN_POINT ( 'NONE',  ( -0.1263219938489248129, -0.09021343922194134668, 0.1023622047244094474 ) ) ;
#1529 = CARTESIAN_POINT ( 'NONE',  ( -0.1318897637795275746, -0.09578120915254409451, -0.1023622047244094474 ) ) ;
#1530 = CIRCLE ( 'NONE', #2793, 0.02362204724409448092 ) ;
#1531 = DIRECTION ( 'NONE',  ( 0.0000000000000000000, 0.0000000000000000000, 1.000000000000000000 ) ) ;
#1532 =( GEOMETRIC_REPRESENTATION_CONTEXT ( 3 ) GLOBAL_UNCERTAINTY_ASSIGNED_CONTEXT ( ( #3115 ) ) GLOBAL_UNIT_ASSIGNED_CONTEXT ( ( #2889, #3910, #2870 ) ) REPRESENTATION_CONTEXT ( 'NONE', 'WORKASPACE' ) );
#1533 = ORIENTED_EDGE ( 'NONE', *, *, #662, .T. ) ;
#1534 = EDGE_CURVE ( 'NONE', #1110, #3434, #1222, .T. ) ;
#1535 = ADVANCED_FACE ( 'NONE', ( #4001 ), #1987, .F. ) ;
#1536 = PLANE ( 'NONE',  #4232 ) ;
#1537 = SPHERICAL_SURFACE ( 'NONE', #37, 0.03937007874015747977 ) ;
#1538 = ORIENTED_EDGE ( 'NONE', *, *, #1008, .T. ) ;
#1539 = CARTESIAN_POINT ( 'NONE',  ( 0.1181102362204724532, 0.02755905511811023584, -0.1023622047244094474 ) ) ;
#1540 = EDGE_CURVE ( 'NONE', #598, #269, #3667, .T. ) ;
#1541 = PLANE ( 'NONE',  #240 ) ;
#1542 = ORIENTED_EDGE ( 'NONE', *, *, #1216, .T. ) ;
#1543 = FACE_BOUND ( 'NONE', #1562, .T. ) ;
#1544 = ORIENTED_EDGE ( 'NONE', *, *, #3779, .T. ) ;
#1545 = ADVANCED_FACE ( 'NONE', ( #3285 ), #1855, .T. ) ;
#1546 = CYLINDRICAL_SURFACE ( 'NONE', #3055, 0.02362204724409448092 ) ;
#1547 = ORIENTED_EDGE ( 'NONE', *, *, #3205, .T. ) ;
#1548 = DIRECTION ( 'NONE',  ( -0.7071067811865469066, -0.7071067811865479058, 0.0000000000000000000 ) ) ;
#1549 = SURFACE_STYLE_USAGE ( .BOTH. , #261 ) ;
#1550 = DIRECTION ( 'NONE',  ( 2.454115839351809943E-16, -1.000000000000000000, 0.0000000000000000000 ) ) ;
#1551 = CARTESIAN_POINT ( 'NONE',  ( -0.1181102362204724532, 0.02755905511811023584, -0.1023622047244094474 ) ) ;
#1552 = ORIENTED_EDGE ( 'NONE', *, *, #3703, .T. ) ;
#1553 = DIRECTION ( 'NONE',  ( 1.000000000000000000, 0.0000000000000000000, 0.0000000000000000000 ) ) ;
#1554 = EDGE_CURVE ( 'NONE', #2904, #925, #3533, .T. ) ;
#1555 = CARTESIAN_POINT ( 'NONE',  ( 0.08858267716535432601, 0.1377952755905511861, -0.08858267716535432601 ) ) ;
#1556 = VERTEX_POINT ( 'NONE', #1284 ) ;
#1557 = LINE ( 'NONE', #2927, #3256 ) ;
#1558 = LINE ( 'NONE', #895, #2574 ) ;
#1559 = ORIENTED_EDGE ( 'NONE', *, *, #959, .F. ) ;
#1560 = ADVANCED_FACE ( 'NONE', ( #2660 ), #3024, .T. ) ;
#1561 = FACE_OUTER_BOUND ( 'NONE', #2390, .T. ) ;
#1562 = EDGE_LOOP ( 'NONE', ( #1499, #1376 ) ) ;
#1563 = DIRECTION ( 'NONE',  ( 0.0000000000000000000, -1.000000000000000000, 0.0000000000000000000 ) ) ;
#1564 = VERTEX_POINT ( 'NONE', #1 ) ;
#1565 = ADVANCED_FACE ( 'NONE', ( #3040 ), #4281, .T. ) ;
#1566 = DIRECTION ( 'NONE',  ( 0.0000000000000000000, 1.000000000000000000, 0.0000000000000000000 ) ) ;
#1567 = DIRECTION ( 'NONE',  ( 0.7071067811865469066, -0.7071067811865479058, 0.0000000000000000000 ) ) ;
#1568 = LINE ( 'NONE', #1944, #3955 ) ;
#1569 = VECTOR ( 'NONE', #225, 39.37007874015748143 ) ;
#1570 = VERTEX_POINT ( 'NONE', #286 ) ;
#1571 = VECTOR ( 'NONE', #1487, 39.37007874015748143 ) ;
#1572 = CARTESIAN_POINT ( 'NONE',  ( 0.1240157480314960647, 0.02755905511811023584, 0.1023622047244094474 ) ) ;
#1573 = VECTOR ( 'NONE', #2326, 39.37007874015748143 ) ;
#1574 = AXIS2_PLACEMENT_3D ( 'NONE', #2301, #1984, #4244 ) ;
#1575 = LINE ( 'NONE', #4248, #3832 ) ;
#1576 = ORIENTED_EDGE ( 'NONE', *, *, #1554, .T. ) ;
#1577 = DIRECTION ( 'NONE',  ( 1.000000000000000000, 0.0000000000000000000, 0.0000000000000000000 ) ) ;
#1578 = AXIS2_PLACEMENT_3D ( 'NONE', #2769, #2817, #1820 ) ;
#1579 = DIRECTION ( 'NONE',  ( 4.063888932435259910E-16, -1.000000000000000000, 0.0000000000000000000 ) ) ;
#1580 = EDGE_LOOP ( 'NONE', ( #1678, #1986, #369, #975 ) ) ;
#1581 = AXIS2_PLACEMENT_3D ( 'NONE', #2453, #60, #2428 ) ;
#1582 = LINE ( 'NONE', #3882, #246 ) ;
#1583 = VECTOR ( 'NONE', #1272, 39.37007874015748143 ) ;
#1584 = AXIS2_PLACEMENT_3D ( 'NONE', #3795, #524, #784 ) ;
#1585 = EDGE_CURVE ( 'NONE', #2083, #4125, #4326, .T. ) ;
#1586 = ORIENTED_EDGE ( 'NONE', *, *, #1802, .F. ) ;
#1587 = CARTESIAN_POINT ( 'NONE',  ( -0.1318897637795275746, -0.04201406643800709162, -0.07480314960629921850 ) ) ;
#1588 = CARTESIAN_POINT ( 'NONE',  ( 0.1181102362204724532, 0.0000000000000000000, -0.1181102362204724532 ) ) ;
#1589 = CARTESIAN_POINT ( 'NONE',  ( -0.1263219938489248129, -0.04758183636860983945, 0.1023622047244094474 ) ) ;
#1590 = VECTOR ( 'NONE', #1523, 39.37007874015748143 ) ;
#1591 = FACE_BOUND ( 'NONE', #1680, .T. ) ;
#1592 = EDGE_CURVE ( 'NONE', #1762, #2393, #3320, .T. ) ;
#1593 = CIRCLE ( 'NONE', #4038, 0.007874015748031499423 ) ;
#1594 = DIRECTION ( 'NONE',  ( 1.000000000000000000, 0.0000000000000000000, 0.0000000000000000000 ) ) ;
#1595 = CIRCLE ( 'NONE', #2169, 0.02362204724409448092 ) ;
#1596 = ORIENTED_EDGE ( 'NONE', *, *, #4332, .F. ) ;
#1597 = EDGE_CURVE ( 'NONE', #2016, #2182, #21, .T. ) ;
#1598 = ORIENTED_EDGE ( 'NONE', *, *, #2025, .T. ) ;
#1599 = DIRECTION ( 'NONE',  ( 1.000000000000000000, 0.0000000000000000000, 0.0000000000000000000 ) ) ;
#1600 = DIRECTION ( 'NONE',  ( 0.0000000000000000000, 0.0000000000000000000, 1.000000000000000000 ) ) ;
#1601 = ORIENTED_EDGE ( 'NONE', *, *, #2473, .F. ) ;
#1602 = LINE ( 'NONE', #575, #719 ) ;
#1603 = CARTESIAN_POINT ( 'NONE',  ( 0.1181102362204724532, 0.03543307086614173179, -0.1023622047244094474 ) ) ;
#1604 = ORIENTED_EDGE ( 'NONE', *, *, #2743, .F. ) ;
#1605 = LINE ( 'NONE', #1295, #2439 ) ;
#1606 = VERTEX_POINT ( 'NONE', #3938 ) ;
#1607 = CARTESIAN_POINT ( 'NONE',  ( 0.08858267716535432601, 0.1496062992125984370, -0.06496062992125983815 ) ) ;
#1608 =( CONVERSION_BASED_UNIT ( 'INCH', #237 ) LENGTH_UNIT ( ) NAMED_UNIT ( #1247 ) );
#1609 = DIRECTION ( 'NONE',  ( 0.0000000000000000000, 0.0000000000000000000, -1.000000000000000000 ) ) ;
#1610 = EDGE_CURVE ( 'NONE', #2823, #850, #361, .T. ) ;
#1611 = DIRECTION ( 'NONE',  ( 0.0000000000000000000, -1.000000000000000000, 0.0000000000000000000 ) ) ;
#1612 = DIRECTION ( 'NONE',  ( -0.7071067811865479058, -0.7071067811865469066, 0.0000000000000000000 ) ) ;
#1613 = EDGE_CURVE ( 'NONE', #3989, #4200, #2981, .T. ) ;
#1614 = ORIENTED_EDGE ( 'NONE', *, *, #3801, .F. ) ;
#1615 = ORIENTED_EDGE ( 'NONE', *, *, #4053, .F. ) ;
#1616 = DIRECTION ( 'NONE',  ( 0.0000000000000000000, 1.000000000000000000, 0.0000000000000000000 ) ) ;
#1617 = ORIENTED_EDGE ( 'NONE', *, *, #3409, .F. ) ;
#1618 = ADVANCED_FACE ( 'NONE', ( #660 ), #3345, .T. ) ;
#1619 = LINE ( 'NONE', #641, #4185 ) ;
#1620 = VERTEX_POINT ( 'NONE', #2014 ) ;
#1621 = PLANE ( 'NONE',  #2430 ) ;
#1622 = EDGE_LOOP ( 'NONE', ( #2798, #2327, #1925, #1656, #3232, #1071, #2794, #4279, #316, #2466, #2094, #3337, #3669, #79, #1322, #781, #183 ) ) ;
#1623 = CARTESIAN_POINT ( 'NONE',  ( -0.1181102362204724532, 0.1377952755905511861, -0.1181102362204724532 ) ) ;
#1624 = ORIENTED_EDGE ( 'NONE', *, *, #1151, .T. ) ;
#1625 = DIRECTION ( 'NONE',  ( 1.000000000000000000, 0.0000000000000000000, 0.0000000000000000000 ) ) ;
#1626 = LINE ( 'NONE', #1588, #1364 ) ;
#1627 = DIRECTION ( 'NONE',  ( -1.000000000000000000, 0.0000000000000000000, 0.0000000000000000000 ) ) ;
#1628 = FACE_BOUND ( 'NONE', #809, .T. ) ;
#1629 = DIRECTION ( 'NONE',  ( 0.0000000000000000000, 1.000000000000000000, 0.0000000000000000000 ) ) ;
#1630 = ORIENTED_EDGE ( 'NONE', *, *, #335, .T. ) ;
#1631 = ORIENTED_EDGE ( 'NONE', *, *, #662, .F. ) ;
#1632 = DIRECTION ( 'NONE',  ( 0.0000000000000000000, -1.000000000000000000, 0.0000000000000000000 ) ) ;
#1633 = EDGE_CURVE ( 'NONE', #2112, #1947, #2416, .T. ) ;
#1634 = EDGE_CURVE ( 'NONE', #4020, #3157, #4089, .T. ) ;
#1635 = EDGE_LOOP ( 'NONE', ( #2980, #171, #3269, #3166 ) ) ;
#1636 = DIRECTION ( 'NONE',  ( 0.0000000000000000000, 0.0000000000000000000, -1.000000000000000000 ) ) ;
#1637 = EDGE_LOOP ( 'NONE', ( #168, #4272 ) ) ;
#1638 = CYLINDRICAL_SURFACE ( 'NONE', #3604, 0.007874015748031466463 ) ;
#1639 = CARTESIAN_POINT ( 'NONE',  ( -0.1318897637795275746, -0.1224523058384645591, -0.07480314960629921850 ) ) ;
#1640 = CIRCLE ( 'NONE', #2770, 0.007874015748031499423 ) ;
#1641 = EDGE_CURVE ( 'NONE', #494, #1186, #2079, .T. ) ;
#1642 = AXIS2_PLACEMENT_3D ( 'NONE', #2475, #2120, #3446 ) ;
#1643 = VERTEX_POINT ( 'NONE', #3132 ) ;
#1644 = DIRECTION ( 'NONE',  ( -1.000000000000000000, 0.0000000000000000000, 0.0000000000000000000 ) ) ;
#1645 = VECTOR ( 'NONE', #4099, 39.37007874015748143 ) ;
#1646 = ORIENTED_EDGE ( 'NONE', *, *, #69, .T. ) ;
#1647 = AXIS2_PLACEMENT_3D ( 'NONE', #3342, #1342, #2653 ) ;
#1648 = VECTOR ( 'NONE', #1792, 39.37007874015748143 ) ;
#1649 = CARTESIAN_POINT ( 'NONE',  ( 0.1240157480314960647, -0.09578120915254409451, 0.1023622047244094474 ) ) ;
#1650 = DIRECTION ( 'NONE',  ( 0.0000000000000000000, -1.000000000000000000, 0.0000000000000000000 ) ) ;
#1651 = CARTESIAN_POINT ( 'NONE',  ( -0.1555118110236220208, -0.06889763779527559306, 0.07480314960629921850 ) ) ;
#1652 = DIRECTION ( 'NONE',  ( 0.0000000000000000000, -1.000000000000000000, 0.0000000000000000000 ) ) ;
#1653 = CIRCLE ( 'NONE', #4314, 0.005905511811023620231 ) ;
#1654 = LINE ( 'NONE', #3064, #4233 ) ;
#1655 = VECTOR ( 'NONE', #3016, 39.37007874015748143 ) ;
#1656 = ORIENTED_EDGE ( 'NONE', *, *, #3354, .F. ) ;
#1657 = CARTESIAN_POINT ( 'NONE',  ( -0.1240157480314960647, -0.1024489833240242176, -0.1139111283628084642 ) ) ;
#1658 = ORIENTED_EDGE ( 'NONE', *, *, #4111, .T. ) ;
#1659 = CONICAL_SURFACE ( 'NONE', #606, 0.06889763779527559306, 0.03490658503988665340 ) ;
#1660 = DIRECTION ( 'NONE',  ( 0.0000000000000000000, 0.0000000000000000000, 1.000000000000000000 ) ) ;
#1661 = VERTEX_POINT ( 'NONE', #3710 ) ;
#1662 = CARTESIAN_POINT ( 'NONE',  ( -0.08858267716535432601, 0.1299212598425196763, -0.06496062992125983815 ) ) ;
#1663 = CARTESIAN_POINT ( 'NONE',  ( -0.08858267716535432601, 0.1299212598425196763, 0.1122047244094488139 ) ) ;
#1664 = VECTOR ( 'NONE', #3995, 39.37007874015748143 ) ;
#1665 = ORIENTED_EDGE ( 'NONE', *, *, #155, .F. ) ;
#1666 = CARTESIAN_POINT ( 'NONE',  ( 0.1476377952755905387, -0.06889763779527559306, -0.1023622047244094474 ) ) ;
#1667 = EDGE_CURVE ( 'NONE', #3575, #3260, #1394, .T. ) ;
#1668 = VERTEX_POINT ( 'NONE', #697 ) ;
#1669 = DIRECTION ( 'NONE',  ( -4.063888932435259910E-16, 1.000000000000000000, 0.0000000000000000000 ) ) ;
#1670 = CARTESIAN_POINT ( 'NONE',  ( -0.1318897637795275746, -0.1224523058384645591, -0.07480314960629921850 ) ) ;
#1671 = CARTESIAN_POINT ( 'NONE',  ( -0.1181102362204724532, 0.1377952755905511861, 0.1122047244094488277 ) ) ;
#1672 = EDGE_CURVE ( 'NONE', #598, #2741, #3406, .T. ) ;
#1673 = DIRECTION ( 'NONE',  ( 0.0000000000000000000, 1.000000000000000000, 0.0000000000000000000 ) ) ;
#1674 = LINE ( 'NONE', #2433, #300 ) ;
#1675 = DIRECTION ( 'NONE',  ( 0.0000000000000000000, -1.000000000000000000, 0.0000000000000000000 ) ) ;
#1676 = ORIENTED_EDGE ( 'NONE', *, *, #229, .T. ) ;
#1677 = LINE ( 'NONE', #748, #712 ) ;
#1678 = ORIENTED_EDGE ( 'NONE', *, *, #3699, .T. ) ;
#1679 = CARTESIAN_POINT ( 'NONE',  ( 0.1240157480314960647, 0.03543307086614173179, -0.1023622047244094474 ) ) ;
#1680 = EDGE_LOOP ( 'NONE', ( #3229, #1722 ) ) ;
#1681 = ADVANCED_FACE ( 'NONE', ( #138 ), #3479, .T. ) ;
#1682 = CARTESIAN_POINT ( 'NONE',  ( 7.168966131759132722E-18, 0.3740157480314960647, -0.05657174612875812136 ) ) ;
#1683 = EDGE_CURVE ( 'NONE', #2908, #553, #3730, .T. ) ;
#1684 = ORIENTED_EDGE ( 'NONE', *, *, #1066, .T. ) ;
#1685 = EDGE_CURVE ( 'NONE', #3577, #3248, #767, .T. ) ;
#1686 = CARTESIAN_POINT ( 'NONE',  ( 0.1318897637795275746, -0.09578120915254409451, 0.1023622047244094474 ) ) ;
#1687 = CARTESIAN_POINT ( 'NONE',  ( -0.1181102362204724532, 0.03543307086614173179, 0.07480314960629921850 ) ) ;
#1688 = DIRECTION ( 'NONE',  ( 1.000000000000000000, 0.0000000000000000000, 0.0000000000000000000 ) ) ;
#1689 = LINE ( 'NONE', #2384, #2002 ) ;
#1690 = ADVANCED_FACE ( 'NONE', ( #1785 ), #3780, .T. ) ;
#1691 = LINE ( 'NONE', #2715, #2847 ) ;
#1692 = DIRECTION ( 'NONE',  ( 0.0000000000000000000, 1.000000000000000000, 0.0000000000000000000 ) ) ;
#1693 = ORIENTED_EDGE ( 'NONE', *, *, #2622, .T. ) ;
#1694 = ORIENTED_EDGE ( 'NONE', *, *, #634, .T. ) ;
#1695 = VERTEX_POINT ( 'NONE', #3449 ) ;
#1696 = CARTESIAN_POINT ( 'NONE',  ( 0.1318897637795275746, -0.1224523058384645591, 0.1023622047244094474 ) ) ;
#1697 = CYLINDRICAL_SURFACE ( 'NONE', #305, 0.007874015748031466463 ) ;
#1698 = ORIENTED_EDGE ( 'NONE', *, *, #1094, .F. ) ;
#1699 = ADVANCED_BREP_SHAPE_REPRESENTATION ( 'CUI_DEVICES_TS02-66-95-BK-100-LCR-D', ( #3448, #614, #637, #1904, #2105, #3440, #3280 ), #1532 ) ;
#1700 = ORIENTED_EDGE ( 'NONE', *, *, #101, .F. ) ;
#1701 = AXIS2_PLACEMENT_3D ( 'NONE', #2445, #3842, #3459 ) ;
#1702 = AXIS2_PLACEMENT_3D ( 'NONE', #3524, #1857, #507 ) ;
#1703 = VERTEX_POINT ( 'NONE', #1741 ) ;
#1704 = VECTOR ( 'NONE', #2744, 39.37007874015748143 ) ;
#1705 = LINE ( 'NONE', #1454, #178 ) ;
#1706 = DIRECTION ( 'NONE',  ( 0.0000000000000000000, 0.0000000000000000000, -1.000000000000000000 ) ) ;
#1707 = VECTOR ( 'NONE', #1833, 39.37007874015748143 ) ;
#1708 = CARTESIAN_POINT ( 'NONE',  ( 0.1240157480314960647, -0.09578120915254409451, -0.1023622047244094474 ) ) ;
#1709 = EDGE_CURVE ( 'NONE', #2393, #95, #4064, .T. ) ;
#1710 = VERTEX_POINT ( 'NONE', #1056 ) ;
#1711 = ADVANCED_FACE ( 'NONE', ( #747 ), #1126, .T. ) ;
#1712 = CARTESIAN_POINT ( 'NONE',  ( -0.1318897637795275746, -0.04201406643800709162, -0.1023622047244094474 ) ) ;
#1713 = VECTOR ( 'NONE', #1226, 39.37007874015748143 ) ;
#1714 = VECTOR ( 'NONE', #3141, 39.37007874015748143 ) ;
#1715 = LINE ( 'NONE', #2737, #87 ) ;
#1716 = VECTOR ( 'NONE', #3850, 39.37007874015748143 ) ;
#1717 = ADVANCED_FACE ( 'NONE', ( #114 ), #1465, .F. ) ;
#1718 = DIRECTION ( 'NONE',  ( -0.0000000000000000000, 0.4999999999999995004, 0.8660254037844390407 ) ) ;
#1719 = AXIS2_PLACEMENT_3D ( 'NONE', #172, #2844, #3822 ) ;
#1720 = LINE ( 'NONE', #3069, #4228 ) ;
#1721 = CIRCLE ( 'NONE', #2996, 0.07283464566929134798 ) ;
#1722 = ORIENTED_EDGE ( 'NONE', *, *, #1045, .F. ) ;
#1723 = FILL_AREA_STYLE_COLOUR ( '', #23 ) ;
#1724 = LINE ( 'NONE', #2835, #1788 ) ;
#1725 = VERTEX_POINT ( 'NONE', #2051 ) ;
#1726 = CIRCLE ( 'NONE', #382, 0.02362204724409448092 ) ;
#1727 =( CONVERSION_BASED_UNIT ( 'INCH', #3051 ) LENGTH_UNIT ( ) NAMED_UNIT ( #3567 ) );
#1728 = ORIENTED_EDGE ( 'NONE', *, *, #3111, .F. ) ;
#1729 = CIRCLE ( 'NONE', #3408, 0.007874015748031499423 ) ;
#1730 = ORIENTED_EDGE ( 'NONE', *, *, #2959, .T. ) ;
#1731 = PLANE ( 'NONE',  #2861 ) ;
#1732 = DIRECTION ( 'NONE',  ( 0.0000000000000000000, 0.0000000000000000000, 1.000000000000000000 ) ) ;
#1733 = VERTEX_POINT ( 'NONE', #3759 ) ;
#1734 = CARTESIAN_POINT ( 'NONE',  ( 0.08858267716535432601, 0.1496062992125984370, 0.08858267716535432601 ) ) ;
#1735 = EDGE_LOOP ( 'NONE', ( #1252, #758, #1276, #2722, #2353, #3372, #2135, #3185 ) ) ;
#1736 = CARTESIAN_POINT ( 'NONE',  ( 0.1122047244094488277, 0.1299212598425196763, 0.1181102362204724532 ) ) ;
#1737 = ADVANCED_FACE ( 'NONE', ( #2761 ), #3427, .T. ) ;
#1738 = FILL_AREA_STYLE_COLOUR ( '', #3681 ) ;
#1739 = DIRECTION ( 'NONE',  ( 0.0000000000000000000, 1.000000000000000000, 0.0000000000000000000 ) ) ;
#1740 = CARTESIAN_POINT ( 'NONE',  ( 0.08858267716535432601, 0.1377952755905511861, -0.06496062992125983815 ) ) ;
#1741 = CARTESIAN_POINT ( 'NONE',  ( -0.1555118110236220208, -0.06889763779527559306, -0.1023622047244094474 ) ) ;
#1742 = EDGE_CURVE ( 'NONE', #4143, #2378, #2810, .T. ) ;
#1743 = LINE ( 'NONE', #3088, #2414 ) ;
#1744 = VERTEX_POINT ( 'NONE', #1760 ) ;
#1745 = DIRECTION ( 'NONE',  ( 0.0000000000000000000, 1.000000000000000000, 0.0000000000000000000 ) ) ;
#1746 = DIRECTION ( 'NONE',  ( 0.0000000000000000000, 0.0000000000000000000, 1.000000000000000000 ) ) ;
#1747 = EDGE_CURVE ( 'NONE', #3718, #1314, #85, .T. ) ;
#1748 = DIRECTION ( 'NONE',  ( 0.0000000000000000000, 0.0000000000000000000, -1.000000000000000000 ) ) ;
#1749 = VERTEX_POINT ( 'NONE', #2787 ) ;
#1750 = DIRECTION ( 'NONE',  ( 1.000000000000000000, 0.0000000000000000000, 0.0000000000000000000 ) ) ;
#1751 = ORIENTED_EDGE ( 'NONE', *, *, #1633, .T. ) ;
#1752 = DIRECTION ( 'NONE',  ( 0.0000000000000000000, 1.000000000000000000, 0.0000000000000000000 ) ) ;
#1753 = VERTEX_POINT ( 'NONE', #791 ) ;
#1754 = CARTESIAN_POINT ( 'NONE',  ( -0.1532055652061933004, -0.07446540772587834089, 0.1023622047244094474 ) ) ;
#1755 = ORIENTED_EDGE ( 'NONE', *, *, #2959, .F. ) ;
#1756 = DIRECTION ( 'NONE',  ( 0.0000000000000000000, 0.0000000000000000000, 1.000000000000000000 ) ) ;
#1757 = PRESENTATION_STYLE_ASSIGNMENT (( #2119 ) ) ;
#1758 = PLANE ( 'NONE',  #1511 ) ;
#1759 = DIRECTION ( 'NONE',  ( 0.0000000000000000000, 0.0000000000000000000, -1.000000000000000000 ) ) ;
#1760 = CARTESIAN_POINT ( 'NONE',  ( 0.1263219938489248129, -0.09021343922194134668, -0.1023622047244094474 ) ) ;
#1761 = ORIENTED_EDGE ( 'NONE', *, *, #456, .F. ) ;
#1762 = VERTEX_POINT ( 'NONE', #2146 ) ;
#1763 = ADVANCED_FACE ( 'NONE', ( #465 ), #1813, .F. ) ;
#1764 = DIRECTION ( 'NONE',  ( 0.0000000000000000000, 0.0000000000000000000, -1.000000000000000000 ) ) ;
#1765 = ADVANCED_FACE ( 'NONE', ( #3829 ), #1486, .F. ) ;
#1766 = CARTESIAN_POINT ( 'NONE',  ( 0.0000000000000000000, 0.1377952755905511861, 0.0000000000000000000 ) ) ;
#1767 = ORIENTED_EDGE ( 'NONE', *, *, #3645, .T. ) ;
#1768 = FACE_OUTER_BOUND ( 'NONE', #3939, .T. ) ;
#1769 = ADVANCED_FACE ( 'NONE', ( #2517 ), #3811, .T. ) ;
#1770 = CARTESIAN_POINT ( 'NONE',  ( 0.1555118110236220763, -0.1054045616694795212, 0.1122047244094488277 ) ) ;
#1771 = ORIENTED_EDGE ( 'NONE', *, *, #4158, .F. ) ;
#1772 = CYLINDRICAL_SURFACE ( 'NONE', #730, 0.02362204724409448092 ) ;
#1773 = VERTEX_POINT ( 'NONE', #3788 ) ;
#1774 = FACE_OUTER_BOUND ( 'NONE', #3319, .T. ) ;
#1775 = VECTOR ( 'NONE', #1579, 39.37007874015748143 ) ;
#1776 = CLOSED_SHELL ( 'NONE', ( #2542, #3869, #2314, #444, #2257, #2646, #3717, #668, #3587, #2039, #2290, #3246, #1395, #1488, #1535, #3299, #538, #2853, #2395, #4198 ) ) ;
#1777 = ORIENTED_EDGE ( 'NONE', *, *, #2040, .T. ) ;
#1778 = CARTESIAN_POINT ( 'NONE',  ( -0.1532055652061933004, -0.07446540772587834089, -0.1023622047244094474 ) ) ;
#1779 = VERTEX_POINT ( 'NONE', #190 ) ;
#1780 = CIRCLE ( 'NONE', #1923, 0.007874015748031499423 ) ;
#1781 = CYLINDRICAL_SURFACE ( 'NONE', #2066, 0.007874015748031499423 ) ;
#1782 = DIRECTION ( 'NONE',  ( 0.0000000000000000000, 0.0000000000000000000, -1.000000000000000000 ) ) ;
#1783 = CIRCLE ( 'NONE', #586, 0.005905511811023620231 ) ;
#1784 = MECHANICAL_DESIGN_GEOMETRIC_PRESENTATION_REPRESENTATION (  '', ( #1079 ), #2424 ) ;
#1785 = FACE_OUTER_BOUND ( 'NONE', #1825, .T. ) ;
#1786 = VECTOR ( 'NONE', #3867, 39.37007874015748143 ) ;
#1787 = DIRECTION ( 'NONE',  ( 1.000000000000000000, 0.0000000000000000000, 0.0000000000000000000 ) ) ;
#1788 = VECTOR ( 'NONE', #4120, 39.37007874015748143 ) ;
#1789 = ORIENTED_EDGE ( 'NONE', *, *, #3354, .T. ) ;
#1790 = CARTESIAN_POINT ( 'NONE',  ( 0.1240157480314960647, -0.1377952755905511861, -0.1023622047244094474 ) ) ;
#1791 = VECTOR ( 'NONE', #2192, 39.37007874015748143 ) ;
#1792 = DIRECTION ( 'NONE',  ( -3.519431053647356462E-16, -0.8660254037844389297, -0.4999999999999994449 ) ) ;
#1793 = AXIS2_PLACEMENT_3D ( 'NONE', #2166, #498, #3165 ) ;
#1794 = EDGE_CURVE ( 'NONE', #2590, #896, #449, .T. ) ;
#1795 = DIRECTION ( 'NONE',  ( 0.0000000000000000000, 0.0000000000000000000, -1.000000000000000000 ) ) ;
#1796 = ORIENTED_EDGE ( 'NONE', *, *, #4153, .T. ) ;
#1797 = LINE ( 'NONE', #97, #2569 ) ;
#1798 = UNCERTAINTY_MEASURE_WITH_UNIT (LENGTH_MEASURE( 1.000000000000000082E-05 ), #2522, 'distance_accuracy_value', 'NONE');
#1799 = DIRECTION ( 'NONE',  ( 1.000000000000000000, 0.0000000000000000000, 0.0000000000000000000 ) ) ;
#1800 = MECHANICAL_DESIGN_GEOMETRIC_PRESENTATION_REPRESENTATION (  '', ( #2716 ), #3969 ) ;
#1801 = ORIENTED_EDGE ( 'NONE', *, *, #3586, .F. ) ;
#1802 = EDGE_CURVE ( 'NONE', #3575, #2083, #1797, .T. ) ;
#1803 = LINE ( 'NONE', #3791, #2437 ) ;
#1804 = EDGE_LOOP ( 'NONE', ( #1318, #980, #2250, #683 ) ) ;
#1805 = DIRECTION ( 'NONE',  ( 0.0000000000000000000, 1.000000000000000000, 0.0000000000000000000 ) ) ;
#1806 = CIRCLE ( 'NONE', #4317, 0.005905511811023620231 ) ;
#1807 = ORIENTED_EDGE ( 'NONE', *, *, #2315, .F. ) ;
#1808 = LINE ( 'NONE', #130, #877 ) ;
#1809 = ORIENTED_EDGE ( 'NONE', *, *, #3617, .T. ) ;
#1810 = AXIS2_PLACEMENT_3D ( 'NONE', #3358, #2673, #3296 ) ;
#1811 = CARTESIAN_POINT ( 'NONE',  ( 0.1318897637795275746, -0.09578120915254409451, 0.1023622047244094474 ) ) ;
#1812 = DIRECTION ( 'NONE',  ( 0.0000000000000000000, 0.0000000000000000000, -1.000000000000000000 ) ) ;
#1813 = PLANE ( 'NONE',  #1000 ) ;
#1814 = FACE_BOUND ( 'NONE', #1189, .T. ) ;
#1815 = VERTEX_POINT ( 'NONE', #3208 ) ;
#1816 = LINE ( 'NONE', #2125, #2706 ) ;
#1817 = DIRECTION ( 'NONE',  ( 0.0000000000000000000, 1.000000000000000000, 0.0000000000000000000 ) ) ;
#1818 = DIRECTION ( 'NONE',  ( 0.0000000000000000000, -1.000000000000000000, 0.0000000000000000000 ) ) ;
#1819 = VERTEX_POINT ( 'NONE', #3139 ) ;
#1820 = DIRECTION ( 'NONE',  ( 1.000000000000000000, 0.0000000000000000000, 0.0000000000000000000 ) ) ;
#1821 = CARTESIAN_POINT ( 'NONE',  ( -0.08858267716535432601, 0.1181102362204724532, 0.08858267716535432601 ) ) ;
#1822 = EDGE_CURVE ( 'NONE', #4216, #2791, #436, .T. ) ;
#1823 = EDGE_LOOP ( 'NONE', ( #1402, #2165, #3974, #428, #1598, #823 ) ) ;
#1824 = FACE_BOUND ( 'NONE', #795, .T. ) ;
#1825 = EDGE_LOOP ( 'NONE', ( #1552, #502, #596, #756 ) ) ;
#1826 = DIRECTION ( 'NONE',  ( 0.0000000000000000000, 1.000000000000000000, 0.0000000000000000000 ) ) ;
#1827 = ORIENTED_EDGE ( 'NONE', *, *, #3065, .T. ) ;
#1828 = CARTESIAN_POINT ( 'NONE',  ( 0.1122047244094488277, 0.1299212598425196763, -0.1181102362204724532 ) ) ;
#1829 = EDGE_CURVE ( 'NONE', #3718, #1288, #806, .T. ) ;
#1830 = EDGE_CURVE ( 'NONE', #3888, #2863, #231, .T. ) ;
#1831 = ORIENTED_EDGE ( 'NONE', *, *, #3348, .F. ) ;
#1832 = CARTESIAN_POINT ( 'NONE',  ( -0.1476377952755905387, -0.06889763779527559306, -0.07480314960629921850 ) ) ;
#1833 = DIRECTION ( 'NONE',  ( 0.0000000000000000000, -1.000000000000000000, 0.0000000000000000000 ) ) ;
#1834 = DIRECTION ( 'NONE',  ( 1.000000000000000000, 0.0000000000000000000, 0.0000000000000000000 ) ) ;
#1835 = ADVANCED_FACE ( 'NONE', ( #1869 ), #2795, .T. ) ;
#1836 = DIRECTION ( 'NONE',  ( -1.000000000000000000, 0.0000000000000000000, 0.0000000000000000000 ) ) ;
#1837 = ORIENTED_EDGE ( 'NONE', *, *, #798, .T. ) ;
#1838 = CARTESIAN_POINT ( 'NONE',  ( 0.1555118110236220208, -0.06889763779527559306, 0.07480314960629921850 ) ) ;
#1839 = FACE_OUTER_BOUND ( 'NONE', #2223, .T. ) ;
#1840 = DIRECTION ( 'NONE',  ( 0.0000000000000000000, -1.000000000000000000, 0.0000000000000000000 ) ) ;
#1841 = ORIENTED_EDGE ( 'NONE', *, *, #3594, .T. ) ;
#1842 = CYLINDRICAL_SURFACE ( 'NONE', #4021, 0.007874015748031466463 ) ;
#1843 = CARTESIAN_POINT ( 'NONE',  ( 0.08858267716535432601, 0.1299212598425196763, 0.06496062992125983815 ) ) ;
#1844 = ORIENTED_EDGE ( 'NONE', *, *, #968, .T. ) ;
#1845 = CARTESIAN_POINT ( 'NONE',  ( 0.1318897637795275746, -0.04201406643800709162, -0.1023622047244094474 ) ) ;
#1846 = ORIENTED_EDGE ( 'NONE', *, *, #2288, .T. ) ;
#1847 = FILL_AREA_STYLE_COLOUR ( '', #2528 ) ;
#1848 = CARTESIAN_POINT ( 'NONE',  ( -0.1181102362204724532, 0.03543307086614173179, 0.07480314960629921850 ) ) ;
#1849 = ORIENTED_EDGE ( 'NONE', *, *, #4165, .T. ) ;
#1850 = DIRECTION ( 'NONE',  ( 0.0000000000000000000, 0.0000000000000000000, -1.000000000000000000 ) ) ;
#1851 = DIRECTION ( 'NONE',  ( 0.0000000000000000000, -1.000000000000000000, 0.0000000000000000000 ) ) ;
#1852 = VECTOR ( 'NONE', #4184, 39.37007874015748143 ) ;
#1853 = DIRECTION ( 'NONE',  ( -0.7071067811865469066, -0.7071067811865479058, 0.0000000000000000000 ) ) ;
#1854 = ADVANCED_FACE ( 'NONE', ( #1768 ), #1187, .T. ) ;
#1855 = TOROIDAL_SURFACE ( 'NONE', #1506, 0.05657174612875812136, 0.003937007874015747977 ) ;
#1856 = AXIS2_PLACEMENT_3D ( 'NONE', #3152, #1105, #765 ) ;
#1857 = DIRECTION ( 'NONE',  ( 0.0000000000000000000, -1.000000000000000000, 0.0000000000000000000 ) ) ;
#1858 = MECHANICAL_DESIGN_GEOMETRIC_PRESENTATION_REPRESENTATION (  '', ( #234 ), #4298 ) ;
#1859 = EDGE_CURVE ( 'NONE', #1703, #3346, #3529, .T. ) ;
#1860 = AXIS2_PLACEMENT_3D ( 'NONE', #1473, #3117, #1064 ) ;
#1861 = ORIENTED_EDGE ( 'NONE', *, *, #3039, .T. ) ;
#1862 = CARTESIAN_POINT ( 'NONE',  ( -0.1318897637795275746, -0.1224523058384645591, 0.1023622047244094474 ) ) ;
#1863 = PLANE ( 'NONE',  #715 ) ;
#1864 = CIRCLE ( 'NONE', #1860, 0.02362204724409448092 ) ;
#1865 = ADVANCED_FACE ( 'NONE', ( #3162 ), #1842, .T. ) ;
#1866 = DIRECTION ( 'NONE',  ( 1.445602896647339903E-16, 0.0000000000000000000, 1.000000000000000000 ) ) ;
#1867 = VECTOR ( 'NONE', #3950, 39.37007874015748143 ) ;
#1868 = EDGE_LOOP ( 'NONE', ( #680, #1180, #24, #1846 ) ) ;
#1869 = FACE_OUTER_BOUND ( 'NONE', #1332, .T. ) ;
#1870 = CARTESIAN_POINT ( 'NONE',  ( 0.1240157480314960647, -0.04201406643800709162, -0.1023622047244094474 ) ) ;
#1871 = ORIENTED_EDGE ( 'NONE', *, *, #3205, .F. ) ;
#1872 = CIRCLE ( 'NONE', #3683, 0.06889763779527559306 ) ;
#1873 = PLANE ( 'NONE',  #1240 ) ;
#1874 = EDGE_LOOP ( 'NONE', ( #3170, #2945, #2695, #3283 ) ) ;
#1875 = CIRCLE ( 'NONE', #3619, 0.05657174612875812136 ) ;
#1876 = DIRECTION ( 'NONE',  ( 0.0000000000000000000, 0.0000000000000000000, 1.000000000000000000 ) ) ;
#1877 = ORIENTED_EDGE ( 'NONE', *, *, #3124, .T. ) ;
#1878 = AXIS2_PLACEMENT_3D ( 'NONE', #2281, #2738, #1636 ) ;
#1879 = CARTESIAN_POINT ( 'NONE',  ( 0.08858267716535432601, 0.1496062992125984370, 0.08858267716535432601 ) ) ;
#1880 = DIRECTION ( 'NONE',  ( -1.000000000000000000, 0.0000000000000000000, 0.0000000000000000000 ) ) ;
#1881 = LINE ( 'NONE', #3218, #2523 ) ;
#1882 = EDGE_CURVE ( 'NONE', #896, #1661, #4168, .T. ) ;
#1883 = LINE ( 'NONE', #3802, #227 ) ;
#1884 = EDGE_LOOP ( 'NONE', ( #2492, #3675, #1118, #1265 ) ) ;
#1885 = CARTESIAN_POINT ( 'NONE',  ( -0.1181102362204724532, 0.1377952755905511861, 0.1181102362204724532 ) ) ;
#1886 = ADVANCED_FACE ( 'NONE', ( #754 ), #1163, .F. ) ;
#1887 = CARTESIAN_POINT ( 'NONE',  ( 0.1181102362204724532, 0.03543307086614173179, -0.07480314960629921850 ) ) ;
#1888 = ORIENTED_EDGE ( 'NONE', *, *, #2766, .T. ) ;
#1889 =( LENGTH_UNIT ( ) NAMED_UNIT ( * ) SI_UNIT ( $, .METRE. ) );
#1890 = CARTESIAN_POINT ( 'NONE',  ( 0.1532055652061933004, -0.07446540772587834089, 0.1023622047244094474 ) ) ;
#1891 = EDGE_CURVE ( 'NONE', #3097, #2129, #3113, .T. ) ;
#1892 = ORIENTED_EDGE ( 'NONE', *, *, #110, .T. ) ;
#1893 = FACE_BOUND ( 'NONE', #49, .T. ) ;
#1894 = EDGE_LOOP ( 'NONE', ( #2986, #1457, #1443, #3308 ) ) ;
#1895 = APPLICATION_PROTOCOL_DEFINITION ( 'draft international standard', 'automotive_design', 1998, #2895 ) ;
#1896 = LINE ( 'NONE', #2497, #3609 ) ;
#1897 = ORIENTED_EDGE ( 'NONE', *, *, #1957, .F. ) ;
#1898 = CARTESIAN_POINT ( 'NONE',  ( -0.1476377952755905387, -0.06889763779527559306, -0.1023622047244094474 ) ) ;
#1899 = DIRECTION ( 'NONE',  ( 0.0000000000000000000, 0.0000000000000000000, -1.000000000000000000 ) ) ;
#1900 = DIRECTION ( 'NONE',  ( 0.0000000000000000000, 1.000000000000000000, 0.0000000000000000000 ) ) ;
#1901 = FACE_OUTER_BOUND ( 'NONE', #2934, .T. ) ;
#1902 = EDGE_LOOP ( 'NONE', ( #3377, #307, #1022, #4293 ) ) ;
#1903 = CARTESIAN_POINT ( 'NONE',  ( -8.437527159479795937E-18, 0.1299212598425196763, -0.06889763779527559306 ) ) ;
#1904 = MANIFOLD_SOLID_BREP ( 'Imported4', #3109 ) ;
#1905 = LINE ( 'NONE', #827, #1093 ) ;
#1906 = ORIENTED_EDGE ( 'NONE', *, *, #264, .T. ) ;
#1907 = DIRECTION ( 'NONE',  ( 0.0000000000000000000, 1.000000000000000000, 0.0000000000000000000 ) ) ;
#1908 = CARTESIAN_POINT ( 'NONE',  ( -0.1240157480314960647, 0.02755905511811023584, 0.1023622047244094474 ) ) ;
#1909 = ORIENTED_EDGE ( 'NONE', *, *, #2379, .T. ) ;
#1910 = CARTESIAN_POINT ( 'NONE',  ( -0.1240157480314960647, -0.04201406643800709162, -0.1023622047244094474 ) ) ;
#1911 = FILL_AREA_STYLE ('',( #1847 ) ) ;
#1912 = EDGE_CURVE ( 'NONE', #3301, #690, #2539, .T. ) ;
#1913 = VERTEX_POINT ( 'NONE', #2620 ) ;
#1914 = CARTESIAN_POINT ( 'NONE',  ( 0.0000000000000000000, 0.3702161397507973128, 0.06050635568395139330 ) ) ;
#1915 = DIRECTION ( 'NONE',  ( 0.0000000000000000000, 0.0000000000000000000, -1.000000000000000000 ) ) ;
#1916 = EDGE_CURVE ( 'NONE', #548, #2734, #2884, .T. ) ;
#1917 = DIRECTION ( 'NONE',  ( 0.0000000000000000000, 0.0000000000000000000, 1.000000000000000000 ) ) ;
#1918 = VECTOR ( 'NONE', #2483, 39.37007874015748143 ) ;
#1919 = VERTEX_POINT ( 'NONE', #894 ) ;
#1920 = ORIENTED_EDGE ( 'NONE', *, *, #1008, .F. ) ;
#1921 = DIRECTION ( 'NONE',  ( 1.000000000000000000, 0.0000000000000000000, 0.0000000000000000000 ) ) ;
#1922 = AXIS2_PLACEMENT_3D ( 'NONE', #1494, #2161, #1519 ) ;
#1923 = AXIS2_PLACEMENT_3D ( 'NONE', #633, #2010, #3380 ) ;
#1924 = CARTESIAN_POINT ( 'NONE',  ( 0.1318897637795275746, 0.02755905511811023584, 0.1023622047244094474 ) ) ;
#1925 = ORIENTED_EDGE ( 'NONE', *, *, #2237, .F. ) ;
#1926 = DIRECTION ( 'NONE',  ( 0.0000000000000000000, 0.0000000000000000000, 1.000000000000000000 ) ) ;
#1927 = VECTOR ( 'NONE', #3436, 39.37007874015748143 ) ;
#1928 = DIRECTION ( 'NONE',  ( 0.0000000000000000000, 0.0000000000000000000, -1.000000000000000000 ) ) ;
#1929 = EDGE_LOOP ( 'NONE', ( #2329, #621, #3960, #3147 ) ) ;
#1930 = EDGE_CURVE ( 'NONE', #2823, #1170, #2556, .T. ) ;
#1931 = VECTOR ( 'NONE', #4259, 39.37007874015748143 ) ;
#1932 = CARTESIAN_POINT ( 'NONE',  ( -0.1476377952755905387, -0.06889763779527559306, -0.1023622047244094474 ) ) ;
#1933 = PRODUCT_CONTEXT ( 'NONE', #1982, 'mechanical' ) ;
#1934 = AXIS2_PLACEMENT_3D ( 'NONE', #2806, #485, #2758 ) ;
#1935 = ORIENTED_EDGE ( 'NONE', *, *, #1422, .T. ) ;
#1936 = EDGE_CURVE ( 'NONE', #75, #1919, #2283, .T. ) ;
#1937 = FACE_OUTER_BOUND ( 'NONE', #2246, .T. ) ;
#1938 = FACE_OUTER_BOUND ( 'NONE', #3382, .T. ) ;
#1939 = FACE_OUTER_BOUND ( 'NONE', #358, .T. ) ;
#1940 = AXIS2_PLACEMENT_3D ( 'NONE', #323, #1001, #3685 ) ;
#1941 = CARTESIAN_POINT ( 'NONE',  ( 0.0000000000000000000, 0.1299212598425196763, 0.0000000000000000000 ) ) ;
#1942 = VECTOR ( 'NONE', #3551, 39.37007874015748143 ) ;
#1943 = EDGE_CURVE ( 'NONE', #1946, #2, #1783, .T. ) ;
#1944 = CARTESIAN_POINT ( 'NONE',  ( -0.1240157480314960647, 0.02755905511811023584, -0.07480314960629921850 ) ) ;
#1945 = AXIS2_PLACEMENT_3D ( 'NONE', #3252, #3915, #4275 ) ;
#1946 = VERTEX_POINT ( 'NONE', #558 ) ;
#1947 = VERTEX_POINT ( 'NONE', #3553 ) ;
#1948 = DIRECTION ( 'NONE',  ( 1.000000000000000000, 0.0000000000000000000, 0.0000000000000000000 ) ) ;
#1949 = VERTEX_POINT ( 'NONE', #541 ) ;
#1950 = AXIS2_PLACEMENT_3D ( 'NONE', #966, #983, #653 ) ;
#1951 = LINE ( 'NONE', #4085, #4115 ) ;
#1952 = VERTEX_POINT ( 'NONE', #931 ) ;
#1953 = DIRECTION ( 'NONE',  ( -3.519431053647356462E-16, 0.8660254037844389297, -0.4999999999999994449 ) ) ;
#1954 = LINE ( 'NONE', #605, #1012 ) ;
#1955 = ORIENTED_EDGE ( 'NONE', *, *, #4212, .F. ) ;
#1956 = PLANE ( 'NONE',  #1243 ) ;
#1957 = EDGE_CURVE ( 'NONE', #3851, #247, #1602, .T. ) ;
#1958 = ORIENTED_EDGE ( 'NONE', *, *, #3921, .T. ) ;
#1959 = LINE ( 'NONE', #278, #3830 ) ;
#1960 = DIRECTION ( 'NONE',  ( 0.0000000000000000000, 0.0000000000000000000, 1.000000000000000000 ) ) ;
#1961 = CARTESIAN_POINT ( 'NONE',  ( 0.1181102362204724532, 0.03543307086614173179, 0.1023622047244094474 ) ) ;
#1962 = EDGE_CURVE ( 'NONE', #38, #2378, #1557, .T. ) ;
#1963 = EDGE_CURVE ( 'NONE', #1211, #2977, #2902, .T. ) ;
#1964 = LINE ( 'NONE', #3996, #1931 ) ;
#1965 = FACE_OUTER_BOUND ( 'NONE', #2926, .T. ) ;
#1966 = EDGE_CURVE ( 'NONE', #3561, #1952, #3324, .T. ) ;
#1967 = ORIENTED_EDGE ( 'NONE', *, *, #4261, .F. ) ;
#1968 = ORIENTED_EDGE ( 'NONE', *, *, #988, .T. ) ;
#1969 = DIRECTION ( 'NONE',  ( 0.0000000000000000000, 0.0000000000000000000, -1.000000000000000000 ) ) ;
#1970 = ORIENTED_EDGE ( 'NONE', *, *, #3586, .T. ) ;
#1971 = PLANE ( 'NONE',  #319 ) ;
#1972 = ORIENTED_EDGE ( 'NONE', *, *, #353, .F. ) ;
#1973 =( CONVERSION_BASED_UNIT ( 'INCH', #3224 ) LENGTH_UNIT ( ) NAMED_UNIT ( #2936 ) );
#1974 = LINE ( 'NONE', #1021, #84 ) ;
#1975 = ORIENTED_EDGE ( 'NONE', *, *, #1585, .F. ) ;
#1976 = LINE ( 'NONE', #3309, #1655 ) ;
#1977 = ORIENTED_EDGE ( 'NONE', *, *, #3517, .T. ) ;
#1978 = PLANE ( 'NONE',  #2077 ) ;
#1979 = FACE_OUTER_BOUND ( 'NONE', #251, .T. ) ;
#1980 = CYLINDRICAL_SURFACE ( 'NONE', #1950, 0.005905511811023620231 ) ;
#1981 = DIRECTION ( 'NONE',  ( 0.7071067811865470176, 0.7071067811865480168, 0.0000000000000000000 ) ) ;
#1982 = APPLICATION_CONTEXT ( 'automotive_design' ) ;
#1983 = EDGE_CURVE ( 'NONE', #2171, #2151, #1363, .T. ) ;
#1984 = DIRECTION ( 'NONE',  ( 0.0000000000000000000, 0.0000000000000000000, 1.000000000000000000 ) ) ;
#1985 = VERTEX_POINT ( 'NONE', #3636 ) ;
#1986 = ORIENTED_EDGE ( 'NONE', *, *, #69, .F. ) ;
#1987 = PLANE ( 'NONE',  #2142 ) ;
#1988 = ORIENTED_EDGE ( 'NONE', *, *, #3225, .T. ) ;
#1989 = ADVANCED_FACE ( 'NONE', ( #3905 ), #2950, .F. ) ;
#1990 = AXIS2_PLACEMENT_3D ( 'NONE', #440, #373, #2107 ) ;
#1991 = PLANE ( 'NONE',  #1099 ) ;
#1992 = VERTEX_POINT ( 'NONE', #273 ) ;
#1993 = DIRECTION ( 'NONE',  ( 0.7071067811865469066, -0.7071067811865479058, 0.0000000000000000000 ) ) ;
#1994 = DIRECTION ( 'NONE',  ( 0.0000000000000000000, 0.0000000000000000000, 1.000000000000000000 ) ) ;
#1995 = VECTOR ( 'NONE', #721, 39.37007874015748143 ) ;
#1996 = MECHANICAL_DESIGN_GEOMETRIC_PRESENTATION_REPRESENTATION (  '', ( #3116 ), #720 ) ;
#1997 = ORIENTED_EDGE ( 'NONE', *, *, #388, .F. ) ;
#1998 = CARTESIAN_POINT ( 'NONE',  ( -0.1240157480314960647, -0.09578120915254409451, -0.1023622047244094474 ) ) ;
#1999 = VECTOR ( 'NONE', #1111, 39.37007874015748143 ) ;
#2000 = VECTOR ( 'NONE', #2604, 39.37007874015748143 ) ;
#2001 = ORIENTED_EDGE ( 'NONE', *, *, #488, .F. ) ;
#2002 = VECTOR ( 'NONE', #3443, 39.37007874015748143 ) ;
#2003 = VECTOR ( 'NONE', #51, 39.37007874015748143 ) ;
#2004 = DIRECTION ( 'NONE',  ( -1.000000000000000000, 0.0000000000000000000, 0.0000000000000000000 ) ) ;
#2005 = PLANE ( 'NONE',  #1159 ) ;
#2006 = CARTESIAN_POINT ( 'NONE',  ( 0.1318897637795275746, -0.1224523058384645591, 0.07480314960629921850 ) ) ;
#2007 = VECTOR ( 'NONE', #2686, 39.37007874015748143 ) ;
#2008 = PLANE ( 'NONE',  #1647 ) ;
#2009 = AXIS2_PLACEMENT_3D ( 'NONE', #3993, #2998, #2671 ) ;
#2010 = DIRECTION ( 'NONE',  ( 0.0000000000000000000, 0.0000000000000000000, -1.000000000000000000 ) ) ;
#2011 = AXIS2_PLACEMENT_3D ( 'NONE', #443, #1795, #3786 ) ;
#2012 = EDGE_CURVE ( 'NONE', #377, #4306, #1253, .T. ) ;
#2013 = ORIENTED_EDGE ( 'NONE', *, *, #1361, .T. ) ;
#2014 = CARTESIAN_POINT ( 'NONE',  ( -0.08858267716535432601, 0.1496062992125984370, -0.1122047244094488139 ) ) ;
#2015 = EDGE_LOOP ( 'NONE', ( #2141, #348, #3923, #526, #2464, #212 ) ) ;
#2016 = VERTEX_POINT ( 'NONE', #913 ) ;
#2017 = AXIS2_PLACEMENT_3D ( 'NONE', #487, #3404, #1436 ) ;
#2018 = VERTEX_POINT ( 'NONE', #2263 ) ;
#2019 = CARTESIAN_POINT ( 'NONE',  ( 0.1318897637795275746, -0.04201406643800709162, 0.07480314960629921850 ) ) ;
#2020 = EDGE_CURVE ( 'NONE', #2791, #2332, #1271, .T. ) ;
#2021 = DIRECTION ( 'NONE',  ( -0.7071067811865470176, 0.7071067811865480168, 0.0000000000000000000 ) ) ;
#2022 = VECTOR ( 'NONE', #3748, 39.37007874015748143 ) ;
#2023 = ORIENTED_EDGE ( 'NONE', *, *, #207, .T. ) ;
#2024 = DIRECTION ( 'NONE',  ( 0.0000000000000000000, 1.000000000000000000, 0.0000000000000000000 ) ) ;
#2025 = EDGE_CURVE ( 'NONE', #1556, #770, #2054, .T. ) ;
#2026 = ORIENTED_EDGE ( 'NONE', *, *, #2989, .T. ) ;
#2027 = CARTESIAN_POINT ( 'NONE',  ( 0.08858267716535432601, 0.1496062992125984370, 0.06496062992125983815 ) ) ;
#2028 = LINE ( 'NONE', #1687, #3391 ) ;
#2029 = DIRECTION ( 'NONE',  ( 1.000000000000000000, 0.0000000000000000000, 0.0000000000000000000 ) ) ;
#2030 = CARTESIAN_POINT ( 'NONE',  ( -0.1181102362204724532, 0.03543307086614173179, -0.1023622047244094474 ) ) ;
#2031 = CARTESIAN_POINT ( 'NONE',  ( 0.1240157480314960647, 0.02755905511811023584, 0.1023622047244094474 ) ) ;
#2032 = DIRECTION ( 'NONE',  ( 0.0000000000000000000, 0.0000000000000000000, -1.000000000000000000 ) ) ;
#2033 = ORIENTED_EDGE ( 'NONE', *, *, #3405, .T. ) ;
#2034 = DIRECTION ( 'NONE',  ( 0.0000000000000000000, 1.000000000000000000, -2.454115839351809943E-16 ) ) ;
#2035 = VERTEX_POINT ( 'NONE', #1333 ) ;
#2036 = DIRECTION ( 'NONE',  ( 1.000000000000000000, 0.0000000000000000000, 0.0000000000000000000 ) ) ;
#2037 = DIRECTION ( 'NONE',  ( 1.000000000000000000, 0.0000000000000000000, 0.0000000000000000000 ) ) ;
#2038 = ORIENTED_EDGE ( 'NONE', *, *, #4049, .F. ) ;
#2039 = ADVANCED_FACE ( 'NONE', ( #291 ), #2084, .F. ) ;
#2040 = EDGE_CURVE ( 'NONE', #99, #59, #1349, .T. ) ;
#2041 = PRESENTATION_STYLE_ASSIGNMENT (( #703 ) ) ;
#2042 = EDGE_LOOP ( 'NONE', ( #1474, #1373, #4078, #991 ) ) ;
#2043 = ORIENTED_EDGE ( 'NONE', *, *, #798, .F. ) ;
#2044 = EDGE_CURVE ( 'NONE', #617, #3982, #2411, .T. ) ;
#2045 = CARTESIAN_POINT ( 'NONE',  ( -0.1240157480314960647, 0.02755905511811023584, -0.1023622047244094474 ) ) ;
#2046 = CARTESIAN_POINT ( 'NONE',  ( 0.1240157480314960647, 0.02755905511811023584, -0.1023622047244094474 ) ) ;
#2047 = FACE_OUTER_BOUND ( 'NONE', #2683, .T. ) ;
#2048 = LINE ( 'NONE', #2070, #4096 ) ;
#2049 = ADVANCED_FACE ( 'NONE', ( #2700 ), #1638, .T. ) ;
#2050 = DIRECTION ( 'NONE',  ( 0.7071067811865479058, -0.7071067811865469066, 0.0000000000000000000 ) ) ;
#2051 = CARTESIAN_POINT ( 'NONE',  ( 0.08858267716535432601, 0.1377952755905511861, -0.1122047244094488139 ) ) ;
#2052 = ORIENTED_EDGE ( 'NONE', *, *, #2158, .F. ) ;
#2053 = ORIENTED_EDGE ( 'NONE', *, *, #3628, .T. ) ;
#2054 = LINE ( 'NONE', #2391, #2504 ) ;
#2055 = LINE ( 'NONE', #2126, #1648 ) ;
#2056 = VERTEX_POINT ( 'NONE', #3714 ) ;
#2057 =( CONVERSION_BASED_UNIT ( 'INCH', #1089 ) LENGTH_UNIT ( ) NAMED_UNIT ( #2657 ) );
#2058 = EDGE_LOOP ( 'NONE', ( #1139, #380 ) ) ;
#2059 = VECTOR ( 'NONE', #2458, 39.37007874015748143 ) ;
#2060 = CLOSED_SHELL ( 'NONE', ( #2049, #1158, #807, #640, #2675, #2616, #4207, #559, #3970, #1681, #3570, #2941, #1062, #1835, #390, #3168, #1125, #180, #1323, #3371, #1717 ) ) ;
#2061 = EDGE_CURVE ( 'NONE', #1564, #1230, #2372, .T. ) ;
#2062 = EDGE_LOOP ( 'NONE', ( #2243, #2109, #4172, #346, #3821, #2452, #2685, #1521, #3496, #1348, #2278, #2197, #2468, #1693, #924, #3127, #1026 ) ) ;
#2063 = VECTOR ( 'NONE', #2640, 39.37007874015748143 ) ;
#2064 = LINE ( 'NONE', #56, #376 ) ;
#2065 = CARTESIAN_POINT ( 'NONE',  ( 0.1532055652061933004, -0.07446540772587834089, 0.1023622047244094474 ) ) ;
#2066 = AXIS2_PLACEMENT_3D ( 'NONE', #1811, #2210, #3521 ) ;
#2067 = ORIENTED_EDGE ( 'NONE', *, *, #2186, .F. ) ;
#2068 = CARTESIAN_POINT ( 'NONE',  ( -0.1318897637795275746, -0.09578120915254409451, -0.1023622047244094474 ) ) ;
#2069 = VERTEX_POINT ( 'NONE', #3987 ) ;
#2070 = CARTESIAN_POINT ( 'NONE',  ( 0.1181102362204724532, 0.1377952755905511861, 0.1181102362204724532 ) ) ;
#2071 = CIRCLE ( 'NONE', #1719, 0.007874015748031499423 ) ;
#2072 = EDGE_CURVE ( 'NONE', #3711, #617, #2664, .T. ) ;
#2073 = AXIS2_PLACEMENT_3D ( 'NONE', #2627, #3951, #3624 ) ;
#2074 = LENGTH_MEASURE_WITH_UNIT ( LENGTH_MEASURE( 0.02539999999999999897 ), #1434 );
#2075 = DIRECTION ( 'NONE',  ( 4.063888932435259910E-16, -1.000000000000000000, 0.0000000000000000000 ) ) ;
#2076 = DIRECTION ( 'NONE',  ( 0.0000000000000000000, -1.000000000000000000, 0.0000000000000000000 ) ) ;
#2077 = AXIS2_PLACEMENT_3D ( 'NONE', #981, #3705, #2649 ) ;
#2078 = EDGE_CURVE ( 'NONE', #4216, #1383, #726, .T. ) ;
#2079 = LINE ( 'NONE', #3102, #2214 ) ;
#2080 = VECTOR ( 'NONE', #4254, 39.37007874015748143 ) ;
#2081 = EDGE_LOOP ( 'NONE', ( #3364, #9, #479, #3475 ) ) ;
#2082 = MECHANICAL_DESIGN_GEOMETRIC_PRESENTATION_REPRESENTATION (  '', ( #1174 ), #2228 ) ;
#2083 = VERTEX_POINT ( 'NONE', #2723 ) ;
#2084 = CYLINDRICAL_SURFACE ( 'NONE', #2918, 0.02362204724409448092 ) ;
#2085 = DIRECTION ( 'NONE',  ( 0.0000000000000000000, 1.000000000000000000, 0.0000000000000000000 ) ) ;
#2086 =( NAMED_UNIT ( * ) SI_UNIT ( $, .STERADIAN. ) SOLID_ANGLE_UNIT ( ) );
#2087 = ORIENTED_EDGE ( 'NONE', *, *, #3409, .T. ) ;
#2088 = CIRCLE ( 'NONE', #4252, 0.007874015748031499423 ) ;
#2089 = DIRECTION ( 'NONE',  ( 0.0000000000000000000, -1.000000000000000000, 0.0000000000000000000 ) ) ;
#2090 = VERTEX_POINT ( 'NONE', #1662 ) ;
#2091 = DIRECTION ( 'NONE',  ( 0.0000000000000000000, 1.000000000000000000, 0.0000000000000000000 ) ) ;
#2092 = ORIENTED_EDGE ( 'NONE', *, *, #1502, .T. ) ;
#2093 = DIRECTION ( 'NONE',  ( 0.0000000000000000000, 0.0000000000000000000, -1.000000000000000000 ) ) ;
#2094 = ORIENTED_EDGE ( 'NONE', *, *, #2206, .T. ) ;
#2095 = DIRECTION ( 'NONE',  ( 0.0000000000000000000, 0.0000000000000000000, 1.000000000000000000 ) ) ;
#2096 = DIRECTION ( 'NONE',  ( -1.000000000000000000, 0.0000000000000000000, 0.0000000000000000000 ) ) ;
#2097 = CARTESIAN_POINT ( 'NONE',  ( -0.08858267716535432601, 0.1496062992125984370, 0.08858267716535432601 ) ) ;
#2098 = EDGE_CURVE ( 'NONE', #734, #4052, #684, .T. ) ;
#2099 = LINE ( 'NONE', #2850, #3555 ) ;
#2100 = ADVANCED_FACE ( 'NONE', ( #1377 ), #994, .T. ) ;
#2101 = DIRECTION ( 'NONE',  ( -1.000000000000000000, 0.0000000000000000000, 0.0000000000000000000 ) ) ;
#2102 = DIRECTION ( 'NONE',  ( 0.0000000000000000000, 0.0000000000000000000, 1.000000000000000000 ) ) ;
#2103 = EDGE_CURVE ( 'NONE', #1039, #2460, #313, .T. ) ;
#2104 = ORIENTED_EDGE ( 'NONE', *, *, #2829, .T. ) ;
#2105 = MANIFOLD_SOLID_BREP ( 'Imported5', #1220 ) ;
#2106 = DIRECTION ( 'NONE',  ( 0.0000000000000000000, -1.000000000000000000, 0.0000000000000000000 ) ) ;
#2107 = DIRECTION ( 'NONE',  ( 0.0000000000000000000, -1.000000000000000000, 0.0000000000000000000 ) ) ;
#2108 = DIRECTION ( 'NONE',  ( 0.0000000000000000000, 0.0000000000000000000, 1.000000000000000000 ) ) ;
#2109 = ORIENTED_EDGE ( 'NONE', *, *, #2025, .F. ) ;
#2110 = SURFACE_STYLE_FILL_AREA ( #1091 ) ;
#2111 = DIRECTION ( 'NONE',  ( 0.0000000000000000000, 0.0000000000000000000, -1.000000000000000000 ) ) ;
#2112 = VERTEX_POINT ( 'NONE', #1838 ) ;
#2113 = DIRECTION ( 'NONE',  ( 0.0000000000000000000, 0.0000000000000000000, 1.000000000000000000 ) ) ;
#2114 = ORIENTED_EDGE ( 'NONE', *, *, #4194, .F. ) ;
#2115 = LINE ( 'NONE', #1069, #3627 ) ;
#2116 = ORIENTED_EDGE ( 'NONE', *, *, #2236, .T. ) ;
#2117 = CARTESIAN_POINT ( 'NONE',  ( 0.1240157480314960647, -0.1224523058384645591, -0.1023622047244094474 ) ) ;
#2118 = ORIENTED_EDGE ( 'NONE', *, *, #320, .F. ) ;
#2119 = SURFACE_STYLE_USAGE ( .BOTH. , #742 ) ;
#2120 = DIRECTION ( 'NONE',  ( 0.0000000000000000000, 0.0000000000000000000, 1.000000000000000000 ) ) ;
#2121 = LINE ( 'NONE', #1414, #3276 ) ;
#2122 = DIRECTION ( 'NONE',  ( 0.7071067811865479058, -0.7071067811865469066, 0.0000000000000000000 ) ) ;
#2123 = CARTESIAN_POINT ( 'NONE',  ( -0.1122047244094488277, 0.1299212598425196763, -0.1181102362204724532 ) ) ;
#2124 = ORIENTED_EDGE ( 'NONE', *, *, #963, .T. ) ;
#2125 = CARTESIAN_POINT ( 'NONE',  ( -0.1318897637795275746, -0.09578120915254409451, -0.07480314960629921850 ) ) ;
#2126 = CARTESIAN_POINT ( 'NONE',  ( -0.1318897637795275746, -0.1143824042423135789, -0.07014398974742774850 ) ) ;
#2127 = EDGE_CURVE ( 'NONE', #3787, #1952, #4004, .T. ) ;
#2128 = FILL_AREA_STYLE ('',( #8 ) ) ;
#2129 = VERTEX_POINT ( 'NONE', #1085 ) ;
#2130 = DIRECTION ( 'NONE',  ( 1.000000000000000000, 0.0000000000000000000, 0.0000000000000000000 ) ) ;
#2131 = FACE_OUTER_BOUND ( 'NONE', #1929, .T. ) ;
#2132 = EDGE_CURVE ( 'NONE', #418, #3041, #4188, .T. ) ;
#2133 = ORIENTED_EDGE ( 'NONE', *, *, #1859, .T. ) ;
#2134 = CARTESIAN_POINT ( 'NONE',  ( 0.08858267716535432601, 0.1299212598425196763, -0.08858267716535432601 ) ) ;
#2135 = ORIENTED_EDGE ( 'NONE', *, *, #4332, .T. ) ;
#2136 = DIRECTION ( 'NONE',  ( 0.0000000000000000000, 0.0000000000000000000, 1.000000000000000000 ) ) ;
#2137 = AXIS2_PLACEMENT_3D ( 'NONE', #1112, #772, #397 ) ;
#2138 = AXIS2_PLACEMENT_3D ( 'NONE', #860, #2216, #1127 ) ;
#2139 = VERTEX_POINT ( 'NONE', #396 ) ;
#2140 = DIRECTION ( 'NONE',  ( 0.0000000000000000000, 1.000000000000000000, 0.0000000000000000000 ) ) ;
#2141 = ORIENTED_EDGE ( 'NONE', *, *, #985, .F. ) ;
#2142 = AXIS2_PLACEMENT_3D ( 'NONE', #990, #1310, #3608 ) ;
#2143 = DIRECTION ( 'NONE',  ( 1.000000000000000000, -0.0000000000000000000, 1.224646799147353207E-16 ) ) ;
#2144 = CARTESIAN_POINT ( 'NONE',  ( -0.08858267716535432601, 0.1299212598425196763, 0.06496062992125983815 ) ) ;
#2145 = COLOUR_RGB ( '',0.2980392156862745057, 0.2980392156862745057, 0.2980392156862745057 ) ;
#2146 = CARTESIAN_POINT ( 'NONE',  ( -0.1181102362204724532, 0.02755905511811023584, 0.1023622047244094474 ) ) ;
#2147 = AXIS2_PLACEMENT_3D ( 'NONE', #714, #1411, #1756 ) ;
#2148 = DIRECTION ( 'NONE',  ( 2.454115839351809943E-16, -1.000000000000000000, 0.0000000000000000000 ) ) ;
#2149 = VECTOR ( 'NONE', #415, 39.37007874015748143 ) ;
#2150 = EDGE_CURVE ( 'NONE', #38, #1949, #1130, .T. ) ;
#2151 = VERTEX_POINT ( 'NONE', #2482 ) ;
#2152 = CARTESIAN_POINT ( 'NONE',  ( 0.1555118110236220763, -0.1377952755905511861, 0.08366141732283464971 ) ) ;
#2153 = VECTOR ( 'NONE', #3562, 39.37007874015748143 ) ;
#2154 = CARTESIAN_POINT ( 'NONE',  ( -0.1181102362204724532, 0.1299212598425196763, 0.1122047244094488277 ) ) ;
#2155 = CARTESIAN_POINT ( 'NONE',  ( -0.1318897637795275746, -0.04201406643800709162, 0.07480314960629921850 ) ) ;
#2156 = VECTOR ( 'NONE', #3394, 39.37007874015748143 ) ;
#2157 = DIRECTION ( 'NONE',  ( 0.0000000000000000000, 0.0000000000000000000, -1.000000000000000000 ) ) ;
#2158 = EDGE_CURVE ( 'NONE', #1498, #3899, #1444, .T. ) ;
#2159 = ADVANCED_FACE ( 'NONE', ( #2813 ), #2534, .F. ) ;
#2160 = ORIENTED_EDGE ( 'NONE', *, *, #314, .T. ) ;
#2161 = DIRECTION ( 'NONE',  ( 0.0000000000000000000, 1.000000000000000000, 0.0000000000000000000 ) ) ;
#2162 = UNCERTAINTY_MEASURE_WITH_UNIT (LENGTH_MEASURE( 1.000000000000000082E-05 ), #2057, 'distance_accuracy_value', 'NONE');
#2163 = DIRECTION ( 'NONE',  ( 0.0000000000000000000, -1.000000000000000000, 0.0000000000000000000 ) ) ;
#2164 = AXIS2_PLACEMENT_3D ( 'NONE', #3876, #4208, #120 ) ;
#2165 = ORIENTED_EDGE ( 'NONE', *, *, #1274, .F. ) ;
#2166 = CARTESIAN_POINT ( 'NONE',  ( -0.08858267716535432601, 0.1299212598425196763, 0.08858267716535432601 ) ) ;
#2167 = ORIENTED_EDGE ( 'NONE', *, *, #3176, .T. ) ;
#2168 = CARTESIAN_POINT ( 'NONE',  ( 0.1532055652061933004, -0.07446540772587834089, 0.1023622047244094474 ) ) ;
#2169 = AXIS2_PLACEMENT_3D ( 'NONE', #238, #2913, #2194 ) ;
#2170 = EDGE_CURVE ( 'NONE', #1285, #1225, #3763, .T. ) ;
#2171 = VERTEX_POINT ( 'NONE', #4092 ) ;
#2172 = DIRECTION ( 'NONE',  ( 0.0000000000000000000, 0.0000000000000000000, 1.000000000000000000 ) ) ;
#2173 = ORIENTED_EDGE ( 'NONE', *, *, #1747, .T. ) ;
#2174 = DIRECTION ( 'NONE',  ( 0.0000000000000000000, 0.0000000000000000000, -1.000000000000000000 ) ) ;
#2175 = SURFACE_STYLE_FILL_AREA ( #2549 ) ;
#2176 = DIRECTION ( 'NONE',  ( 0.0000000000000000000, 1.000000000000000000, 0.0000000000000000000 ) ) ;
#2177 = FACE_OUTER_BOUND ( 'NONE', #2901, .T. ) ;
#2178 = VERTEX_POINT ( 'NONE', #3804 ) ;
#2179 = DIRECTION ( 'NONE',  ( 0.7071067811865479058, -0.7071067811865469066, 0.0000000000000000000 ) ) ;
#2180 = CARTESIAN_POINT ( 'NONE',  ( 0.1318897637795275746, 0.02755905511811023584, -0.1023622047244094474 ) ) ;
#2181 = LINE ( 'NONE', #493, #3272 ) ;
#2182 = VERTEX_POINT ( 'NONE', #3835 ) ;
#2183 = CARTESIAN_POINT ( 'NONE',  ( 0.0000000000000000000, 0.0000000000000000000, 0.0000000000000000000 ) ) ;
#2184 = LINE ( 'NONE', #98, #2919 ) ;
#2185 = ORIENTED_EDGE ( 'NONE', *, *, #2341, .F. ) ;
#2186 = EDGE_CURVE ( 'NONE', #519, #1819, #3119, .T. ) ;
#2187 = FACE_BOUND ( 'NONE', #3984, .T. ) ;
#2188 = ORIENTED_EDGE ( 'NONE', *, *, #4243, .F. ) ;
#2189 = CARTESIAN_POINT ( 'NONE',  ( -0.1240157480314960647, -0.1224523058384645591, 0.07480314960629921850 ) ) ;
#2190 = EDGE_LOOP ( 'NONE', ( #970, #285, #4002, #871, #3390, #3845 ) ) ;
#2191 = EDGE_CURVE ( 'NONE', #2151, #2908, #797, .T. ) ;
#2192 = DIRECTION ( 'NONE',  ( 1.445602896647339903E-16, 0.0000000000000000000, 1.000000000000000000 ) ) ;
#2193 = CARTESIAN_POINT ( 'NONE',  ( -0.1122047244094488277, 0.1377952755905511861, -0.1122047244094488277 ) ) ;
#2194 = DIRECTION ( 'NONE',  ( 0.0000000000000000000, 0.0000000000000000000, 1.000000000000000000 ) ) ;
#2195 = ADVANCED_FACE ( 'NONE', ( #1419 ), #2510, .F. ) ;
#2196 = LINE ( 'NONE', #2855, #3456 ) ;
#2197 = ORIENTED_EDGE ( 'NONE', *, *, #67, .T. ) ;
#2198 =( NAMED_UNIT ( * ) SI_UNIT ( $, .STERADIAN. ) SOLID_ANGLE_UNIT ( ) );
#2199 = DIRECTION ( 'NONE',  ( 1.000000000000000000, 0.0000000000000000000, 0.0000000000000000000 ) ) ;
#2200 = DIRECTION ( 'NONE',  ( -1.000000000000000000, 0.0000000000000000000, 0.0000000000000000000 ) ) ;
#2201 = ORIENTED_EDGE ( 'NONE', *, *, #3142, .T. ) ;
#2202 = DIRECTION ( 'NONE',  ( -1.000000000000000000, 0.0000000000000000000, 0.0000000000000000000 ) ) ;
#2203 = CARTESIAN_POINT ( 'NONE',  ( -0.1555118110236220763, -0.1054045616694795212, -0.1122047244094488277 ) ) ;
#2204 = ORIENTED_EDGE ( 'NONE', *, *, #2012, .F. ) ;
#2205 = LINE ( 'NONE', #4230, #3063 ) ;
#2206 = EDGE_CURVE ( 'NONE', #1173, #1501, #3465, .T. ) ;
#2207 = DIRECTION ( 'NONE',  ( 0.0000000000000000000, 1.000000000000000000, 0.0000000000000000000 ) ) ;
#2208 = ORIENTED_EDGE ( 'NONE', *, *, #2693, .T. ) ;
#2209 = DIRECTION ( 'NONE',  ( -1.000000000000000000, 0.0000000000000000000, 0.0000000000000000000 ) ) ;
#2210 = DIRECTION ( 'NONE',  ( 0.0000000000000000000, 0.0000000000000000000, -1.000000000000000000 ) ) ;
#2211 = VECTOR ( 'NONE', #2480, 39.37007874015748143 ) ;
#2212 = DIRECTION ( 'NONE',  ( 0.0000000000000000000, 0.0000000000000000000, -1.000000000000000000 ) ) ;
#2213 = EDGE_CURVE ( 'NONE', #949, #3982, #159, .T. ) ;
#2214 = VECTOR ( 'NONE', #2101, 39.37007874015748143 ) ;
#2215 = VECTOR ( 'NONE', #62, 39.37007874015748143 ) ;
#2216 = DIRECTION ( 'NONE',  ( 0.0000000000000000000, 0.0000000000000000000, -1.000000000000000000 ) ) ;
#2217 = VECTOR ( 'NONE', #867, 39.37007874015748143 ) ;
#2218 = EDGE_CURVE ( 'NONE', #845, #779, #1816, .T. ) ;
#2219 = ORIENTED_EDGE ( 'NONE', *, *, #25, .F. ) ;
#2220 = DIRECTION ( 'NONE',  ( 0.0000000000000000000, 0.0000000000000000000, 1.000000000000000000 ) ) ;
#2221 = VECTOR ( 'NONE', #3736, 39.37007874015748143 ) ;
#2222 = DIRECTION ( 'NONE',  ( 0.0000000000000000000, 0.0000000000000000000, -1.000000000000000000 ) ) ;
#2223 = EDGE_LOOP ( 'NONE', ( #3392, #412, #3588, #3610 ) ) ;
#2224 = CARTESIAN_POINT ( 'NONE',  ( 0.1181102362204724532, 0.03543307086614173179, 0.07480314960629921850 ) ) ;
#2225 = ORIENTED_EDGE ( 'NONE', *, *, #531, .F. ) ;
#2226 = AXIS2_PLACEMENT_3D ( 'NONE', #1047, #2449, #3374 ) ;
#2227 = DIRECTION ( 'NONE',  ( 1.000000000000000000, 1.478036555683235174E-47, 6.022684552957449548E-32 ) ) ;
#2228 =( GEOMETRIC_REPRESENTATION_CONTEXT ( 3 ) GLOBAL_UNCERTAINTY_ASSIGNED_CONTEXT ( ( #2162 ) ) GLOBAL_UNIT_ASSIGNED_CONTEXT ( ( #2057, #3457, #1025 ) ) REPRESENTATION_CONTEXT ( 'NONE', 'WORKASPACE' ) );
#2229 = CARTESIAN_POINT ( 'NONE',  ( 0.0000000000000000000, 0.1299212598425196763, 0.0000000000000000000 ) ) ;
#2230 = ORIENTED_EDGE ( 'NONE', *, *, #3273, .T. ) ;
#2231 = AXIS2_PLACEMENT_3D ( 'NONE', #1077, #1812, #2531 ) ;
#2232 = CARTESIAN_POINT ( 'NONE',  ( 0.1122047244094488277, 0.1377952755905511861, -0.1122047244094488277 ) ) ;
#2233 = LINE ( 'NONE', #566, #1297 ) ;
#2234 = CARTESIAN_POINT ( 'NONE',  ( 0.08858267716535432601, 0.1377952755905511861, 0.1122047244094488139 ) ) ;
#2235 = VECTOR ( 'NONE', #12, 39.37007874015748143 ) ;
#2236 = EDGE_CURVE ( 'NONE', #949, #3711, #3158, .T. ) ;
#2237 = EDGE_CURVE ( 'NONE', #1744, #4143, #940, .T. ) ;
#2238 = PLANE ( 'NONE',  #2495 ) ;
#2239 = ORIENTED_EDGE ( 'NONE', *, *, #1235, .F. ) ;
#2240 = DIRECTION ( 'NONE',  ( 0.0000000000000000000, 0.0000000000000000000, 1.000000000000000000 ) ) ;
#2241 = EDGE_CURVE ( 'NONE', #4267, #598, #1156, .T. ) ;
#2242 = CARTESIAN_POINT ( 'NONE',  ( -0.1318897637795275746, -0.1377952755905511861, -0.09350393700787401619 ) ) ;
#2243 = ORIENTED_EDGE ( 'NONE', *, *, #4212, .T. ) ;
#2244 = CARTESIAN_POINT ( 'NONE',  ( -0.1122047244094488277, 0.1377952755905511861, 0.1122047244094488277 ) ) ;
#2245 = DIRECTION ( 'NONE',  ( 0.0000000000000000000, 1.000000000000000000, 0.0000000000000000000 ) ) ;
#2246 = EDGE_LOOP ( 'NONE', ( #686, #2052, #1841, #144 ) ) ;
#2247 = DIRECTION ( 'NONE',  ( 0.0000000000000000000, 0.0000000000000000000, 1.000000000000000000 ) ) ;
#2248 = ORIENTED_EDGE ( 'NONE', *, *, #4316, .F. ) ;
#2249 = SURFACE_STYLE_USAGE ( .BOTH. , #4175 ) ;
#2250 = ORIENTED_EDGE ( 'NONE', *, *, #4316, .T. ) ;
#2251 = DIRECTION ( 'NONE',  ( 0.0000000000000000000, 0.0000000000000000000, 1.000000000000000000 ) ) ;
#2252 = CARTESIAN_POINT ( 'NONE',  ( -0.1240157480314960647, 0.02755905511811023584, -0.1023622047244094474 ) ) ;
#2253 = DIRECTION ( 'NONE',  ( 1.000000000000000000, 0.0000000000000000000, 0.0000000000000000000 ) ) ;
#2254 = DIRECTION ( 'NONE',  ( 1.000000000000000000, 0.0000000000000000000, 0.0000000000000000000 ) ) ;
#2255 = DIMENSIONAL_EXPONENTS ( 1.000000000000000000, 0.0000000000000000000, 0.0000000000000000000, 0.0000000000000000000, 0.0000000000000000000, 0.0000000000000000000, 0.0000000000000000000 ) ;
#2256 = ORIENTED_EDGE ( 'NONE', *, *, #2832, .T. ) ;
#2257 = ADVANCED_FACE ( 'NONE', ( #3506 ), #1513, .F. ) ;
#2258 = UNCERTAINTY_MEASURE_WITH_UNIT (LENGTH_MEASURE( 1.000000000000000082E-05 ), #3151, 'distance_accuracy_value', 'NONE');
#2259 = VERTEX_POINT ( 'NONE', #1862 ) ;
#2260 = CARTESIAN_POINT ( 'NONE',  ( -0.1181102362204724532, 0.1377952755905511861, 0.1181102362204724532 ) ) ;
#2261 = DIRECTION ( 'NONE',  ( 0.0000000000000000000, 1.000000000000000000, 0.0000000000000000000 ) ) ;
#2262 = ORIENTED_EDGE ( 'NONE', *, *, #4024, .F. ) ;
#2263 = CARTESIAN_POINT ( 'NONE',  ( 0.1240157480314960647, 0.02755905511811023584, -0.07480314960629921850 ) ) ;
#2264 = EDGE_CURVE ( 'NONE', #2481, #499, #922, .T. ) ;
#2265 = DIRECTION ( 'NONE',  ( 0.0000000000000000000, 0.0000000000000000000, 1.000000000000000000 ) ) ;
#2266 = ORIENTED_EDGE ( 'NONE', *, *, #1507, .F. ) ;
#2267 = DIRECTION ( 'NONE',  ( 1.000000000000000000, -4.063888932435259910E-16, 0.0000000000000000000 ) ) ;
#2268 = ORIENTED_EDGE ( 'NONE', *, *, #2402, .T. ) ;
#2269 = DIRECTION ( 'NONE',  ( 1.000000000000000000, 1.478036555683235174E-47, 6.022684552957449548E-32 ) ) ;
#2270 =( NAMED_UNIT ( * ) PLANE_ANGLE_UNIT ( ) SI_UNIT ( $, .RADIAN. ) );
#2271 = LINE ( 'NONE', #1279, #3689 ) ;
#2272 = FACE_OUTER_BOUND ( 'NONE', #1046, .T. ) ;
#2273 = LINE ( 'NONE', #2629, #1359 ) ;
#2274 = AXIS2_PLACEMENT_3D ( 'NONE', #4304, #3007, #1370 ) ;
#2275 = EDGE_LOOP ( 'NONE', ( #3992, #1730, #1761, #669, #812, #158, #4127, #216, #523, #875, #3125, #1827, #2256, #701, #196, #2104, #2582 ) ) ;
#2276 = ORIENTED_EDGE ( 'NONE', *, *, #1485, .T. ) ;
#2277 = CARTESIAN_POINT ( 'NONE',  ( -0.1555118110236220763, -0.003937007874015747977, 0.04921259842519685318 ) ) ;
#2278 = ORIENTED_EDGE ( 'NONE', *, *, #2280, .T. ) ;
#2279 = VECTOR ( 'NONE', #3011, 39.37007874015748143 ) ;
#2280 = EDGE_CURVE ( 'NONE', #125, #666, #3279, .T. ) ;
#2281 = CARTESIAN_POINT ( 'NONE',  ( -0.08858267716535432601, 0.1377952755905511861, 0.08858267716535432601 ) ) ;
#2282 = ORIENTED_EDGE ( 'NONE', *, *, #4258, .T. ) ;
#2283 = LINE ( 'NONE', #3942, #364 ) ;
#2284 = COLOUR_RGB ( '',0.7921568627450980005, 0.8196078431372548767, 0.9294117647058823817 ) ;
#2285 = AXIS2_PLACEMENT_3D ( 'NONE', #3492, #3814, #421 ) ;
#2286 = DIRECTION ( 'NONE',  ( -0.0000000000000000000, 0.4999999999999995004, 0.8660254037844390407 ) ) ;
#2287 = ORIENTED_EDGE ( 'NONE', *, *, #3015, .T. ) ;
#2288 = EDGE_CURVE ( 'NONE', #1501, #3731, #1964, .T. ) ;
#2289 = AXIS2_PLACEMENT_3D ( 'NONE', #4131, #2526, #835 ) ;
#2290 = ADVANCED_FACE ( 'NONE', ( #1591, #2299, #654, #1628, #986, #3022 ), #3978, .T. ) ;
#2291 = CARTESIAN_POINT ( 'NONE',  ( -0.1318897637795275746, -0.09578120915254409451, 0.1023622047244094474 ) ) ;
#2292 = AXIS2_PLACEMENT_3D ( 'NONE', #217, #2548, #1850 ) ;
#2293 = ORIENTED_EDGE ( 'NONE', *, *, #682, .T. ) ;
#2294 = ADVANCED_FACE ( 'NONE', ( #1327 ), #2958, .F. ) ;
#2295 = LINE ( 'NONE', #611, #3401 ) ;
#2296 = PRESENTATION_STYLE_ASSIGNMENT (( #1549 ) ) ;
#2297 = CARTESIAN_POINT ( 'NONE',  ( 0.1532055652061933004, -0.06332986786467284523, 0.1023622047244094474 ) ) ;
#2298 = VECTOR ( 'NONE', #2423, 39.37007874015748143 ) ;
#2299 = FACE_OUTER_BOUND ( 'NONE', #105, .T. ) ;
#2300 = AXIS2_PLACEMENT_3D ( 'NONE', #1555, #1224, #802 ) ;
#2301 = CARTESIAN_POINT ( 'NONE',  ( -0.1476377952755905387, -0.06889763779527559306, 0.07480314960629921850 ) ) ;
#2302 = CIRCLE ( 'NONE', #385, 0.007874015748031499423 ) ;
#2303 = ORIENTED_EDGE ( 'NONE', *, *, #3176, .F. ) ;
#2304 = ORIENTED_EDGE ( 'NONE', *, *, #2338, .T. ) ;
#2305 = DIRECTION ( 'NONE',  ( 0.0000000000000000000, 0.0000000000000000000, 1.000000000000000000 ) ) ;
#2306 = ORIENTED_EDGE ( 'NONE', *, *, #3065, .F. ) ;
#2307 = VECTOR ( 'NONE', #4338, 39.37007874015748143 ) ;
#2308 = CARTESIAN_POINT ( 'NONE',  ( -0.1318897637795275746, -0.09578120915254409451, -0.1023622047244094474 ) ) ;
#2309 = VERTEX_POINT ( 'NONE', #3933 ) ;
#2310 = CARTESIAN_POINT ( 'NONE',  ( -0.1181102362204724532, 0.03543307086614173179, -0.07480314960629921850 ) ) ;
#2311 = LINE ( 'NONE', #292, #998 ) ;
#2312 = ORIENTED_EDGE ( 'NONE', *, *, #3066, .F. ) ;
#2313 = DIRECTION ( 'NONE',  ( 0.0000000000000000000, 1.000000000000000000, 0.0000000000000000000 ) ) ;
#2314 = ADVANCED_FACE ( 'NONE', ( #2272 ), #2320, .F. ) ;
#2315 = EDGE_CURVE ( 'NONE', #4221, #3407, #632, .T. ) ;
#2316 = ORIENTED_EDGE ( 'NONE', *, *, #1794, .T. ) ;
#2317 = CARTESIAN_POINT ( 'NONE',  ( -0.1476377952755905387, -0.06889763779527559306, 0.1023622047244094474 ) ) ;
#2318 = CARTESIAN_POINT ( 'NONE',  ( -0.1318897637795275746, -0.1224523058384645591, -0.1023622047244094474 ) ) ;
#2319 = DIRECTION ( 'NONE',  ( 0.0000000000000000000, 0.0000000000000000000, -1.000000000000000000 ) ) ;
#2320 = CYLINDRICAL_SURFACE ( 'NONE', #2429, 0.02362204724409448092 ) ;
#2321 = EDGE_CURVE ( 'NONE', #1620, #209, #4276, .T. ) ;
#2322 = DIRECTION ( 'NONE',  ( 1.000000000000000000, 0.0000000000000000000, 0.0000000000000000000 ) ) ;
#2323 = ORIENTED_EDGE ( 'NONE', *, *, #3031, .T. ) ;
#2324 = ADVANCED_FACE ( 'NONE', ( #3626 ), #2008, .T. ) ;
#2325 = ORIENTED_EDGE ( 'NONE', *, *, #2944, .F. ) ;
#2326 = DIRECTION ( 'NONE',  ( 1.000000000000000000, 0.0000000000000000000, 0.0000000000000000000 ) ) ;
#2327 = ORIENTED_EDGE ( 'NONE', *, *, #1742, .F. ) ;
#2328 = DIRECTION ( 'NONE',  ( 0.0000000000000000000, -1.000000000000000000, 0.0000000000000000000 ) ) ;
#2329 = ORIENTED_EDGE ( 'NONE', *, *, #2338, .F. ) ;
#2330 = CARTESIAN_POINT ( 'NONE',  ( 0.1122047244094488277, 0.1299212598425196763, -0.1181102362204724532 ) ) ;
#2331 = DIRECTION ( 'NONE',  ( 0.0000000000000000000, -1.000000000000000000, 0.0000000000000000000 ) ) ;
#2332 = VERTEX_POINT ( 'NONE', #326 ) ;
#2333 = LINE ( 'NONE', #1666, #670 ) ;
#2334 = ORIENTED_EDGE ( 'NONE', *, *, #3174, .F. ) ;
#2335 = LINE ( 'NONE', #1339, #2788 ) ;
#2336 = CARTESIAN_POINT ( 'NONE',  ( -0.08858267716535432601, 0.1377952755905511861, -0.06496062992125983815 ) ) ;
#2337 = LINE ( 'NONE', #676, #738 ) ;
#2338 = EDGE_CURVE ( 'NONE', #958, #103, #2735, .T. ) ;
#2339 = SURFACE_STYLE_USAGE ( .BOTH. , #1181 ) ;
#2340 = CARTESIAN_POINT ( 'NONE',  ( -0.1181102362204724532, 0.03543307086614173179, 0.1023622047244094474 ) ) ;
#2341 = EDGE_CURVE ( 'NONE', #1476, #1668, #107, .T. ) ;
#2342 = UNCERTAINTY_MEASURE_WITH_UNIT (LENGTH_MEASURE( 1.000000000000000082E-05 ), #349, 'distance_accuracy_value', 'NONE');
#2343 = ORIENTED_EDGE ( 'NONE', *, *, #3198, .T. ) ;
#2344 = CARTESIAN_POINT ( 'NONE',  ( 0.1318897637795275746, -0.04201406643800709162, -0.07480314960629921850 ) ) ;
#2345 = ORIENTED_EDGE ( 'NONE', *, *, #1451, .F. ) ;
#2346 = ORIENTED_EDGE ( 'NONE', *, *, #2882, .T. ) ;
#2347 = VECTOR ( 'NONE', #3028, 39.37007874015748143 ) ;
#2348 = EDGE_CURVE ( 'NONE', #996, #3089, #3726, .T. ) ;
#2349 = AXIS2_PLACEMENT_3D ( 'NONE', #3, #86, #1441 ) ;
#2350 = ORIENTED_EDGE ( 'NONE', *, *, #963, .F. ) ;
#2351 = DIRECTION ( 'NONE',  ( 0.0000000000000000000, 0.0000000000000000000, 1.000000000000000000 ) ) ;
#2352 = VECTOR ( 'NONE', #2075, 39.37007874015748143 ) ;
#2353 = ORIENTED_EDGE ( 'NONE', *, *, #155, .T. ) ;
#2354 = LINE ( 'NONE', #3682, #3134 ) ;
#2355 = AXIS2_PLACEMENT_3D ( 'NONE', #3289, #4250, #1926 ) ;
#2356 = AXIS2_PLACEMENT_3D ( 'NONE', #123, #3789, #1750 ) ;
#2357 = ORIENTED_EDGE ( 'NONE', *, *, #1540, .T. ) ;
#2358 = AXIS2_PLACEMENT_3D ( 'NONE', #1778, #761, #4060 ) ;
#2359 = VECTOR ( 'NONE', #469, 39.37007874015748143 ) ;
#2360 = DIRECTION ( 'NONE',  ( 0.0000000000000000000, 0.0000000000000000000, 1.000000000000000000 ) ) ;
#2361 = LINE ( 'NONE', #4036, #517 ) ;
#2362 = DIRECTION ( 'NONE',  ( -0.7071067811865470176, 0.7071067811865480168, 0.0000000000000000000 ) ) ;
#2363 = VECTOR ( 'NONE', #2589, 39.37007874015748143 ) ;
#2364 = PLANE ( 'NONE',  #2358 ) ;
#2365 = AXIS2_PLACEMENT_3D ( 'NONE', #1168, #3495, #2247 ) ;
#2366 = CYLINDRICAL_SURFACE ( 'NONE', #3254, 0.02362204724409448092 ) ;
#2367 = DIRECTION ( 'NONE',  ( 0.0000000000000000000, 0.0000000000000000000, 1.000000000000000000 ) ) ;
#2368 = EDGE_CURVE ( 'NONE', #4200, #3941, #1458, .T. ) ;
#2369 = EDGE_LOOP ( 'NONE', ( #2312, #930 ) ) ;
#2370 = DIRECTION ( 'NONE',  ( -4.063888932435259910E-16, -1.000000000000000000, 0.0000000000000000000 ) ) ;
#2371 = ORIENTED_EDGE ( 'NONE', *, *, #3991, .T. ) ;
#2372 = LINE ( 'NONE', #2987, #1078 ) ;
#2373 = DIRECTION ( 'NONE',  ( 0.0000000000000000000, -1.000000000000000000, 0.0000000000000000000 ) ) ;
#2374 = AXIS2_PLACEMENT_3D ( 'NONE', #3772, #2401, #2136 ) ;
#2375 = EDGE_CURVE ( 'NONE', #2967, #2490, #2048, .T. ) ;
#2376 = ORIENTED_EDGE ( 'NONE', *, *, #1016, .F. ) ;
#2377 = CARTESIAN_POINT ( 'NONE',  ( 0.08858267716535432601, 0.1299212598425196763, -0.08858267716535432601 ) ) ;
#2378 = VERTEX_POINT ( 'NONE', #2117 ) ;
#2379 = EDGE_CURVE ( 'NONE', #925, #2904, #3262, .T. ) ;
#2380 = ORIENTED_EDGE ( 'NONE', *, *, #891, .F. ) ;
#2381 = DIRECTION ( 'NONE',  ( 0.0000000000000000000, 1.000000000000000000, 0.0000000000000000000 ) ) ;
#2382 = FACE_OUTER_BOUND ( 'NONE', #2800, .T. ) ;
#2383 = CARTESIAN_POINT ( 'NONE',  ( -0.1181102362204724532, 0.0000000000000000000, 0.1181102362204724532 ) ) ;
#2384 = CARTESIAN_POINT ( 'NONE',  ( -0.1532055652061933004, -0.07446540772587834089, 0.1023622047244094474 ) ) ;
#2385 = DIRECTION ( 'NONE',  ( 0.0000000000000000000, 1.000000000000000000, 0.0000000000000000000 ) ) ;
#2386 = DIRECTION ( 'NONE',  ( -1.000000000000000000, -4.063888932435259910E-16, 0.0000000000000000000 ) ) ;
#2387 = ORIENTED_EDGE ( 'NONE', *, *, #3512, .T. ) ;
#2388 = VERTEX_POINT ( 'NONE', #4082 ) ;
#2389 = EDGE_CURVE ( 'NONE', #1501, #1476, #3359, .T. ) ;
#2390 = EDGE_LOOP ( 'NONE', ( #2825, #4030, #22, #934 ) ) ;
#2391 = CARTESIAN_POINT ( 'NONE',  ( -0.1318897637795275746, -0.09578120915254409451, -0.1023622047244094474 ) ) ;
#2392 = CARTESIAN_POINT ( 'NONE',  ( -0.1263219938489248129, -0.04758183636860983945, 0.1023622047244094474 ) ) ;
#2393 = VERTEX_POINT ( 'NONE', #3100 ) ;
#2394 =( NAMED_UNIT ( * ) PLANE_ANGLE_UNIT ( ) SI_UNIT ( $, .RADIAN. ) );
#2395 = ADVANCED_FACE ( 'NONE', ( #427 ), #384, .T. ) ;
#2396 = ORIENTED_EDGE ( 'NONE', *, *, #3886, .F. ) ;
#2397 = ORIENTED_EDGE ( 'NONE', *, *, #1983, .T. ) ;
#2398 = CARTESIAN_POINT ( 'NONE',  ( -0.08858267716535432601, 0.1299212598425196763, -0.08858267716535432601 ) ) ;
#2399 = DIRECTION ( 'NONE',  ( -1.000000000000000000, -4.063888932435259910E-16, 0.0000000000000000000 ) ) ;
#2400 = EDGE_LOOP ( 'NONE', ( #1397, #3912, #2230, #2541 ) ) ;
#2401 = DIRECTION ( 'NONE',  ( 0.0000000000000000000, 1.000000000000000000, 0.0000000000000000000 ) ) ;
#2402 = EDGE_CURVE ( 'NONE', #1643, #831, #2803, .T. ) ;
#2403 = VERTEX_POINT ( 'NONE', #1736 ) ;
#2404 = CARTESIAN_POINT ( 'NONE',  ( -0.1240157480314960647, -0.09578120915254409451, -0.07480314960629921850 ) ) ;
#2405 = CARTESIAN_POINT ( 'NONE',  ( 0.1555118110236220208, -0.06889763779527559306, 0.1023622047244094474 ) ) ;
#2406 = CARTESIAN_POINT ( 'NONE',  ( 0.1122047244094488277, 0.1299212598425196763, -0.1122047244094488277 ) ) ;
#2407 = DIRECTION ( 'NONE',  ( -1.000000000000000000, 0.0000000000000000000, 0.0000000000000000000 ) ) ;
#2408 = DIRECTION ( 'NONE',  ( 1.000000000000000000, 0.0000000000000000000, 0.0000000000000000000 ) ) ;
#2409 = ORIENTED_EDGE ( 'NONE', *, *, #508, .T. ) ;
#2410 = ORIENTED_EDGE ( 'NONE', *, *, #3975, .T. ) ;
#2411 = LINE ( 'NONE', #1696, #2983 ) ;
#2412 = FACE_OUTER_BOUND ( 'NONE', #3493, .T. ) ;
#2413 = ORIENTED_EDGE ( 'NONE', *, *, #3015, .F. ) ;
#2414 = VECTOR ( 'NONE', #2370, 39.37007874015748143 ) ;
#2415 = ORIENTED_EDGE ( 'NONE', *, *, #2264, .T. ) ;
#2416 = CIRCLE ( 'NONE', #511, 0.007874015748031499423 ) ;
#2417 = VECTOR ( 'NONE', #1344, 39.37007874015748143 ) ;
#2418 = CARTESIAN_POINT ( 'NONE',  ( -0.1122047244094488277, 0.1299212598425196763, -0.1122047244094488277 ) ) ;
#2419 = ADVANCED_FACE ( 'NONE', ( #2780 ), #2364, .F. ) ;
#2420 = ORIENTED_EDGE ( 'NONE', *, *, #3423, .T. ) ;
#2421 = ADVANCED_FACE ( 'NONE', ( #3688 ), #4039, .T. ) ;
#2422 = VECTOR ( 'NONE', #1577, 39.37007874015748143 ) ;
#2423 = DIRECTION ( 'NONE',  ( -1.000000000000000000, 0.0000000000000000000, 0.0000000000000000000 ) ) ;
#2424 =( GEOMETRIC_REPRESENTATION_CONTEXT ( 3 ) GLOBAL_UNCERTAINTY_ASSIGNED_CONTEXT ( ( #420 ) ) GLOBAL_UNIT_ASSIGNED_CONTEXT ( ( #920, #2270, #1301 ) ) REPRESENTATION_CONTEXT ( 'NONE', 'WORKASPACE' ) );
#2425 = VERTEX_POINT ( 'NONE', #1390 ) ;
#2426 = DIRECTION ( 'NONE',  ( -2.168404344971010347E-16, 0.0000000000000000000, -1.000000000000000000 ) ) ;
#2427 = EDGE_LOOP ( 'NONE', ( #4122, #1049, #2410, #1796 ) ) ;
#2428 = DIRECTION ( 'NONE',  ( -1.000000000000000000, 0.0000000000000000000, 0.0000000000000000000 ) ) ;
#2429 = AXIS2_PLACEMENT_3D ( 'NONE', #593, #1652, #3600 ) ;
#2430 = AXIS2_PLACEMENT_3D ( 'NONE', #3715, #2021, #644 ) ;
#2431 = ADVANCED_FACE ( 'NONE', ( #3084 ), #4110, .T. ) ;
#2432 = LINE ( 'NONE', #1832, #727 ) ;
#2433 = CARTESIAN_POINT ( 'NONE',  ( -0.1532055652061933004, -0.07446540772587834089, -0.1023622047244094474 ) ) ;
#2434 = CARTESIAN_POINT ( 'NONE',  ( 0.1318897637795275746, -0.1224523058384645591, -0.1023622047244094474 ) ) ;
#2435 = AXIS2_PLACEMENT_3D ( 'NONE', #459, #1876, #3215 ) ;
#2436 = CARTESIAN_POINT ( 'NONE',  ( 0.1555118110236220763, -0.1054045616694795212, -0.1122047244094488277 ) ) ;
#2437 = VECTOR ( 'NONE', #3144, 39.37007874015748143 ) ;
#2438 = CARTESIAN_POINT ( 'NONE',  ( -0.1318897637795275746, 0.02755905511811023584, 0.1023622047244094474 ) ) ;
#2439 = VECTOR ( 'NONE', #3946, 39.37007874015748143 ) ;
#2440 = EDGE_LOOP ( 'NONE', ( #2409, #2133, #395, #2635 ) ) ;
#2441 = CARTESIAN_POINT ( 'NONE',  ( 0.1240157480314960647, 0.02755905511811023584, -0.1023622047244094474 ) ) ;
#2442 = DIRECTION ( 'NONE',  ( 0.0000000000000000000, 0.0000000000000000000, 1.000000000000000000 ) ) ;
#2443 = VECTOR ( 'NONE', #409, 39.37007874015748143 ) ;
#2444 = VERTEX_POINT ( 'NONE', #342 ) ;
#2445 = CARTESIAN_POINT ( 'NONE',  ( 0.1122047244094488277, 0.1299212598425196763, -0.1122047244094488277 ) ) ;
#2446 = VECTOR ( 'NONE', #404, 39.37007874015748143 ) ;
#2447 = CARTESIAN_POINT ( 'NONE',  ( -0.1181102362204724532, 0.1299212598425196763, 0.1122047244094488277 ) ) ;
#2448 = VERTEX_POINT ( 'NONE', #2404 ) ;
#2449 = DIRECTION ( 'NONE',  ( 0.0000000000000000000, -1.000000000000000000, 0.0000000000000000000 ) ) ;
#2450 = ORIENTED_EDGE ( 'NONE', *, *, #2995, .T. ) ;
#2451 = CARTESIAN_POINT ( 'NONE',  ( 0.1318897637795275746, -0.09578120915254409451, 0.07480314960629921850 ) ) ;
#2452 = ORIENTED_EDGE ( 'NONE', *, *, #2348, .F. ) ;
#2453 = CARTESIAN_POINT ( 'NONE',  ( -0.1318897637795275746, -0.09578120915254409451, 0.1023622047244094474 ) ) ;
#2454 = LINE ( 'NONE', #2474, #2581 ) ;
#2455 = FACE_OUTER_BOUND ( 'NONE', #2679, .T. ) ;
#2456 = CARTESIAN_POINT ( 'NONE',  ( -0.1318897637795275746, -0.09578120915254409451, -0.1023622047244094474 ) ) ;
#2457 = ADVANCED_FACE ( 'NONE', ( #3774 ), #39, .T. ) ;
#2458 = DIRECTION ( 'NONE',  ( 0.0000000000000000000, 0.0000000000000000000, -1.000000000000000000 ) ) ;
#2459 = PLANE ( 'NONE',  #3044 ) ;
#2460 = VERTEX_POINT ( 'NONE', #740 ) ;
#2461 = DIRECTION ( 'NONE',  ( 0.0000000000000000000, 0.0000000000000000000, 1.000000000000000000 ) ) ;
#2462 = LINE ( 'NONE', #1087, #2782 ) ;
#2463 = FACE_OUTER_BOUND ( 'NONE', #545, .T. ) ;
#2464 = ORIENTED_EDGE ( 'NONE', *, *, #3665, .F. ) ;
#2465 = CARTESIAN_POINT ( 'NONE',  ( -0.1318897637795275746, -0.09578120915254409451, -0.07480314960629921850 ) ) ;
#2466 = ORIENTED_EDGE ( 'NONE', *, *, #2563, .T. ) ;
#2467 = PLANE ( 'NONE',  #4033 ) ;
#2468 = ORIENTED_EDGE ( 'NONE', *, *, #531, .T. ) ;
#2469 = CARTESIAN_POINT ( 'NONE',  ( -0.1240157480314960647, -0.1143824042423135789, 0.07014398974742774850 ) ) ;
#2470 = VERTEX_POINT ( 'NONE', #406 ) ;
#2471 = LINE ( 'NONE', #852, #2786 ) ;
#2472 = ORIENTED_EDGE ( 'NONE', *, *, #4289, .F. ) ;
#2473 = EDGE_CURVE ( 'NONE', #4221, #3577, #1689, .T. ) ;
#2474 = CARTESIAN_POINT ( 'NONE',  ( -0.1240157480314960647, 0.02755905511811023584, -0.1023622047244094474 ) ) ;
#2475 = CARTESIAN_POINT ( 'NONE',  ( -0.1476377952755905387, -0.06889763779527559306, -0.1023622047244094474 ) ) ;
#2476 = LINE ( 'NONE', #3778, #2443 ) ;
#2477 = CARTESIAN_POINT ( 'NONE',  ( -0.1181102362204724532, 0.1299212598425196763, -0.1181102362204724532 ) ) ;
#2478 = EDGE_CURVE ( 'NONE', #476, #1355, #3708, .T. ) ;
#2479 = EDGE_CURVE ( 'NONE', #438, #2904, #4215, .T. ) ;
#2480 = DIRECTION ( 'NONE',  ( 1.000000000000000000, 0.0000000000000000000, 0.0000000000000000000 ) ) ;
#2481 = VERTEX_POINT ( 'NONE', #1828 ) ;
#2482 = CARTESIAN_POINT ( 'NONE',  ( -0.1181102362204724532, 0.1377952755905511861, -0.1122047244094488277 ) ) ;
#2483 = DIRECTION ( 'NONE',  ( -1.000000000000000000, 0.0000000000000000000, 0.0000000000000000000 ) ) ;
#2484 = EDGE_CURVE ( 'NONE', #1703, #4192, #3329, .T. ) ;
#2485 = LINE ( 'NONE', #1132, #302 ) ;
#2486 = DIRECTION ( 'NONE',  ( 0.0000000000000000000, 0.0000000000000000000, -1.000000000000000000 ) ) ;
#2487 = ORIENTED_EDGE ( 'NONE', *, *, #910, .T. ) ;
#2488 = CARTESIAN_POINT ( 'NONE',  ( -0.1476377952755905387, -0.06889763779527559306, -0.1023622047244094474 ) ) ;
#2489 = FACE_OUTER_BOUND ( 'NONE', #2886, .T. ) ;
#2490 = VERTEX_POINT ( 'NONE', #482 ) ;
#2491 = DIRECTION ( 'NONE',  ( 0.0000000000000000000, 1.000000000000000000, 0.0000000000000000000 ) ) ;
#2492 = ORIENTED_EDGE ( 'NONE', *, *, #3281, .F. ) ;
#2493 = PLANE ( 'NONE',  #1029 ) ;
#2494 = AXIS2_PLACEMENT_3D ( 'NONE', #1572, #492, #1553 ) ;
#2495 = AXIS2_PLACEMENT_3D ( 'NONE', #3956, #923, #2254 ) ;
#2496 = VERTEX_POINT ( 'NONE', #3887 ) ;
#2497 = CARTESIAN_POINT ( 'NONE',  ( 0.1263219938489248129, -0.04758183636860983945, -0.07480314960629921850 ) ) ;
#2498 = ORIENTED_EDGE ( 'NONE', *, *, #2150, .T. ) ;
#2499 = VECTOR ( 'NONE', #2240, 39.37007874015748143 ) ;
#2500 = AXIS2_PLACEMENT_3D ( 'NONE', #2759, #1010, #3425 ) ;
#2501 = FACE_OUTER_BOUND ( 'NONE', #1894, .T. ) ;
#2502 = CARTESIAN_POINT ( 'NONE',  ( -0.1318897637795275746, 0.02755905511811023584, 0.07480314960629921850 ) ) ;
#2503 = LINE ( 'NONE', #820, #1312 ) ;
#2504 = VECTOR ( 'NONE', #3735, 39.37007874015748143 ) ;
#2505 = CARTESIAN_POINT ( 'NONE',  ( -0.1318897637795275746, 0.02755905511811023584, -0.1023622047244094474 ) ) ;
#2506 = AXIS2_PLACEMENT_3D ( 'NONE', #1033, #3751, #677 ) ;
#2507 = CARTESIAN_POINT ( 'NONE',  ( 0.08858267716535432601, 0.1377952755905511861, 0.1122047244094488139 ) ) ;
#2508 = ORIENTED_EDGE ( 'NONE', *, *, #282, .T. ) ;
#2509 = EDGE_CURVE ( 'NONE', #2151, #1946, #876, .T. ) ;
#2510 = PLANE ( 'NONE',  #1006 ) ;
#2511 = STYLED_ITEM ( 'NONE', ( #1757 ), #2646 ) ;
#2512 = EDGE_CURVE ( 'NONE', #149, #578, #592, .T. ) ;
#2513 = CARTESIAN_POINT ( 'NONE',  ( 0.1318897637795275746, 0.02755905511811023584, 0.07480314960629921850 ) ) ;
#2514 = AXIS2_PLACEMENT_3D ( 'NONE', #3865, #2227, #3557 ) ;
#2515 = FACE_OUTER_BOUND ( 'NONE', #2756, .T. ) ;
#2516 = EDGE_LOOP ( 'NONE', ( #2001, #3451, #4174, #1135 ) ) ;
#2517 = FACE_OUTER_BOUND ( 'NONE', #2552, .T. ) ;
#2518 = EDGE_CURVE ( 'NONE', #3216, #2178, #1172, .T. ) ;
#2519 = AXIS2_PLACEMENT_3D ( 'NONE', #3414, #1113, #1748 ) ;
#2520 = VERTEX_POINT ( 'NONE', #1480 ) ;
#2521 = CARTESIAN_POINT ( 'NONE',  ( -0.1181102362204724532, 0.03543307086614173179, 0.07480314960629921850 ) ) ;
#2522 =( CONVERSION_BASED_UNIT ( 'INCH', #851 ) LENGTH_UNIT ( ) NAMED_UNIT ( #901 ) );
#2523 = VECTOR ( 'NONE', #1550, 39.37007874015748143 ) ;
#2524 = VERTEX_POINT ( 'NONE', #4177 ) ;
#2525 = EDGE_CURVE ( 'NONE', #1285, #4044, #4241, .T. ) ;
#2526 = DIRECTION ( 'NONE',  ( 0.0000000000000000000, -1.000000000000000000, 0.0000000000000000000 ) ) ;
#2527 = ORIENTED_EDGE ( 'NONE', *, *, #1709, .T. ) ;
#2528 = COLOUR_RGB ( '',0.8274509803921568096, 0.8392156862745098200, 0.8274509803921568096 ) ;
#2529 = CYLINDRICAL_SURFACE ( 'NONE', #3393, 0.02362204724409448092 ) ;
#2530 = DIRECTION ( 'NONE',  ( 0.0000000000000000000, 1.000000000000000000, 0.0000000000000000000 ) ) ;
#2531 = DIRECTION ( 'NONE',  ( -1.000000000000000000, 0.0000000000000000000, 0.0000000000000000000 ) ) ;
#2532 = CARTESIAN_POINT ( 'NONE',  ( 0.1263219938489248129, -0.04758183636860983945, 0.07480314960629921850 ) ) ;
#2533 = ORIENTED_EDGE ( 'NONE', *, *, #768, .F. ) ;
#2534 = PLANE ( 'NONE',  #2573 ) ;
#2535 = CARTESIAN_POINT ( 'NONE',  ( -0.08858267716535432601, 0.1299212598425196763, 0.08858267716535432601 ) ) ;
#2536 = EDGE_CURVE ( 'NONE', #1753, #553, #4027, .T. ) ;
#2537 = LINE ( 'NONE', #2862, #179 ) ;
#2538 = ORIENTED_EDGE ( 'NONE', *, *, #3839, .T. ) ;
#2539 = LINE ( 'NONE', #1539, #2422 ) ;
#2540 = DIRECTION ( 'NONE',  ( 0.0000000000000000000, 0.0000000000000000000, -1.000000000000000000 ) ) ;
#2541 = ORIENTED_EDGE ( 'NONE', *, *, #1040, .T. ) ;
#2542 = ADVANCED_FACE ( 'NONE', ( #4151 ), #1546, .F. ) ;
#2543 = FACE_OUTER_BOUND ( 'NONE', #2042, .T. ) ;
#2544 = EDGE_LOOP ( 'NONE', ( #3363, #2777, #2420, #1631 ) ) ;
#2545 = DIRECTION ( 'NONE',  ( 0.0000000000000000000, 0.0000000000000000000, 1.000000000000000000 ) ) ;
#2546 = ORIENTED_EDGE ( 'NONE', *, *, #3322, .F. ) ;
#2547 = EDGE_CURVE ( 'NONE', #1762, #351, #150, .T. ) ;
#2548 = DIRECTION ( 'NONE',  ( 0.0000000000000000000, -1.000000000000000000, 0.0000000000000000000 ) ) ;
#2549 = FILL_AREA_STYLE ('',( #1435 ) ) ;
#2550 = CARTESIAN_POINT ( 'NONE',  ( -0.1181102362204724532, 0.003937007874015747977, -0.04921259842519685318 ) ) ;
#2551 = DIRECTION ( 'NONE',  ( 0.0000000000000000000, 0.0000000000000000000, 1.000000000000000000 ) ) ;
#2552 = EDGE_LOOP ( 'NONE', ( #3500, #2325, #223, #3649 ) ) ;
#2553 = PLANE ( 'NONE',  #1153 ) ;
#2554 = DIRECTION ( 'NONE',  ( 0.7071067811865480168, -0.7071067811865470176, 0.0000000000000000000 ) ) ;
#2555 = ORIENTED_EDGE ( 'NONE', *, *, #4024, .T. ) ;
#2556 = LINE ( 'NONE', #3878, #2217 ) ;
#2557 = CARTESIAN_POINT ( 'NONE',  ( 0.1263219938489248129, -0.04758183636860983945, -0.1023622047244094474 ) ) ;
#2558 = ORIENTED_EDGE ( 'NONE', *, *, #2965, .F. ) ;
#2559 = LINE ( 'NONE', #3228, #3480 ) ;
#2560 = ORIENTED_EDGE ( 'NONE', *, *, #1185, .T. ) ;
#2561 = DIRECTION ( 'NONE',  ( 1.000000000000000000, 0.0000000000000000000, 0.0000000000000000000 ) ) ;
#2562 = EDGE_CURVE ( 'NONE', #2460, #4331, #1896, .T. ) ;
#2563 = EDGE_CURVE ( 'NONE', #1498, #1173, #501, .T. ) ;
#2564 = ORIENTED_EDGE ( 'NONE', *, *, #1592, .T. ) ;
#2565 = VECTOR ( 'NONE', #1817, 39.37007874015748143 ) ;
#2566 = CARTESIAN_POINT ( 'NONE',  ( -0.08858267716535432601, 0.1377952755905511861, 0.08858267716535432601 ) ) ;
#2567 = LINE ( 'NONE', #200, #3958 ) ;
#2568 = LINE ( 'NONE', #591, #1177 ) ;
#2569 = VECTOR ( 'NONE', #829, 39.37007874015748143 ) ;
#2570 = EDGE_CURVE ( 'NONE', #59, #1017, #4178, .T. ) ;
#2571 = CIRCLE ( 'NONE', #1574, 0.007874015748031499423 ) ;
#2572 = CARTESIAN_POINT ( 'NONE',  ( -0.1555118110236220763, -0.1054045616694795212, 0.1122047244094488277 ) ) ;
#2573 = AXIS2_PLACEMENT_3D ( 'NONE', #3431, #771, #439 ) ;
#2574 = VECTOR ( 'NONE', #3590, 39.37007874015748143 ) ;
#2575 = DIMENSIONAL_EXPONENTS ( 1.000000000000000000, 0.0000000000000000000, 0.0000000000000000000, 0.0000000000000000000, 0.0000000000000000000, 0.0000000000000000000, 0.0000000000000000000 ) ;
#2576 = EDGE_LOOP ( 'NONE', ( #2779, #403, #331, #2038 ) ) ;
#2577 = CARTESIAN_POINT ( 'NONE',  ( 0.0000000000000000000, 0.0000000000000000000, 0.0000000000000000000 ) ) ;
#2578 = VECTOR ( 'NONE', #2095, 39.37007874015748143 ) ;
#2579 = AXIS2_PLACEMENT_3D ( 'NONE', #1885, #3179, #3261 ) ;
#2580 = LINE ( 'NONE', #556, #3001 ) ;
#2581 = VECTOR ( 'NONE', #3754, 39.37007874015748143 ) ;
#2582 = ORIENTED_EDGE ( 'NONE', *, *, #959, .T. ) ;
#2583 = DIRECTION ( 'NONE',  ( 0.0000000000000000000, 0.0000000000000000000, 1.000000000000000000 ) ) ;
#2584 = LINE ( 'NONE', #3879, #2000 ) ;
#2585 = ORIENTED_EDGE ( 'NONE', *, *, #3782, .F. ) ;
#2586 = VECTOR ( 'NONE', #453, 39.37007874015748143 ) ;
#2587 = PLANE ( 'NONE',  #1375 ) ;
#2588 = AXIS2_PLACEMENT_3D ( 'NONE', #1998, #2267, #3335 ) ;
#2589 = DIRECTION ( 'NONE',  ( 0.0000000000000000000, 1.000000000000000000, 0.0000000000000000000 ) ) ;
#2590 = VERTEX_POINT ( 'NONE', #2189 ) ;
#2591 = VECTOR ( 'NONE', #1484, 39.37007874015748143 ) ;
#2592 = DIRECTION ( 'NONE',  ( 0.0000000000000000000, -1.000000000000000000, 0.0000000000000000000 ) ) ;
#2593 = CARTESIAN_POINT ( 'NONE',  ( -0.1240157480314960647, -0.1377952755905511861, 0.09350393700787401619 ) ) ;
#2594 = DIRECTION ( 'NONE',  ( 1.000000000000000000, 0.0000000000000000000, 0.0000000000000000000 ) ) ;
#2595 = EDGE_CURVE ( 'NONE', #2954, #4186, #2071, .T. ) ;
#2596 = VECTOR ( 'NONE', #1142, 39.37007874015748143 ) ;
#2597 = DIRECTION ( 'NONE',  ( -1.000000000000000000, 0.0000000000000000000, 0.0000000000000000000 ) ) ;
#2598 = EDGE_CURVE ( 'NONE', #1744, #1773, #1525, .T. ) ;
#2599 = ORIENTED_EDGE ( 'NONE', *, *, #2098, .T. ) ;
#2600 = DIRECTION ( 'NONE',  ( -0.0000000000000000000, 1.000000000000000000, 0.0000000000000000000 ) ) ;
#2601 = CARTESIAN_POINT ( 'NONE',  ( -0.1122047244094488277, 0.1299212598425196763, 0.1122047244094488277 ) ) ;
#2602 = ORIENTED_EDGE ( 'NONE', *, *, #1319, .T. ) ;
#2603 = DIRECTION ( 'NONE',  ( 0.7071067811865469066, -0.7071067811865479058, 0.0000000000000000000 ) ) ;
#2604 = DIRECTION ( 'NONE',  ( -2.168404344971010347E-16, 0.0000000000000000000, -1.000000000000000000 ) ) ;
#2605 = VERTEX_POINT ( 'NONE', #1121 ) ;
#2606 = CARTESIAN_POINT ( 'NONE',  ( 0.1122047244094488277, 0.1377952755905511861, -0.1122047244094488277 ) ) ;
#2607 = ORIENTED_EDGE ( 'NONE', *, *, #1212, .F. ) ;
#2608 = CARTESIAN_POINT ( 'NONE',  ( -0.08858267716535432601, 0.1496062992125984370, 0.08858267716535432601 ) ) ;
#2609 = DIRECTION ( 'NONE',  ( -2.168404344971010347E-16, 0.0000000000000000000, -1.000000000000000000 ) ) ;
#2610 = CARTESIAN_POINT ( 'NONE',  ( -0.1532055652061933004, -0.06332986786467284523, 0.1023622047244094474 ) ) ;
#2611 = EDGE_CURVE ( 'NONE', #3671, #1919, #2471, .T. ) ;
#2612 = CARTESIAN_POINT ( 'NONE',  ( -0.1181102362204724532, 0.02755905511811023584, -0.1023622047244094474 ) ) ;
#2613 = ORIENTED_EDGE ( 'NONE', *, *, #1882, .T. ) ;
#2614 = LINE ( 'NONE', #3569, #1073 ) ;
#2615 = EDGE_CURVE ( 'NONE', #2332, #1383, #100, .T. ) ;
#2616 = ADVANCED_FACE ( 'NONE', ( #197 ), #3472, .T. ) ;
#2617 = ORIENTED_EDGE ( 'NONE', *, *, #343, .F. ) ;
#2618 = CARTESIAN_POINT ( 'NONE',  ( 0.1318897637795275746, 0.02755905511811023584, -0.07480314960629921850 ) ) ;
#2619 = ORIENTED_EDGE ( 'NONE', *, *, #2916, .T. ) ;
#2620 = CARTESIAN_POINT ( 'NONE',  ( 0.1240157480314960647, -0.09578120915254409451, 0.1023622047244094474 ) ) ;
#2621 = DIRECTION ( 'NONE',  ( 1.000000000000000000, 0.0000000000000000000, 0.0000000000000000000 ) ) ;
#2622 = EDGE_CURVE ( 'NONE', #1211, #3367, #1808, .T. ) ;
#2623 = VERTEX_POINT ( 'NONE', #3911 ) ;
#2624 = DIRECTION ( 'NONE',  ( 0.0000000000000000000, 0.0000000000000000000, 1.000000000000000000 ) ) ;
#2625 = ORIENTED_EDGE ( 'NONE', *, *, #2881, .F. ) ;
#2626 = LINE ( 'NONE', #964, #1867 ) ;
#2627 = CARTESIAN_POINT ( 'NONE',  ( 0.08858267716535432601, 0.1377952755905511861, 0.08858267716535432601 ) ) ;
#2628 = PLANE ( 'NONE',  #3837 ) ;
#2629 = CARTESIAN_POINT ( 'NONE',  ( -0.1181102362204724532, 0.0000000000000000000, -0.1181102362204724532 ) ) ;
#2630 = AXIS2_PLACEMENT_3D ( 'NONE', #1036, #2386, #3154 ) ;
#2631 = EDGE_LOOP ( 'NONE', ( #2805, #401, #3918, #2533 ) ) ;
#2632 = AXIS2_PLACEMENT_3D ( 'NONE', #2438, #3760, #2034 ) ;
#2633 = ORIENTED_EDGE ( 'NONE', *, *, #1185, .F. ) ;
#2634 = DIRECTION ( 'NONE',  ( 0.0000000000000000000, 1.000000000000000000, 0.0000000000000000000 ) ) ;
#2635 = ORIENTED_EDGE ( 'NONE', *, *, #2882, .F. ) ;
#2636 = AXIS2_PLACEMENT_3D ( 'NONE', #2183, #3510, #3767 ) ;
#2637 = DIRECTION ( 'NONE',  ( 0.0000000000000000000, 0.0000000000000000000, 1.000000000000000000 ) ) ;
#2638 = EDGE_CURVE ( 'NONE', #4214, #2403, #1236, .T. ) ;
#2639 = ORIENTED_EDGE ( 'NONE', *, *, #3617, .F. ) ;
#2640 = DIRECTION ( 'NONE',  ( 0.0000000000000000000, -0.9993908270190957621, 0.03489949670250103164 ) ) ;
#2641 = VECTOR ( 'NONE', #281, 39.37007874015748143 ) ;
#2642 = VECTOR ( 'NONE', #4056, 39.37007874015748143 ) ;
#2643 = DIRECTION ( 'NONE',  ( 0.0000000000000000000, 1.000000000000000000, 0.0000000000000000000 ) ) ;
#2644 = ORIENTED_EDGE ( 'NONE', *, *, #3599, .F. ) ;
#2645 = AXIS2_PLACEMENT_3D ( 'NONE', #4113, #1462, #3775 ) ;
#2646 = ADVANCED_FACE ( 'NONE', ( #2907 ), #3128, .F. ) ;
#2647 = CIRCLE ( 'NONE', #2365, 0.003937007874015749712 ) ;
#2648 = EDGE_LOOP ( 'NONE', ( #2188, #3696, #2748, #3437 ) ) ;
#2649 = DIRECTION ( 'NONE',  ( 1.000000000000000000, 0.0000000000000000000, 0.0000000000000000000 ) ) ;
#2650 = CARTESIAN_POINT ( 'NONE',  ( -0.1240157480314960647, 0.03543307086614173179, -0.07480314960629921850 ) ) ;
#2651 = VECTOR ( 'NONE', #3859, 39.37007874015748143 ) ;
#2652 = EDGE_CURVE ( 'NONE', #666, #426, #2454, .T. ) ;
#2653 = DIRECTION ( 'NONE',  ( 0.0000000000000000000, 0.0000000000000000000, -1.000000000000000000 ) ) ;
#2654 = VECTOR ( 'NONE', #1853, 39.37007874015748854 ) ;
#2655 = CARTESIAN_POINT ( 'NONE',  ( 0.1181102362204724532, 0.03543307086614173179, 0.1023622047244094474 ) ) ;
#2656 = VECTOR ( 'NONE', #613, 39.37007874015748143 ) ;
#2657 = DIMENSIONAL_EXPONENTS ( 1.000000000000000000, 0.0000000000000000000, 0.0000000000000000000, 0.0000000000000000000, 0.0000000000000000000, 0.0000000000000000000, 0.0000000000000000000 ) ;
#2658 = ORIENTED_EDGE ( 'NONE', *, *, #264, .F. ) ;
#2659 = ORIENTED_EDGE ( 'NONE', *, *, #2944, .T. ) ;
#2660 = FACE_OUTER_BOUND ( 'NONE', #2920, .T. ) ;
#2661 = ORIENTED_EDGE ( 'NONE', *, *, #1882, .F. ) ;
#2662 = CARTESIAN_POINT ( 'NONE',  ( -0.1318897637795275746, -0.04201406643800709162, -0.1023622047244094474 ) ) ;
#2663 = EDGE_LOOP ( 'NONE', ( #3652, #3241, #3355, #3164, #543, #1615, #3929, #3259, #600, #467, #4231, #1248, #623, #848, #783, #3145, #1968 ) ) ;
#2664 = LINE ( 'NONE', #4311, #3816 ) ;
#2665 = DIRECTION ( 'NONE',  ( 0.0000000000000000000, 0.0000000000000000000, 1.000000000000000000 ) ) ;
#2666 = ORIENTED_EDGE ( 'NONE', *, *, #631, .T. ) ;
#2667 = EDGE_CURVE ( 'NONE', #2703, #3718, #1303, .T. ) ;
#2668 = FACE_OUTER_BOUND ( 'NONE', #2997, .T. ) ;
#2669 = EDGE_LOOP ( 'NONE', ( #1897, #3430, #704, #1191 ) ) ;
#2670 = EDGE_CURVE ( 'NONE', #710, #3008, #2736, .T. ) ;
#2671 = DIRECTION ( 'NONE',  ( 0.0000000000000000000, 0.0000000000000000000, 1.000000000000000000 ) ) ;
#2672 = DIRECTION ( 'NONE',  ( 0.0000000000000000000, 0.0000000000000000000, -1.000000000000000000 ) ) ;
#2673 = DIRECTION ( 'NONE',  ( 0.0000000000000000000, 0.0000000000000000000, 1.000000000000000000 ) ) ;
#2674 = DIRECTION ( 'NONE',  ( 0.0000000000000000000, 0.0000000000000000000, 1.000000000000000000 ) ) ;
#2675 = ADVANCED_FACE ( 'NONE', ( #111 ), #3797, .T. ) ;
#2676 = DIRECTION ( 'NONE',  ( 0.0000000000000000000, -1.000000000000000000, 0.0000000000000000000 ) ) ;
#2677 = ORIENTED_EDGE ( 'NONE', *, *, #394, .T. ) ;
#2678 = DIRECTION ( 'NONE',  ( 0.0000000000000000000, 0.0000000000000000000, 1.000000000000000000 ) ) ;
#2679 = EDGE_LOOP ( 'NONE', ( #3306, #1467 ) ) ;
#2680 = ORIENTED_EDGE ( 'NONE', *, *, #1943, .T. ) ;
#2681 = PRESENTATION_STYLE_ASSIGNMENT (( #4329 ) ) ;
#2682 = CARTESIAN_POINT ( 'NONE',  ( 0.1318897637795275746, -0.09578120915254409451, 0.1023622047244094474 ) ) ;
#2683 = EDGE_LOOP ( 'NONE', ( #140, #3771, #1789, #3223 ) ) ;
#2684 = DIRECTION ( 'NONE',  ( 0.0000000000000000000, 0.0000000000000000000, 1.000000000000000000 ) ) ;
#2685 = ORIENTED_EDGE ( 'NONE', *, *, #4016, .F. ) ;
#2686 = DIRECTION ( 'NONE',  ( 0.0000000000000000000, 0.0000000000000000000, -1.000000000000000000 ) ) ;
#2687 = DIRECTION ( 'NONE',  ( -1.000000000000000000, 0.0000000000000000000, 0.0000000000000000000 ) ) ;
#2688 = CARTESIAN_POINT ( 'NONE',  ( 0.1476377952755905387, -0.06889763779527559306, 0.1023622047244094474 ) ) ;
#2689 = EDGE_CURVE ( 'NONE', #1733, #2967, #3334, .T. ) ;
#2690 = EDGE_CURVE ( 'NONE', #1695, #1620, #4305, .T. ) ;
#2691 = DIRECTION ( 'NONE',  ( 0.0000000000000000000, 0.0000000000000000000, -1.000000000000000000 ) ) ;
#2692 = FACE_OUTER_BOUND ( 'NONE', #245, .T. ) ;
#2693 = EDGE_CURVE ( 'NONE', #2448, #418, #786, .T. ) ;
#2694 = DIRECTION ( 'NONE',  ( 0.0000000000000000000, 0.0000000000000000000, -1.000000000000000000 ) ) ;
#2695 = ORIENTED_EDGE ( 'NONE', *, *, #3104, .T. ) ;
#2696 = LINE ( 'NONE', #3219, #3184 ) ;
#2697 = CIRCLE ( 'NONE', #805, 0.02362204724409448092 ) ;
#2698 = ADVANCED_FACE ( 'NONE', ( #764 ), #1075, .F. ) ;
#2699 = ORIENTED_EDGE ( 'NONE', *, *, #1585, .T. ) ;
#2700 = FACE_OUTER_BOUND ( 'NONE', #2544, .T. ) ;
#2701 = CARTESIAN_POINT ( 'NONE',  ( -0.1263219938489248129, -0.04758183636860983945, -0.1023622047244094474 ) ) ;
#2702 = CIRCLE ( 'NONE', #1642, 0.007874015748031499423 ) ;
#2703 = VERTEX_POINT ( 'NONE', #429 ) ;
#2704 = SURFACE_STYLE_FILL_AREA ( #3110 ) ;
#2705 = ORIENTED_EDGE ( 'NONE', *, *, #1282, .F. ) ;
#2706 = VECTOR ( 'NONE', #2857, 39.37007874015748143 ) ;
#2707 = VECTOR ( 'NONE', #2331, 39.37007874015748143 ) ;
#2708 = PLANE ( 'NONE',  #4109 ) ;
#2709 = FACE_OUTER_BOUND ( 'NONE', #2992, .T. ) ;
#2710 = CARTESIAN_POINT ( 'NONE',  ( -0.1240157480314960647, -0.1224523058384645591, -0.1023622047244094474 ) ) ;
#2711 = AXIS2_PLACEMENT_3D ( 'NONE', #4256, #2269, #3193 ) ;
#2712 = DIRECTION ( 'NONE',  ( 1.000000000000000000, 0.0000000000000000000, 0.0000000000000000000 ) ) ;
#2713 = AXIS2_PLACEMENT_3D ( 'NONE', #1623, #960, #2313 ) ;
#2714 = EDGE_CURVE ( 'NONE', #4216, #3434, #661, .T. ) ;
#2715 = CARTESIAN_POINT ( 'NONE',  ( -0.1263219938489248129, -0.04758183636860983945, -0.07480314960629921850 ) ) ;
#2716 = STYLED_ITEM ( 'NONE', ( #2041 ), #3448 ) ;
#2717 = DIRECTION ( 'NONE',  ( 2.454115839351809943E-16, -1.000000000000000000, 0.0000000000000000000 ) ) ;
#2718 = ORIENTED_EDGE ( 'NONE', *, *, #484, .F. ) ;
#2719 = EDGE_CURVE ( 'NONE', #2388, #4152, #2432, .T. ) ;
#2720 = VERTEX_POINT ( 'NONE', #2405 ) ;
#2721 = AXIS2_PLACEMENT_3D ( 'NONE', #3872, #2957, #1609 ) ;
#2722 = ORIENTED_EDGE ( 'NONE', *, *, #3697, .T. ) ;
#2723 = CARTESIAN_POINT ( 'NONE',  ( -0.1240157480314960647, -0.1377952755905511861, -0.09350393700787401619 ) ) ;
#2724 = DIRECTION ( 'NONE',  ( 0.0000000000000000000, 0.0000000000000000000, -1.000000000000000000 ) ) ;
#2725 = CONICAL_SURFACE ( 'NONE', #1317, 0.06889763779527559306, 0.03490658503988665340 ) ;
#2726 = ORIENTED_EDGE ( 'NONE', *, *, #796, .F. ) ;
#2727 = ADVANCED_FACE ( 'NONE', ( #2501 ), #3826, .T. ) ;
#2728 = ORIENTED_EDGE ( 'NONE', *, *, #768, .T. ) ;
#2729 = ORIENTED_EDGE ( 'NONE', *, *, #437, .F. ) ;
#2730 = CARTESIAN_POINT ( 'NONE',  ( -0.1181102362204724532, 0.003937007874015747977, 0.04921259842519685318 ) ) ;
#2731 = DIRECTION ( 'NONE',  ( 0.0000000000000000000, -1.000000000000000000, 0.0000000000000000000 ) ) ;
#2732 = ORIENTED_EDGE ( 'NONE', *, *, #3921, .F. ) ;
#2733 = CARTESIAN_POINT ( 'NONE',  ( -0.1476377952755905387, -0.06889763779527559306, 0.1023622047244094474 ) ) ;
#2734 = VERTEX_POINT ( 'NONE', #589 ) ;
#2735 = LINE ( 'NONE', #3126, #1161 ) ;
#2736 = LINE ( 'NONE', #3424, #308 ) ;
#2737 = CARTESIAN_POINT ( 'NONE',  ( -0.1476377952755905387, -0.06889763779527559306, -0.1023622047244094474 ) ) ;
#2738 = DIRECTION ( 'NONE',  ( 0.0000000000000000000, -1.000000000000000000, 0.0000000000000000000 ) ) ;
#2739 = ADVANCED_FACE ( 'NONE', ( #902 ), #1259, .T. ) ;
#2740 = DIRECTION ( 'NONE',  ( 0.0000000000000000000, 0.0000000000000000000, -1.000000000000000000 ) ) ;
#2741 = VERTEX_POINT ( 'NONE', #838 ) ;
#2742 = ORIENTED_EDGE ( 'NONE', *, *, #3031, .F. ) ;
#2743 = EDGE_CURVE ( 'NONE', #438, #3442, #3962, .T. ) ;
#2744 = DIRECTION ( 'NONE',  ( 0.0000000000000000000, -1.000000000000000000, 0.0000000000000000000 ) ) ;
#2745 = ADVANCED_FACE ( 'NONE', ( #236 ), #2874, .T. ) ;
#2746 = DIRECTION ( 'NONE',  ( 0.0000000000000000000, 1.000000000000000000, 0.0000000000000000000 ) ) ;
#2747 = ORIENTED_EDGE ( 'NONE', *, *, #1298, .F. ) ;
#2748 = ORIENTED_EDGE ( 'NONE', *, *, #1290, .F. ) ;
#2749 = EDGE_CURVE ( 'NONE', #3762, #33, #3579, .T. ) ;
#2750 = PLANE ( 'NONE',  #3197 ) ;
#2751 = ORIENTED_EDGE ( 'NONE', *, *, #3894, .F. ) ;
#2752 = CARTESIAN_POINT ( 'NONE',  ( -0.1318897637795275746, -0.09578120915254409451, 0.1023622047244094474 ) ) ;
#2753 = FACE_OUTER_BOUND ( 'NONE', #3963, .T. ) ;
#2754 = ORIENTED_EDGE ( 'NONE', *, *, #1263, .T. ) ;
#2755 = LINE ( 'NONE', #3820, #1460 ) ;
#2756 = EDGE_LOOP ( 'NONE', ( #1694, #2659, #1596, #3659, #3042, #2380, #337, #1084 ) ) ;
#2757 = CARTESIAN_POINT ( 'NONE',  ( 0.1181102362204724532, 0.003937007874015747977, 0.04921259842519685318 ) ) ;
#2758 = DIRECTION ( 'NONE',  ( 0.0000000000000000000, 0.0000000000000000000, 1.000000000000000000 ) ) ;
#2759 = CARTESIAN_POINT ( 'NONE',  ( 0.1318897637795275746, 0.02755905511811023584, -0.1023622047244094474 ) ) ;
#2760 = CARTESIAN_POINT ( 'NONE',  ( 0.0000000000000000000, 0.0000000000000000000, 0.04921259842519685318 ) ) ;
#2761 = FACE_OUTER_BOUND ( 'NONE', #642, .T. ) ;
#2762 = CARTESIAN_POINT ( 'NONE',  ( -0.1318897637795275746, -0.04201406643800709162, -0.1023622047244094474 ) ) ;
#2763 = ORIENTED_EDGE ( 'NONE', *, *, #2979, .F. ) ;
#2764 = DIRECTION ( 'NONE',  ( -3.519431053647356462E-16, 0.8660254037844389297, 0.4999999999999994449 ) ) ;
#2765 = CARTESIAN_POINT ( 'NONE',  ( -0.1318897637795275746, -0.1224523058384645591, 0.1023622047244094474 ) ) ;
#2766 = EDGE_CURVE ( 'NONE', #1526, #2470, #372, .T. ) ;
#2767 = DIRECTION ( 'NONE',  ( 0.0000000000000000000, 1.000000000000000000, 0.0000000000000000000 ) ) ;
#2768 = ORIENTED_EDGE ( 'NONE', *, *, #3124, .F. ) ;
#2769 = CARTESIAN_POINT ( 'NONE',  ( 0.1240157480314960647, 0.02755905511811023584, -0.1023622047244094474 ) ) ;
#2770 = AXIS2_PLACEMENT_3D ( 'NONE', #4222, #4264, #1221 ) ;
#2771 = CIRCLE ( 'NONE', #938, 0.007874015748031499423 ) ;
#2772 = FACE_OUTER_BOUND ( 'NONE', #3766, .T. ) ;
#2773 = ORIENTED_EDGE ( 'NONE', *, *, #186, .T. ) ;
#2774 = PRESENTATION_LAYER_ASSIGNMENT (  '', '', ( #234 ) ) ;
#2775 = EDGE_CURVE ( 'NONE', #1219, #947, #3233, .T. ) ;
#2776 = DIRECTION ( 'NONE',  ( 0.0000000000000000000, 0.0000000000000000000, 1.000000000000000000 ) ) ;
#2777 = ORIENTED_EDGE ( 'NONE', *, *, #2670, .T. ) ;
#2778 = LINE ( 'NONE', #3441, #1103 ) ;
#2779 = ORIENTED_EDGE ( 'NONE', *, *, #1859, .F. ) ;
#2780 = FACE_OUTER_BOUND ( 'NONE', #481, .T. ) ;
#2781 = AXIS2_PLACEMENT_3D ( 'NONE', #2030, #2712, #1072 ) ;
#2782 = VECTOR ( 'NONE', #2085, 39.37007874015748143 ) ;
#2783 = EDGE_CURVE ( 'NONE', #1459, #3747, #3538, .T. ) ;
#2784 = PLANE ( 'NONE',  #3733 ) ;
#2785 = CARTESIAN_POINT ( 'NONE',  ( 0.08858267716535432601, 0.1377952755905511861, 0.08858267716535432601 ) ) ;
#2786 = VECTOR ( 'NONE', #3535, 39.37007874015748143 ) ;
#2787 = CARTESIAN_POINT ( 'NONE',  ( 0.1263219938489248129, -0.04758183636860983945, 0.1023622047244094474 ) ) ;
#2788 = VECTOR ( 'NONE', #3660, 39.37007874015748143 ) ;
#2789 = ORIENTED_EDGE ( 'NONE', *, *, #1453, .T. ) ;
#2790 = VECTOR ( 'NONE', #2684, 39.37007874015748143 ) ;
#2791 = VERTEX_POINT ( 'NONE', #1914 ) ;
#2792 = DIRECTION ( 'NONE',  ( 0.0000000000000000000, -1.000000000000000000, 0.0000000000000000000 ) ) ;
#2793 = AXIS2_PLACEMENT_3D ( 'NONE', #2785, #4181, #3426 ) ;
#2794 = ORIENTED_EDGE ( 'NONE', *, *, #3273, .F. ) ;
#2795 = CYLINDRICAL_SURFACE ( 'NONE', #1578, 0.007874015748031499423 ) ;
#2796 = DIRECTION ( 'NONE',  ( 0.0000000000000000000, -1.000000000000000000, 0.0000000000000000000 ) ) ;
#2797 = ADVANCED_FACE ( 'NONE', ( #1213 ), #2529, .T. ) ;
#2798 = ORIENTED_EDGE ( 'NONE', *, *, #3848, .F. ) ;
#2799 = DIRECTION ( 'NONE',  ( 3.519431053647356462E-16, 0.8660254037844389297, 0.4999999999999994449 ) ) ;
#2800 = EDGE_LOOP ( 'NONE', ( #4290, #31, #423, #3419 ) ) ;
#2801 = CARTESIAN_POINT ( 'NONE',  ( -0.1476377952755905387, -0.06889763779527559306, 0.07480314960629921850 ) ) ;
#2802 = ORIENTED_EDGE ( 'NONE', *, *, #1613, .F. ) ;
#2803 = LINE ( 'NONE', #3422, #304 ) ;
#2804 = EDGE_CURVE ( 'NONE', #2520, #3673, #525, .T. ) ;
#2805 = ORIENTED_EDGE ( 'NONE', *, *, #288, .T. ) ;
#2806 = CARTESIAN_POINT ( 'NONE',  ( -0.08858267716535432601, 0.1496062992125984370, -0.08858267716535432601 ) ) ;
#2807 = SURFACE_SIDE_STYLE ('',( #2175 ) ) ;
#2808 = CARTESIAN_POINT ( 'NONE',  ( -0.1318897637795275746, -0.1024489833240242176, 0.1139111283628084642 ) ) ;
#2809 = ADVANCED_FACE ( 'NONE', ( #3852 ), #3250, .T. ) ;
#2810 = LINE ( 'NONE', #4137, #3188 ) ;
#2811 = LINE ( 'NONE', #2831, #1852 ) ;
#2812 = ORIENTED_EDGE ( 'NONE', *, *, #1936, .F. ) ;
#2813 = FACE_OUTER_BOUND ( 'NONE', #3680, .T. ) ;
#2814 = CARTESIAN_POINT ( 'NONE',  ( 0.1318897637795275746, -0.09578120915254409451, -0.07480314960629921850 ) ) ;
#2815 = LINE ( 'NONE', #4166, #2651 ) ;
#2816 = ORIENTED_EDGE ( 'NONE', *, *, #1366, .F. ) ;
#2817 = DIRECTION ( 'NONE',  ( 0.0000000000000000000, 0.0000000000000000000, 1.000000000000000000 ) ) ;
#2818 = CARTESIAN_POINT ( 'NONE',  ( 0.1181102362204724532, 0.03543307086614173179, 0.1023622047244094474 ) ) ;
#2819 = ORIENTED_EDGE ( 'NONE', *, *, #2940, .F. ) ;
#2820 = DIRECTION ( 'NONE',  ( 0.0000000000000000000, 0.0000000000000000000, 1.000000000000000000 ) ) ;
#2821 = ORIENTED_EDGE ( 'NONE', *, *, #3628, .F. ) ;
#2822 = CARTESIAN_POINT ( 'NONE',  ( -0.1318897637795275746, -0.04201406643800709162, 0.1023622047244094474 ) ) ;
#2823 = VERTEX_POINT ( 'NONE', #4201 ) ;
#2824 = CARTESIAN_POINT ( 'NONE',  ( -0.1181102362204724532, 0.1377952755905511861, -0.1181102362204724532 ) ) ;
#2825 = ORIENTED_EDGE ( 'NONE', *, *, #2509, .F. ) ;
#2826 = CARTESIAN_POINT ( 'NONE',  ( -0.08858267716535432601, 0.1377952755905511861, -0.08858267716535432601 ) ) ;
#2827 = ADVANCED_FACE ( 'NONE', ( #3890 ), #879, .F. ) ;
#2828 = CARTESIAN_POINT ( 'NONE',  ( 0.1318897637795275746, -0.09578120915254409451, -0.1023622047244094474 ) ) ;
#2829 = EDGE_CURVE ( 'NONE', #4331, #1773, #175, .T. ) ;
#2830 = DIRECTION ( 'NONE',  ( 1.000000000000000000, 1.478036555683235174E-47, 6.022684552957449548E-32 ) ) ;
#2831 = CARTESIAN_POINT ( 'NONE',  ( -0.1181102362204724532, 0.1299212598425196763, 0.1181102362204724532 ) ) ;
#2832 = EDGE_CURVE ( 'NONE', #2018, #1815, #4239, .T. ) ;
#2833 = ORIENTED_EDGE ( 'NONE', *, *, #1685, .T. ) ;
#2834 = DIRECTION ( 'NONE',  ( -1.000000000000000000, 0.0000000000000000000, 0.0000000000000000000 ) ) ;
#2835 = CARTESIAN_POINT ( 'NONE',  ( 0.1240157480314960647, 0.02755905511811023584, 0.1023622047244094474 ) ) ;
#2836 = CARTESIAN_POINT ( 'NONE',  ( -0.1263219938489248129, -0.04758183636860983945, 0.1023622047244094474 ) ) ;
#2837 = ORIENTED_EDGE ( 'NONE', *, *, #2693, .F. ) ;
#2838 = DIRECTION ( 'NONE',  ( 0.0000000000000000000, 0.0000000000000000000, 1.000000000000000000 ) ) ;
#2839 = CARTESIAN_POINT ( 'NONE',  ( -0.08858267716535432601, 0.1496062992125984370, 0.06496062992125983815 ) ) ;
#2840 = ORIENTED_EDGE ( 'NONE', *, *, #1633, .F. ) ;
#2841 = CARTESIAN_POINT ( 'NONE',  ( 0.1240157480314960647, 0.02755905511811023584, 0.07480314960629921850 ) ) ;
#2842 = AXIS2_PLACEMENT_3D ( 'NONE', #1013, #2367, #1108 ) ;
#2843 = ORIENTED_EDGE ( 'NONE', *, *, #2379, .F. ) ;
#2844 = DIRECTION ( 'NONE',  ( 0.0000000000000000000, 0.0000000000000000000, 1.000000000000000000 ) ) ;
#2845 = ORIENTED_EDGE ( 'NONE', *, *, #3801, .T. ) ;
#2846 = PRESENTATION_LAYER_ASSIGNMENT (  '', '', ( #1437 ) ) ;
#2847 = VECTOR ( 'NONE', #743, 39.37007874015748854 ) ;
#2848 = CARTESIAN_POINT ( 'NONE',  ( 0.1318897637795275746, -0.09578120915254409451, 0.07480314960629921850 ) ) ;
#2849 = PRESENTATION_STYLE_ASSIGNMENT (( #153 ) ) ;
#2850 = CARTESIAN_POINT ( 'NONE',  ( 0.1181102362204724532, 0.02755905511811023584, 0.1023622047244094474 ) ) ;
#2851 = PRESENTATION_LAYER_ASSIGNMENT (  '', '', ( #3542 ) ) ;
#2852 = CIRCLE ( 'NONE', #656, 0.007874015748031499423 ) ;
#2853 = ADVANCED_FACE ( 'NONE', ( #199 ), #2893, .T. ) ;
#2854 = VECTOR ( 'NONE', #1548, 39.37007874015748854 ) ;
#2855 = CARTESIAN_POINT ( 'NONE',  ( 0.1263219938489248129, -0.04758183636860983945, 0.1023622047244094474 ) ) ;
#2856 = ORIENTED_EDGE ( 'NONE', *, *, #137, .F. ) ;
#2857 = DIRECTION ( 'NONE',  ( -4.063888932435259910E-16, -1.000000000000000000, 0.0000000000000000000 ) ) ;
#2858 = AXIS2_PLACEMENT_3D ( 'NONE', #4320, #3294, #2004 ) ;
#2859 = CARTESIAN_POINT ( 'NONE',  ( 0.1532055652061933004, -0.06332986786467284523, -0.1023622047244094474 ) ) ;
#2860 = EDGE_CURVE ( 'NONE', #3926, #1170, #3896, .T. ) ;
#2861 = AXIS2_PLACEMENT_3D ( 'NONE', #2752, #1067, #3576 ) ;
#2862 = CARTESIAN_POINT ( 'NONE',  ( -0.1181102362204724532, 0.003937007874015747977, -0.1181102362204724532 ) ) ;
#2863 = VERTEX_POINT ( 'NONE', #3338 ) ;
#2864 = CARTESIAN_POINT ( 'NONE',  ( 0.0000000000000000000, 0.3702161397507973128, 0.0000000000000000000 ) ) ;
#2865 = LINE ( 'NONE', #3925, #4242 ) ;
#2866 = VECTOR ( 'NONE', #3964, 39.37007874015748854 ) ;
#2867 = ADVANCED_FACE ( 'NONE', ( #1300 ), #3976, .T. ) ;
#2868 = ORIENTED_EDGE ( 'NONE', *, *, #2536, .T. ) ;
#2869 = DIRECTION ( 'NONE',  ( -0.7071067811865469066, 0.7071067811865479058, 0.0000000000000000000 ) ) ;
#2870 =( NAMED_UNIT ( * ) SI_UNIT ( $, .STERADIAN. ) SOLID_ANGLE_UNIT ( ) );
#2871 = VECTOR ( 'NONE', #3598, 39.37007874015748143 ) ;
#2872 = DIRECTION ( 'NONE',  ( 0.0000000000000000000, 0.0000000000000000000, -1.000000000000000000 ) ) ;
#2873 = ORIENTED_EDGE ( 'NONE', *, *, #1045, .T. ) ;
#2874 = PLANE ( 'NONE',  #4103 ) ;
#2875 = CARTESIAN_POINT ( 'NONE',  ( 0.1263219938489248129, -0.04758183636860983945, -0.1023622047244094474 ) ) ;
#2876 = FACE_OUTER_BOUND ( 'NONE', #121, .T. ) ;
#2877 = DIRECTION ( 'NONE',  ( 0.7071067811865469066, -0.7071067811865479058, 0.0000000000000000000 ) ) ;
#2878 = ORIENTED_EDGE ( 'NONE', *, *, #506, .F. ) ;
#2879 = CARTESIAN_POINT ( 'NONE',  ( -0.1318897637795275746, -0.04201406643800709162, -0.07480314960629921850 ) ) ;
#2880 = DIRECTION ( 'NONE',  ( 0.0000000000000000000, 0.0000000000000000000, -1.000000000000000000 ) ) ;
#2881 = EDGE_CURVE ( 'NONE', #4267, #247, #1277, .T. ) ;
#2882 = EDGE_CURVE ( 'NONE', #3089, #3747, #2626, .T. ) ;
#2883 = ORIENTED_EDGE ( 'NONE', *, *, #3517, .F. ) ;
#2884 = LINE ( 'NONE', #2310, #3601 ) ;
#2885 = CARTESIAN_POINT ( 'NONE',  ( 0.1318897637795275746, -0.09578120915254409451, 0.1023622047244094474 ) ) ;
#2886 = EDGE_LOOP ( 'NONE', ( #1408, #698, #4106, #2840 ) ) ;
#2887 = LINE ( 'NONE', #3186, #529 ) ;
#2888 = ORIENTED_EDGE ( 'NONE', *, *, #3574, .F. ) ;
#2889 =( CONVERSION_BASED_UNIT ( 'INCH', #1209 ) LENGTH_UNIT ( ) NAMED_UNIT ( #3591 ) );
#2890 = EDGE_CURVE ( 'NONE', #4045, #1606, #628, .T. ) ;
#2891 = DIRECTION ( 'NONE',  ( 0.0000000000000000000, 0.0000000000000000000, 1.000000000000000000 ) ) ;
#2892 = VERTEX_POINT ( 'NONE', #4273 ) ;
#2893 = CYLINDRICAL_SURFACE ( 'NONE', #1167, 0.005905511811023620231 ) ;
#2894 =( NAMED_UNIT ( * ) PLANE_ANGLE_UNIT ( ) SI_UNIT ( $, .RADIAN. ) );
#2895 = APPLICATION_CONTEXT ( 'automotive_design' ) ;
#2896 = LINE ( 'NONE', #4219, #2871 ) ;
#2897 = CARTESIAN_POINT ( 'NONE',  ( 0.1532055652061933004, -0.07446540772587834089, -0.07480314960629921850 ) ) ;
#2898 = ORIENTED_EDGE ( 'NONE', *, *, #3621, .F. ) ;
#2899 = DIRECTION ( 'NONE',  ( 0.0000000000000000000, 1.000000000000000000, 0.0000000000000000000 ) ) ;
#2900 = DIRECTION ( 'NONE',  ( 1.000000000000000000, 0.0000000000000000000, 0.0000000000000000000 ) ) ;
#2901 = EDGE_LOOP ( 'NONE', ( #1266, #2508, #2248, #1195 ) ) ;
#2902 = LINE ( 'NONE', #4225, #1713 ) ;
#2903 = CARTESIAN_POINT ( 'NONE',  ( -0.1181102362204724532, 0.03543307086614173179, -0.1023622047244094474 ) ) ;
#2904 = VERTEX_POINT ( 'NONE', #2972 ) ;
#2905 = EDGE_CURVE ( 'NONE', #1749, #75, #941, .T. ) ;
#2906 = DIRECTION ( 'NONE',  ( 0.0000000000000000000, 0.0000000000000000000, -1.000000000000000000 ) ) ;
#2907 = FACE_OUTER_BOUND ( 'NONE', #1452, .T. ) ;
#2908 = VERTEX_POINT ( 'NONE', #10 ) ;
#2909 = ADVANCED_FACE ( 'NONE', ( #1324 ), #1978, .F. ) ;
#2910 = VECTOR ( 'NONE', #542, 39.37007874015748143 ) ;
#2911 = DIRECTION ( 'NONE',  ( 0.0000000000000000000, 0.0000000000000000000, 1.000000000000000000 ) ) ;
#2912 = VECTOR ( 'NONE', #3504, 39.37007874015748143 ) ;
#2913 = DIRECTION ( 'NONE',  ( 0.0000000000000000000, 1.000000000000000000, 0.0000000000000000000 ) ) ;
#2914 = AXIS2_PLACEMENT_3D ( 'NONE', #2864, #122, #4193 ) ;
#2915 = VECTOR ( 'NONE', #1034, 39.37007874015748143 ) ;
#2916 = EDGE_CURVE ( 'NONE', #2496, #570, #298, .T. ) ;
#2917 = LINE ( 'NONE', #886, #295 ) ;
#2918 = AXIS2_PLACEMENT_3D ( 'NONE', #976, #3655, #3046 ) ;
#2919 = VECTOR ( 'NONE', #2796, 39.37007874015748143 ) ;
#2920 = EDGE_LOOP ( 'NONE', ( #2262, #814, #2564, #3122 ) ) ;
#2921 = DIRECTION ( 'NONE',  ( 0.0000000000000000000, 1.000000000000000000, 0.0000000000000000000 ) ) ;
#2922 = VECTOR ( 'NONE', #3202, 39.37007874015748143 ) ;
#2923 = AXIS2_PLACEMENT_3D ( 'NONE', #3805, #1399, #728 ) ;
#2924 = CARTESIAN_POINT ( 'NONE',  ( 0.1181102362204724532, 0.02755905511811023584, 0.1023622047244094474 ) ) ;
#2925 = VECTOR ( 'NONE', #3641, 39.37007874015748143 ) ;
#2926 = EDGE_LOOP ( 'NONE', ( #189, #3135, #2450, #1909 ) ) ;
#2927 = CARTESIAN_POINT ( 'NONE',  ( 0.1240157480314960647, -0.1024489833240242176, -0.1139111283628084642 ) ) ;
#2928 = DIRECTION ( 'NONE',  ( 0.0000000000000000000, 1.000000000000000000, 0.0000000000000000000 ) ) ;
#2929 = ORIENTED_EDGE ( 'NONE', *, *, #2719, .T. ) ;
#2930 = CIRCLE ( 'NONE', #1305, 0.005905511811023620231 ) ;
#2931 = DIRECTION ( 'NONE',  ( -0.0000000000000000000, 1.000000000000000000, 0.0000000000000000000 ) ) ;
#2932 = VECTOR ( 'NONE', #1516, 39.37007874015748143 ) ;
#2933 = ADVANCED_FACE ( 'NONE', ( #3623 ), #2708, .F. ) ;
#2934 = EDGE_LOOP ( 'NONE', ( #2092, #1877, #1145, #3739 ) ) ;
#2935 = CIRCLE ( 'NONE', #2017, 0.005905511811023620231 ) ;
#2936 = DIMENSIONAL_EXPONENTS ( 1.000000000000000000, 0.0000000000000000000, 0.0000000000000000000, 0.0000000000000000000, 0.0000000000000000000, 0.0000000000000000000, 0.0000000000000000000 ) ;
#2937 = DIRECTION ( 'NONE',  ( 0.0000000000000000000, 0.0000000000000000000, -1.000000000000000000 ) ) ;
#2938 = PLANE ( 'NONE',  #3053 ) ;
#2939 = CYLINDRICAL_SURFACE ( 'NONE', #1945, 0.007874015748031499423 ) ;
#2940 = EDGE_CURVE ( 'NONE', #1913, #2470, #4336, .T. ) ;
#2941 = ADVANCED_FACE ( 'NONE', ( #1937 ), #3033, .T. ) ;
#2942 = CARTESIAN_POINT ( 'NONE',  ( -0.1532055652061933004, -0.07446540772587834089, 0.1023622047244094474 ) ) ;
#2943 = CARTESIAN_POINT ( 'NONE',  ( 0.08858267716535432601, 0.1299212598425196763, 0.08858267716535432601 ) ) ;
#2944 = EDGE_CURVE ( 'NONE', #1017, #2982, #2295, .T. ) ;
#2945 = ORIENTED_EDGE ( 'NONE', *, *, #47, .F. ) ;
#2946 = ORIENTED_EDGE ( 'NONE', *, *, #320, .T. ) ;
#2947 = CARTESIAN_POINT ( 'NONE',  ( 0.1181102362204724532, 0.1377952755905511861, 0.1181102362204724532 ) ) ;
#2948 = CARTESIAN_POINT ( 'NONE',  ( 0.1181102362204724532, 0.03543307086614173179, 0.1023622047244094474 ) ) ;
#2949 = ORIENTED_EDGE ( 'NONE', *, *, #3142, .F. ) ;
#2950 = PLANE ( 'NONE',  #441 ) ;
#2951 = CARTESIAN_POINT ( 'NONE',  ( -0.1240157480314960647, -0.1224523058384645591, 0.1023622047244094474 ) ) ;
#2952 = ORIENTED_EDGE ( 'NONE', *, *, #3304, .F. ) ;
#2953 = DIRECTION ( 'NONE',  ( 0.0000000000000000000, 0.4999999999999995004, -0.8660254037844390407 ) ) ;
#2954 = VERTEX_POINT ( 'NONE', #2955 ) ;
#2955 = CARTESIAN_POINT ( 'NONE',  ( -0.1532055652061933004, -0.06332986786467284523, 0.07480314960629921850 ) ) ;
#2956 = FACE_OUTER_BOUND ( 'NONE', #4236, .T. ) ;
#2957 = DIRECTION ( 'NONE',  ( 0.0000000000000000000, -1.000000000000000000, 0.0000000000000000000 ) ) ;
#2958 = PLANE ( 'NONE',  #3196 ) ;
#2959 = EDGE_CURVE ( 'NONE', #4000, #377, #1959, .T. ) ;
#2960 = CARTESIAN_POINT ( 'NONE',  ( 0.1318897637795275746, -0.1224523058384645591, 0.07480314960629921850 ) ) ;
#2961 = ORIENTED_EDGE ( 'NONE', *, *, #1963, .T. ) ;
#2962 = ORIENTED_EDGE ( 'NONE', *, *, #2615, .T. ) ;
#2963 = DIRECTION ( 'NONE',  ( 0.0000000000000000000, -1.000000000000000000, 0.0000000000000000000 ) ) ;
#2964 = ORIENTED_EDGE ( 'NONE', *, *, #456, .T. ) ;
#2965 = EDGE_CURVE ( 'NONE', #2520, #2863, #2335, .T. ) ;
#2966 = DIRECTION ( 'NONE',  ( 0.0000000000000000000, 0.0000000000000000000, 1.000000000000000000 ) ) ;
#2967 = VERTEX_POINT ( 'NONE', #4035 ) ;
#2968 = DIRECTION ( 'NONE',  ( -1.000000000000000000, 0.0000000000000000000, 0.0000000000000000000 ) ) ;
#2969 = ORIENTED_EDGE ( 'NONE', *, *, #263, .T. ) ;
#2970 = DIRECTION ( 'NONE',  ( 0.0000000000000000000, 0.0000000000000000000, -1.000000000000000000 ) ) ;
#2971 = ORIENTED_EDGE ( 'NONE', *, *, #110, .F. ) ;
#2972 = CARTESIAN_POINT ( 'NONE',  ( 0.08858267716535432601, 0.1299212598425196763, 0.1122047244094488139 ) ) ;
#2973 = LINE ( 'NONE', #3687, #116 ) ;
#2974 = CARTESIAN_POINT ( 'NONE',  ( 0.0000000000000000000, 0.1377952755905511861, 0.0000000000000000000 ) ) ;
#2975 = LINE ( 'NONE', #3629, #3462 ) ;
#2976 = VECTOR ( 'NONE', #1599, 39.37007874015748143 ) ;
#2977 = VERTEX_POINT ( 'NONE', #4009 ) ;
#2978 = CIRCLE ( 'NONE', #3467, 0.007874015748031499423 ) ;
#2979 = EDGE_CURVE ( 'NONE', #4192, #3684, #3277, .T. ) ;
#2980 = ORIENTED_EDGE ( 'NONE', *, *, #193, .T. ) ;
#2981 = LINE ( 'NONE', #3983, #1573 ) ;
#2982 = VERTEX_POINT ( 'NONE', #651 ) ;
#2983 = VECTOR ( 'NONE', #50, 39.37007874015748143 ) ;
#2984 = VECTOR ( 'NONE', #1358, 39.37007874015748143 ) ;
#2985 = CARTESIAN_POINT ( 'NONE',  ( 0.0000000000000000000, 0.1299212598425196763, 0.0000000000000000000 ) ) ;
#2986 = ORIENTED_EDGE ( 'NONE', *, *, #1502, .F. ) ;
#2987 = CARTESIAN_POINT ( 'NONE',  ( 0.1181102362204724532, 0.1299212598425196763, 0.1122047244094488277 ) ) ;
#2988 = VECTOR ( 'NONE', #1611, 39.37007874015748143 ) ;
#2989 = EDGE_CURVE ( 'NONE', #739, #1749, #106, .T. ) ;
#2990 = CIRCLE ( 'NONE', #3543, 0.007874015748031499423 ) ;
#2991 = LINE ( 'NONE', #1639, #2347 ) ;
#2992 = EDGE_LOOP ( 'NONE', ( #3027, #971, #497, #1120, #2964, #999 ) ) ;
#2993 =( GEOMETRIC_REPRESENTATION_CONTEXT ( 3 ) GLOBAL_UNCERTAINTY_ASSIGNED_CONTEXT ( ( #2258 ) ) GLOBAL_UNIT_ASSIGNED_CONTEXT ( ( #3151, #818, #61 ) ) REPRESENTATION_CONTEXT ( 'NONE', 'WORKASPACE' ) );
#2994 = DIRECTION ( 'NONE',  ( 0.0000000000000000000, 0.0000000000000000000, 1.000000000000000000 ) ) ;
#2995 = EDGE_CURVE ( 'NONE', #3442, #925, #674, .T. ) ;
#2996 = AXIS2_PLACEMENT_3D ( 'NONE', #3639, #3271, #256 ) ;
#2997 = EDGE_LOOP ( 'NONE', ( #2699, #2219, #3490, #2208, #1237, #1270 ) ) ;
#2998 = DIRECTION ( 'NONE',  ( -1.000000000000000000, 0.0000000000000000000, 0.0000000000000000000 ) ) ;
#2999 = CARTESIAN_POINT ( 'NONE',  ( -0.1122047244094488277, 0.1299212598425196763, 0.1122047244094488277 ) ) ;
#3000 = CARTESIAN_POINT ( 'NONE',  ( 0.08858267716535432601, 0.1377952755905511861, -0.08858267716535432601 ) ) ;
#3001 = VECTOR ( 'NONE', #1818, 39.37007874015748143 ) ;
#3002 = DIRECTION ( 'NONE',  ( 0.7071067811865479058, -0.7071067811865469066, 0.0000000000000000000 ) ) ;
#3003 = CIRCLE ( 'NONE', #3757, 0.007874015748031499423 ) ;
#3004 = DIRECTION ( 'NONE',  ( 0.0000000000000000000, 0.0000000000000000000, -1.000000000000000000 ) ) ;
#3005 = VECTOR ( 'NONE', #1428, 39.37007874015748854 ) ;
#3006 = VERTEX_POINT ( 'NONE', #3418 ) ;
#3007 = DIRECTION ( 'NONE',  ( 0.0000000000000000000, 0.0000000000000000000, -1.000000000000000000 ) ) ;
#3008 = VERTEX_POINT ( 'NONE', #3770 ) ;
#3009 = CARTESIAN_POINT ( 'NONE',  ( 0.1181102362204724532, 0.02755905511811023584, 0.1023622047244094474 ) ) ;
#3010 = ORIENTED_EDGE ( 'NONE', *, *, #588, .T. ) ;
#3011 = DIRECTION ( 'NONE',  ( 0.0000000000000000000, 0.0000000000000000000, 1.000000000000000000 ) ) ;
#3012 = CARTESIAN_POINT ( 'NONE',  ( -0.1181102362204724532, 0.03543307086614173179, -0.1023622047244094474 ) ) ;
#3013 = ORIENTED_EDGE ( 'NONE', *, *, #2638, .T. ) ;
#3014 = ADVANCED_FACE ( 'NONE', ( #780 ), #1772, .T. ) ;
#3015 = EDGE_CURVE ( 'NONE', #1985, #4045, #3336, .T. ) ;
#3016 = DIRECTION ( 'NONE',  ( 0.0000000000000000000, 0.0000000000000000000, -1.000000000000000000 ) ) ;
#3017 = ORIENTED_EDGE ( 'NONE', *, *, #3864, .F. ) ;
#3018 = ADVANCED_FACE ( 'NONE', ( #3120 ), #2467, .F. ) ;
#3019 = CARTESIAN_POINT ( 'NONE',  ( -0.1318897637795275746, 0.02755905511811023584, 0.1023622047244094474 ) ) ;
#3020 = DIRECTION ( 'NONE',  ( -0.7071067811865469066, -0.7071067811865479058, 0.0000000000000000000 ) ) ;
#3021 = CYLINDRICAL_SURFACE ( 'NONE', #3140, 0.007874015748031466463 ) ;
#3022 = FACE_BOUND ( 'NONE', #3702, .T. ) ;
#3023 = LINE ( 'NONE', #4324, #584 ) ;
#3024 = PLANE ( 'NONE',  #3253 ) ;
#3025 = ORIENTED_EDGE ( 'NONE', *, *, #3059, .T. ) ;
#3026 = FACE_OUTER_BOUND ( 'NONE', #2576, .T. ) ;
#3027 = ORIENTED_EDGE ( 'NONE', *, *, #4187, .F. ) ;
#3028 = DIRECTION ( 'NONE',  ( -1.000000000000000000, 0.0000000000000000000, 0.0000000000000000000 ) ) ;
#3029 = EDGE_LOOP ( 'NONE', ( #855, #3986, #619, #2268 ) ) ;
#3030 = LINE ( 'NONE', #626, #1088 ) ;
#3031 = EDGE_CURVE ( 'NONE', #2481, #1570, #4308, .T. ) ;
#3032 = EDGE_LOOP ( 'NONE', ( #1307, #1166, #371, #4006, #978, #2644, #3773, #4286, #1448, #1676, #4108, #3948, #2026, #1892, #1630, #585, #1544 ) ) ;
#3033 = PLANE ( 'NONE',  #2009 ) ;
#3034 = CYLINDRICAL_SURFACE ( 'NONE', #3121, 0.007874015748031466463 ) ;
#3035 = LINE ( 'NONE', #4037, #391 ) ;
#3036 = DIRECTION ( 'NONE',  ( -0.7071067811865469066, -0.7071067811865479058, 0.0000000000000000000 ) ) ;
#3037 = EDGE_CURVE ( 'NONE', #3935, #2171, #4147, .T. ) ;
#3038 = DIRECTION ( 'NONE',  ( 0.7071067811865479058, -0.7071067811865469066, 0.0000000000000000000 ) ) ;
#3039 = EDGE_CURVE ( 'NONE', #1779, #209, #945, .T. ) ;
#3040 = FACE_OUTER_BOUND ( 'NONE', #52, .T. ) ;
#3041 = VERTEX_POINT ( 'NONE', #1117 ) ;
#3042 = ORIENTED_EDGE ( 'NONE', *, *, #985, .T. ) ;
#3043 = VECTOR ( 'NONE', #620, 39.37007874015748143 ) ;
#3044 = AXIS2_PLACEMENT_3D ( 'NONE', #841, #769, #1787 ) ;
#3045 = VERTEX_POINT ( 'NONE', #3056 ) ;
#3046 = DIRECTION ( 'NONE',  ( 0.0000000000000000000, 0.0000000000000000000, -1.000000000000000000 ) ) ;
#3047 = CARTESIAN_POINT ( 'NONE',  ( 0.1240157480314960647, -0.1377952755905511861, 0.1023622047244094474 ) ) ;
#3048 = AXIS2_PLACEMENT_3D ( 'NONE', #1472, #1449, #145 ) ;
#3049 = VECTOR ( 'NONE', #4084, 39.37007874015748143 ) ;
#3050 = ORIENTED_EDGE ( 'NONE', *, *, #2916, .F. ) ;
#3051 = LENGTH_MEASURE_WITH_UNIT ( LENGTH_MEASURE( 0.02539999999999999897 ), #93 );
#3052 = ORIENTED_EDGE ( 'NONE', *, *, #2103, .T. ) ;
#3053 = AXIS2_PLACEMENT_3D ( 'NONE', #590, #4274, #1899 ) ;
#3054 = ORIENTED_EDGE ( 'NONE', *, *, #1830, .F. ) ;
#3055 = AXIS2_PLACEMENT_3D ( 'NONE', #1144, #3189, #2872 ) ;
#3056 = CARTESIAN_POINT ( 'NONE',  ( 0.1240157480314960647, -0.09578120915254409451, -0.07480314960629921850 ) ) ;
#3057 = LINE ( 'NONE', #4337, #2984 ) ;
#3058 = LINE ( 'NONE', #3340, #2235 ) ;
#3059 = EDGE_CURVE ( 'NONE', #499, #2171, #1140, .T. ) ;
#3060 = ORIENTED_EDGE ( 'NONE', *, *, #3039, .F. ) ;
#3061 = VECTOR ( 'NONE', #1196, 39.37007874015748854 ) ;
#3062 = DIRECTION ( 'NONE',  ( 0.0000000000000000000, 0.0000000000000000000, -1.000000000000000000 ) ) ;
#3063 = VECTOR ( 'NONE', #1497, 39.37007874015748143 ) ;
#3064 = CARTESIAN_POINT ( 'NONE',  ( 0.1318897637795275746, -0.1024489833240242176, -0.1139111283628084642 ) ) ;
#3065 = EDGE_CURVE ( 'NONE', #3877, #2018, #3079, .T. ) ;
#3066 = EDGE_CURVE ( 'NONE', #3716, #1606, #32, .T. ) ;
#3067 = VECTOR ( 'NONE', #3240, 39.37007874015748143 ) ;
#3068 = DIRECTION ( 'NONE',  ( 1.000000000000000000, 0.0000000000000000000, 0.0000000000000000000 ) ) ;
#3069 = CARTESIAN_POINT ( 'NONE',  ( -0.1318897637795275746, -0.09578120915254409451, 0.07480314960629921850 ) ) ;
#3070 = CIRCLE ( 'NONE', #182, 0.007874015748031499423 ) ;
#3071 = EDGE_CURVE ( 'NONE', #3161, #509, #1803, .T. ) ;
#3072 = ORIENTED_EDGE ( 'NONE', *, *, #3947, .F. ) ;
#3073 = LINE ( 'NONE', #4141, #2003 ) ;
#3074 = VECTOR ( 'NONE', #1098, 39.37007874015748143 ) ;
#3075 = VERTEX_POINT ( 'NONE', #102 ) ;
#3076 =( LENGTH_UNIT ( ) NAMED_UNIT ( * ) SI_UNIT ( $, .METRE. ) );
#3077 = ORIENTED_EDGE ( 'NONE', *, *, #1829, .T. ) ;
#3078 = ORIENTED_EDGE ( 'NONE', *, *, #47, .T. ) ;
#3079 = LINE ( 'NONE', #4105, #2586 ) ;
#3080 = DIRECTION ( 'NONE',  ( 1.000000000000000000, 0.0000000000000000000, 0.0000000000000000000 ) ) ;
#3081 = VERTEX_POINT ( 'NONE', #424 ) ;
#3082 = CARTESIAN_POINT ( 'NONE',  ( 7.409891481642234199E-18, 0.3702161397507973128, -0.06050635568395139330 ) ) ;
#3083 = EDGE_LOOP ( 'NONE', ( #1809, #1920, #3583, #834 ) ) ;
#3084 = FACE_OUTER_BOUND ( 'NONE', #3213, .T. ) ;
#3085 = CARTESIAN_POINT ( 'NONE',  ( -0.1240157480314960647, 0.02755905511811023584, -0.07480314960629921850 ) ) ;
#3086 = CARTESIAN_POINT ( 'NONE',  ( 0.08858267716535432601, 0.1377952755905511861, 0.06496062992125983815 ) ) ;
#3087 = DIRECTION ( 'NONE',  ( 0.0000000000000000000, 0.0000000000000000000, 1.000000000000000000 ) ) ;
#3088 = CARTESIAN_POINT ( 'NONE',  ( -0.1240157480314960647, -0.09578120915254409451, -0.1023622047244094474 ) ) ;
#3089 = VERTEX_POINT ( 'NONE', #3438 ) ;
#3090 = CARTESIAN_POINT ( 'NONE',  ( 0.08858267716535432601, 0.1496062992125984370, -0.08858267716535432601 ) ) ;
#3091 = EDGE_CURVE ( 'NONE', #4196, #4052, #1705, .T. ) ;
#3092 = SURFACE_STYLE_FILL_AREA ( #2128 ) ;
#3093 = ORIENTED_EDGE ( 'NONE', *, *, #1822, .T. ) ;
#3094 = DIRECTION ( 'NONE',  ( 0.0000000000000000000, 0.0000000000000000000, 1.000000000000000000 ) ) ;
#3095 = ORIENTED_EDGE ( 'NONE', *, *, #3839, .F. ) ;
#3096 = CARTESIAN_POINT ( 'NONE',  ( 0.1181102362204724532, 0.1377952755905511861, -0.1181102362204724532 ) ) ;
#3097 = VERTEX_POINT ( 'NONE', #2730 ) ;
#3098 = LINE ( 'NONE', #3420, #2596 ) ;
#3099 = ORIENTED_EDGE ( 'NONE', *, *, #488, .T. ) ;
#3100 = CARTESIAN_POINT ( 'NONE',  ( -0.1240157480314960647, 0.02755905511811023584, 0.1023622047244094474 ) ) ;
#3101 = CARTESIAN_POINT ( 'NONE',  ( -0.08858267716535432601, 0.1299212598425196763, 0.06496062992125983815 ) ) ;
#3102 = CARTESIAN_POINT ( 'NONE',  ( -0.1181102362204724532, 0.03543307086614173179, 0.1023622047244094474 ) ) ;
#3103 = DIRECTION ( 'NONE',  ( 0.0000000000000000000, 0.0000000000000000000, 1.000000000000000000 ) ) ;
#3104 = EDGE_CURVE ( 'NONE', #77, #2069, #1446, .T. ) ;
#3105 = EDGE_LOOP ( 'NONE', ( #3547, #334, #2639, #2812, #1097, #3143, #3323, #639, #2304, #2538, #635, #2599, #3291, #1751, #1489, #1481, #1427 ) ) ;
#3106 = DIRECTION ( 'NONE',  ( 0.0000000000000000000, 0.0000000000000000000, 1.000000000000000000 ) ) ;
#3107 = CARTESIAN_POINT ( 'NONE',  ( -0.1240157480314960647, -0.04201406643800709162, 0.07480314960629921850 ) ) ;
#3108 = VECTOR ( 'NONE', #4206, 39.37007874015748143 ) ;
#3109 = CLOSED_SHELL ( 'NONE', ( #884, #3898, #2739, #2797, #3744, #4340, #1545, #4235, #854, #500, #580, #241, #3546, #1320, #1618, #3014, #1886, #3644, #1765, #826, #4217, #73, #1508, #235, #1989, #1515, #915, #1769, #3453, #688, #1854 ) ) ;
#3110 = FILL_AREA_STYLE ('',( #4121 ) ) ;
#3111 = EDGE_CURVE ( 'NONE', #1015, #2444, #3399, .T. ) ;
#3112 = EDGE_LOOP ( 'NONE', ( #1559, #918, #646, #2087 ) ) ;
#3113 = LINE ( 'NONE', #495, #1645 ) ;
#3114 = AXIS2_PLACEMENT_3D ( 'NONE', #2947, #221, #2921 ) ;
#3116 = STYLED_ITEM ( 'NONE', ( #2849 ), #614 ) ;
#3115 = UNCERTAINTY_MEASURE_WITH_UNIT (LENGTH_MEASURE( 1.000000000000000082E-05 ), #2889, 'distance_accuracy_value', 'NONE');
#3117 = DIRECTION ( 'NONE',  ( 0.0000000000000000000, 1.000000000000000000, 0.0000000000000000000 ) ) ;
#3118 = ORIENTED_EDGE ( 'NONE', *, *, #1683, .F. ) ;
#3119 = CIRCLE ( 'NONE', #1227, 0.005905511811023620231 ) ;
#3120 = FACE_OUTER_BOUND ( 'NONE', #3227, .T. ) ;
#3121 = AXIS2_PLACEMENT_3D ( 'NONE', #324, #1706, #2687 ) ;
#3122 = ORIENTED_EDGE ( 'NONE', *, *, #618, .T. ) ;
#3123 = CARTESIAN_POINT ( 'NONE',  ( 0.1122047244094488277, 0.0000000000000000000, 0.1181102362204724532 ) ) ;
#3124 = EDGE_CURVE ( 'NONE', #649, #1063, #2064, .T. ) ;
#3125 = ORIENTED_EDGE ( 'NONE', *, *, #3523, .T. ) ;
#3126 = CARTESIAN_POINT ( 'NONE',  ( 0.1181102362204724532, 0.03543307086614173179, 0.07480314960629921850 ) ) ;
#3127 = ORIENTED_EDGE ( 'NONE', *, *, #3833, .T. ) ;
#3128 = CYLINDRICAL_SURFACE ( 'NONE', #1086, 0.07283464566929134798 ) ;
#3129 = DIRECTION ( 'NONE',  ( 1.000000000000000000, 0.0000000000000000000, 0.0000000000000000000 ) ) ;
#3130 = FACE_OUTER_BOUND ( 'NONE', #54, .T. ) ;
#3131 = AXIS2_PLACEMENT_3D ( 'NONE', #1879, #1503, #2937 ) ;
#3132 = CARTESIAN_POINT ( 'NONE',  ( -0.1318897637795275746, -0.04201406643800709162, 0.1023622047244094474 ) ) ;
#3133 = CARTESIAN_POINT ( 'NONE',  ( 0.1122047244094488277, 0.1299212598425196763, -0.1181102362204724532 ) ) ;
#3134 = VECTOR ( 'NONE', #671, 39.37007874015748854 ) ;
#3135 = ORIENTED_EDGE ( 'NONE', *, *, #4277, .F. ) ;
#3136 = CARTESIAN_POINT ( 'NONE',  ( -0.1181102362204724532, 0.1377952755905511861, -0.1122047244094488277 ) ) ;
#3137 = CARTESIAN_POINT ( 'NONE',  ( -0.1318897637795275746, 0.02755905511811023584, -0.1023622047244094474 ) ) ;
#3138 = ORIENTED_EDGE ( 'NONE', *, *, #4136, .T. ) ;
#3139 = CARTESIAN_POINT ( 'NONE',  ( -0.1122047244094488277, 0.0000000000000000000, -0.1181102362204724532 ) ) ;
#3140 = AXIS2_PLACEMENT_3D ( 'NONE', #2688, #2319, #2029 ) ;
#3141 = DIRECTION ( 'NONE',  ( 0.0000000000000000000, 1.000000000000000000, 0.0000000000000000000 ) ) ;
#3142 = EDGE_CURVE ( 'NONE', #2178, #570, #1522, .T. ) ;
#3143 = ORIENTED_EDGE ( 'NONE', *, *, #3071, .F. ) ;
#3144 = DIRECTION ( 'NONE',  ( -2.454115839351809943E-16, -1.000000000000000000, 0.0000000000000000000 ) ) ;
#3145 = ORIENTED_EDGE ( 'NONE', *, *, #2315, .T. ) ;
#3146 = CARTESIAN_POINT ( 'NONE',  ( 0.0000000000000000000, 0.3700787401574803237, 0.0000000000000000000 ) ) ;
#3147 = ORIENTED_EDGE ( 'NONE', *, *, #3368, .T. ) ;
#3148 = CARTESIAN_POINT ( 'NONE',  ( -0.1181102362204724532, 0.02755905511811023584, 0.1023622047244094474 ) ) ;
#3149 = ORIENTED_EDGE ( 'NONE', *, *, #1966, .F. ) ;
#3150 = EDGE_CURVE ( 'NONE', #3407, #3248, #4055, .T. ) ;
#3151 =( CONVERSION_BASED_UNIT ( 'INCH', #2074 ) LENGTH_UNIT ( ) NAMED_UNIT ( #2255 ) );
#3152 = CARTESIAN_POINT ( 'NONE',  ( 0.08858267716535432601, 0.1181102362204724532, 0.08858267716535432601 ) ) ;
#3153 = FACE_OUTER_BOUND ( 'NONE', #762, .T. ) ;
#3154 = DIRECTION ( 'NONE',  ( -4.063888932435259910E-16, 1.000000000000000000, 0.0000000000000000000 ) ) ;
#3155 = ADVANCED_FACE ( 'NONE', ( #378 ), #1731, .F. ) ;
#3156 = LINE ( 'NONE', #3450, #1571 ) ;
#3157 = VERTEX_POINT ( 'NONE', #521 ) ;
#3158 = LINE ( 'NONE', #414, #94 ) ;
#3159 = CARTESIAN_POINT ( 'NONE',  ( 0.08858267716535432601, 0.1377952755905511861, -0.08858267716535432601 ) ) ;
#3160 = CARTESIAN_POINT ( 'NONE',  ( -0.08858267716535432601, 0.1299212598425196763, -0.08858267716535432601 ) ) ;
#3161 = VERTEX_POINT ( 'NONE', #2841 ) ;
#3162 = FACE_OUTER_BOUND ( 'NONE', #2440, .T. ) ;
#3163 = SPHERICAL_SURFACE ( 'NONE', #587, 0.03937007874015747977 ) ;
#3164 = ORIENTED_EDGE ( 'NONE', *, *, #2241, .F. ) ;
#3165 = DIRECTION ( 'NONE',  ( 0.0000000000000000000, 0.0000000000000000000, 1.000000000000000000 ) ) ;
#3166 = ORIENTED_EDGE ( 'NONE', *, *, #1891, .F. ) ;
#3167 = ORIENTED_EDGE ( 'NONE', *, *, #1343, .F. ) ;
#3168 = ADVANCED_FACE ( 'NONE', ( #3817 ), #1873, .F. ) ;
#3169 = DIRECTION ( 'NONE',  ( -1.000000000000000000, 0.0000000000000000000, 0.0000000000000000000 ) ) ;
#3170 = ORIENTED_EDGE ( 'NONE', *, *, #4136, .F. ) ;
#3171 = DIRECTION ( 'NONE',  ( 0.0000000000000000000, -1.000000000000000000, 0.0000000000000000000 ) ) ;
#3172 = FACE_OUTER_BOUND ( 'NONE', #272, .T. ) ;
#3173 = DIRECTION ( 'NONE',  ( 1.000000000000000000, 0.0000000000000000000, 0.0000000000000000000 ) ) ;
#3174 = EDGE_CURVE ( 'NONE', #1383, #2332, #1872, .T. ) ;
#3175 = LINE ( 'NONE', #2507, #1070 ) ;
#3176 = EDGE_CURVE ( 'NONE', #2, #1753, #2205, .T. ) ;
#3177 = ORIENTED_EDGE ( 'NONE', *, *, #1912, .T. ) ;
#3178 = SURFACE_STYLE_FILL_AREA ( #3857 ) ;
#3179 = DIRECTION ( 'NONE',  ( 0.0000000000000000000, 0.0000000000000000000, -1.000000000000000000 ) ) ;
#3180 = DIRECTION ( 'NONE',  ( 0.7071067811865469066, -0.7071067811865479058, 0.0000000000000000000 ) ) ;
#3181 = VERTEX_POINT ( 'NONE', #849 ) ;
#3182 = DIRECTION ( 'NONE',  ( -3.519431053647356462E-16, -0.8660254037844389297, 0.4999999999999994449 ) ) ;
#3183 = LINE ( 'NONE', #808, #1007 ) ;
#3184 = VECTOR ( 'NONE', #2148, 39.37007874015748143 ) ;
#3185 = ORIENTED_EDGE ( 'NONE', *, *, #422, .T. ) ;
#3186 = CARTESIAN_POINT ( 'NONE',  ( -0.1181102362204724532, 0.1299212598425196763, -0.1181102362204724532 ) ) ;
#3187 = ORIENTED_EDGE ( 'NONE', *, *, #3199, .F. ) ;
#3188 = VECTOR ( 'NONE', #3800, 39.37007874015748143 ) ;
#3189 = DIRECTION ( 'NONE',  ( 0.0000000000000000000, -1.000000000000000000, 0.0000000000000000000 ) ) ;
#3190 = ORIENTED_EDGE ( 'NONE', *, *, #1066, .F. ) ;
#3191 = VECTOR ( 'NONE', #3924, 39.37007874015748143 ) ;
#3192 = VECTOR ( 'NONE', #1880, 39.37007874015748143 ) ;
#3193 = DIRECTION ( 'NONE',  ( 0.0000000000000000000, 1.000000000000000000, -2.454115839351809943E-16 ) ) ;
#3194 = CARTESIAN_POINT ( 'NONE',  ( 0.1181102362204724532, 0.1377952755905511861, 0.1122047244094488277 ) ) ;
#3195 = LINE ( 'NONE', #840, #4190 ) ;
#3196 = AXIS2_PLACEMENT_3D ( 'NONE', #2942, #1981, #2691 ) ;
#3197 = AXIS2_PLACEMENT_3D ( 'NONE', #1770, #1450, #4074 ) ;
#3198 = EDGE_CURVE ( 'NONE', #729, #3006, #811, .T. ) ;
#3199 = EDGE_CURVE ( 'NONE', #2863, #3888, #4246, .T. ) ;
#3200 = FACE_OUTER_BOUND ( 'NONE', #1735, .T. ) ;
#3201 = EDGE_LOOP ( 'NONE', ( #4270, #259, #270, #2883 ) ) ;
#3202 = DIRECTION ( 'NONE',  ( -1.000000000000000000, 0.0000000000000000000, 0.0000000000000000000 ) ) ;
#3203 = CIRCLE ( 'NONE', #458, 0.02362204724409448092 ) ;
#3204 = FACE_OUTER_BOUND ( 'NONE', #3362, .T. ) ;
#3205 = EDGE_CURVE ( 'NONE', #2791, #1110, #2647, .T. ) ;
#3206 = FACE_OUTER_BOUND ( 'NONE', #2669, .T. ) ;
#3207 = ORIENTED_EDGE ( 'NONE', *, *, #1962, .F. ) ;
#3208 = CARTESIAN_POINT ( 'NONE',  ( 0.1240157480314960647, -0.04201406643800709162, -0.07480314960629921850 ) ) ;
#3209 = PLANE ( 'NONE',  #3474 ) ;
#3210 = VECTOR ( 'NONE', #2212, 39.37007874015748143 ) ;
#3211 = ORIENTED_EDGE ( 'NONE', *, *, #707, .T. ) ;
#3212 = CARTESIAN_POINT ( 'NONE',  ( -0.1122047244094488277, 0.1299212598425196763, -0.1122047244094488277 ) ) ;
#3213 = EDGE_LOOP ( 'NONE', ( #457, #4224, #2357, #607 ) ) ;
#3214 = STYLED_ITEM ( 'NONE', ( #563 ), #1699 ) ;
#3215 = DIRECTION ( 'NONE',  ( 1.000000000000000000, 0.0000000000000000000, 0.0000000000000000000 ) ) ;
#3216 = VERTEX_POINT ( 'NONE', #2521 ) ;
#3217 = CARTESIAN_POINT ( 'NONE',  ( 0.1240157480314960647, 0.02755905511811023584, -0.07480314960629921850 ) ) ;
#3218 = CARTESIAN_POINT ( 'NONE',  ( -0.1318897637795275746, 0.02755905511811023584, -0.1023622047244094474 ) ) ;
#3219 = CARTESIAN_POINT ( 'NONE',  ( -0.1240157480314960647, 0.02755905511811023584, -0.1023622047244094474 ) ) ;
#3220 = ORIENTED_EDGE ( 'NONE', *, *, #3488, .F. ) ;
#3221 = DIRECTION ( 'NONE',  ( 0.7071067811865479058, -0.7071067811865469066, 0.0000000000000000000 ) ) ;
#3222 = DIRECTION ( 'NONE',  ( 1.000000000000000000, 0.0000000000000000000, 0.0000000000000000000 ) ) ;
#3223 = ORIENTED_EDGE ( 'NONE', *, *, #2598, .T. ) ;
#3224 = LENGTH_MEASURE_WITH_UNIT ( LENGTH_MEASURE( 0.02539999999999999897 ), #1889 );
#3225 = EDGE_CURVE ( 'NONE', #1620, #1695, #3203, .T. ) ;
#3226 = CARTESIAN_POINT ( 'NONE',  ( -0.08858267716535432601, 0.1299212598425196763, -0.08858267716535432601 ) ) ;
#3227 = EDGE_LOOP ( 'NONE', ( #3981, #2316, #3483, #1208, #2118, #785, #2726, #3849, #2949, #1294, #3211, #2555, #117, #1273, #1496, #3904, #2387 ) ) ;
#3228 = CARTESIAN_POINT ( 'NONE',  ( 0.1240157480314960647, 0.02755905511811023584, -0.1023622047244094474 ) ) ;
#3229 = ORIENTED_EDGE ( 'NONE', *, *, #1319, .F. ) ;
#3230 = SHAPE_DEFINITION_REPRESENTATION ( #205, #1699 ) ;
#3231 = CARTESIAN_POINT ( 'NONE',  ( 0.08858267716535432601, 0.1496062992125984370, 0.1122047244094488139 ) ) ;
#3232 = ORIENTED_EDGE ( 'NONE', *, *, #3975, .F. ) ;
#3233 = LINE ( 'NONE', #856, #1791 ) ;
#3234 = SURFACE_STYLE_FILL_AREA ( #880 ) ;
#3235 = CARTESIAN_POINT ( 'NONE',  ( 0.1532055652061933004, -0.06332986786467284523, 0.07480314960629921850 ) ) ;
#3236 = DIRECTION ( 'NONE',  ( 0.0000000000000000000, 0.0000000000000000000, 1.000000000000000000 ) ) ;
#3237 = EDGE_LOOP ( 'NONE', ( #2747, #973, #3077, #3874 ) ) ;
#3238 = DIRECTION ( 'NONE',  ( 0.0000000000000000000, 0.0000000000000000000, 1.000000000000000000 ) ) ;
#3239 = EDGE_CURVE ( 'NONE', #878, #1219, #2930, .T. ) ;
#3240 = DIRECTION ( 'NONE',  ( 0.0000000000000000000, 0.0000000000000000000, 1.000000000000000000 ) ) ;
#3241 = ORIENTED_EDGE ( 'NONE', *, *, #446, .F. ) ;
#3242 = CARTESIAN_POINT ( 'NONE',  ( -0.1555118110236220763, -0.003937007874015747977, -0.04921259842519685318 ) ) ;
#3243 = PLANE ( 'NONE',  #92 ) ;
#3244 = ORIENTED_EDGE ( 'NONE', *, *, #2940, .T. ) ;
#3245 = EDGE_CURVE ( 'NONE', #1186, #2178, #3247, .T. ) ;
#3246 = ADVANCED_FACE ( 'NONE', ( #1543, #4197, #1232, #2187, #1893, #1824 ), #2587, .F. ) ;
#3247 = LINE ( 'NONE', #195, #1018 ) ;
#3248 = VERTEX_POINT ( 'NONE', #148 ) ;
#3249 = EDGE_CURVE ( 'NONE', #99, #878, #2887, .T. ) ;
#3250 = PLANE ( 'NONE',  #2711 ) ;
#3251 = DIRECTION ( 'NONE',  ( -1.000000000000000000, 0.0000000000000000000, 0.0000000000000000000 ) ) ;
#3252 = CARTESIAN_POINT ( 'NONE',  ( 0.1318897637795275746, -0.04201406643800709162, -0.1023622047244094474 ) ) ;
#3253 = AXIS2_PLACEMENT_3D ( 'NONE', #972, #1632, #1969 ) ;
#3254 = AXIS2_PLACEMENT_3D ( 'NONE', #4014, #2676, #3004 ) ;
#3255 = DIRECTION ( 'NONE',  ( 0.0000000000000000000, 0.0000000000000000000, 1.000000000000000000 ) ) ;
#3256 = VECTOR ( 'NONE', #1953, 39.37007874015748143 ) ;
#3257 = AXIS2_PLACEMENT_3D ( 'NONE', #1048, #2399, #3722 ) ;
#3258 = DIMENSIONAL_EXPONENTS ( 1.000000000000000000, 0.0000000000000000000, 0.0000000000000000000, 0.0000000000000000000, 0.0000000000000000000, 0.0000000000000000000, 0.0000000000000000000 ) ;
#3259 = ORIENTED_EDGE ( 'NONE', *, *, #1592, .F. ) ;
#3260 = VERTEX_POINT ( 'NONE', #1207 ) ;
#3261 = DIRECTION ( 'NONE',  ( 0.0000000000000000000, -1.000000000000000000, 0.0000000000000000000 ) ) ;
#3262 = CIRCLE ( 'NONE', #2147, 0.02362204724409448092 ) ;
#3263 = VECTOR ( 'NONE', #315, 39.37007874015748143 ) ;
#3264 = CARTESIAN_POINT ( 'NONE',  ( -0.1532055652061933004, -0.07446540772587834089, -0.07480314960629921850 ) ) ;
#3265 = AXIS2_PLACEMENT_3D ( 'NONE', #1412, #2174, #2096 ) ;
#3266 = ORIENTED_EDGE ( 'NONE', *, *, #988, .F. ) ;
#3267 =( NAMED_UNIT ( * ) PLANE_ANGLE_UNIT ( ) SI_UNIT ( $, .RADIAN. ) );
#3268 = CARTESIAN_POINT ( 'NONE',  ( -0.1318897637795275746, -0.09578120915254409451, 0.1023622047244094474 ) ) ;
#3269 = ORIENTED_EDGE ( 'NONE', *, *, #3806, .F. ) ;
#3270 = AXIS2_PLACEMENT_3D ( 'NONE', #2134, #2491, #3721 ) ;
#3271 = DIRECTION ( 'NONE',  ( 0.0000000000000000000, 1.000000000000000000, 0.0000000000000000000 ) ) ;
#3272 = VECTOR ( 'NONE', #2157, 39.37007874015748143 ) ;
#3273 = EDGE_CURVE ( 'NONE', #690, #2309, #2559, .T. ) ;
#3274 = EDGE_CURVE ( 'NONE', #2720, #2112, #1582, .T. ) ;
#3275 = EDGE_LOOP ( 'NONE', ( #2053, #3439 ) ) ;
#3276 = VECTOR ( 'NONE', #3173, 39.37007874015748143 ) ;
#3277 = LINE ( 'NONE', #260, #3548 ) ;
#3278 = DIRECTION ( 'NONE',  ( 1.000000000000000000, 0.0000000000000000000, 0.0000000000000000000 ) ) ;
#3279 = LINE ( 'NONE', #184, #2641 ) ;
#3280 = AXIS2_PLACEMENT_3D ( 'NONE', #3866, #1257, #3558 ) ;
#3281 = EDGE_CURVE ( 'NONE', #2425, #1459, #170, .T. ) ;
#3282 = DIRECTION ( 'NONE',  ( 2.454115839351809943E-16, -1.000000000000000000, 0.0000000000000000000 ) ) ;
#3283 = ORIENTED_EDGE ( 'NONE', *, *, #1262, .T. ) ;
#3284 = ORIENTED_EDGE ( 'NONE', *, *, #4101, .T. ) ;
#3285 = FACE_OUTER_BOUND ( 'NONE', #1478, .T. ) ;
#3286 = ORIENTED_EDGE ( 'NONE', *, *, #1041, .F. ) ;
#3287 = CARTESIAN_POINT ( 'NONE',  ( 0.1318897637795275746, -0.04201406643800709162, 0.07480314960629921850 ) ) ;
#3288 = ORIENTED_EDGE ( 'NONE', *, *, #2719, .F. ) ;
#3289 = CARTESIAN_POINT ( 'NONE',  ( -0.1122047244094488277, 0.1377952755905511861, -0.1122047244094488277 ) ) ;
#3290 = DIRECTION ( 'NONE',  ( 0.0000000000000000000, 0.0000000000000000000, 1.000000000000000000 ) ) ;
#3291 = ORIENTED_EDGE ( 'NONE', *, *, #1133, .T. ) ;
#3292 = DIRECTION ( 'NONE',  ( -0.7071067811865480168, -0.7071067811865470176, 0.0000000000000000000 ) ) ;
#3293 = ORIENTED_EDGE ( 'NONE', *, *, #3348, .T. ) ;
#3294 = DIRECTION ( 'NONE',  ( 0.0000000000000000000, 0.0000000000000000000, 1.000000000000000000 ) ) ;
#3295 = DIRECTION ( 'NONE',  ( -1.000000000000000000, 0.0000000000000000000, 0.0000000000000000000 ) ) ;
#3296 = DIRECTION ( 'NONE',  ( 1.000000000000000000, 0.0000000000000000000, 0.0000000000000000000 ) ) ;
#3297 = ADVANCED_FACE ( 'NONE', ( #2543 ), #873, .T. ) ;
#3298 = LINE ( 'NONE', #2612, #3315 ) ;
#3299 = ADVANCED_FACE ( 'NONE', ( #1561 ), #294, .F. ) ;
#3300 = ORIENTED_EDGE ( 'NONE', *, *, #2512, .F. ) ;
#3301 = VERTEX_POINT ( 'NONE', #276 ) ;
#3302 = CARTESIAN_POINT ( 'NONE',  ( 0.0000000000000000000, 0.3740157480314960647, 0.0000000000000000000 ) ) ;
#3303 = ORIENTED_EDGE ( 'NONE', *, *, #837, .T. ) ;
#3304 = EDGE_CURVE ( 'NONE', #2090, #1122, #815, .T. ) ;
#3305 = CARTESIAN_POINT ( 'NONE',  ( -0.1240157480314960647, -0.09578120915254409451, -0.1023622047244094474 ) ) ;
#3306 = ORIENTED_EDGE ( 'NONE', *, *, #4277, .T. ) ;
#3307 = FACE_OUTER_BOUND ( 'NONE', #4034, .T. ) ;
#3308 = ORIENTED_EDGE ( 'NONE', *, *, #1035, .F. ) ;
#3309 = CARTESIAN_POINT ( 'NONE',  ( -0.1532055652061933004, -0.06332986786467284523, 0.1023622047244094474 ) ) ;
#3310 = EDGE_LOOP ( 'NONE', ( #3792, #1767, #1861, #900 ) ) ;
#3311 = DIRECTION ( 'NONE',  ( -1.000000000000000000, -4.063888932435259910E-16, 0.0000000000000000000 ) ) ;
#3312 = CARTESIAN_POINT ( 'NONE',  ( 0.1318897637795275746, -0.04201406643800709162, 0.07480314960629921850 ) ) ;
#3313 = CARTESIAN_POINT ( 'NONE',  ( 0.1240157480314960647, -0.04201406643800709162, 0.1023622047244094474 ) ) ;
#3314 = CARTESIAN_POINT ( 'NONE',  ( -0.1532055652061933004, -0.07446540772587834089, 0.1023622047244094474 ) ) ;
#3315 = VECTOR ( 'NONE', #3236, 39.37007874015748143 ) ;
#3316 = PLANE ( 'NONE',  #1003 ) ;
#3317 = VECTOR ( 'NONE', #2717, 39.37007874015748143 ) ;
#3318 = PRESENTATION_LAYER_ASSIGNMENT (  '', '', ( #3116 ) ) ;
#3319 = EDGE_LOOP ( 'NONE', ( #663, #3513, #861, #1871 ) ) ;
#3320 = LINE ( 'NONE', #950, #1149 ) ;
#3321 = EDGE_CURVE ( 'NONE', #2182, #3008, #1171, .T. ) ;
#3322 = EDGE_CURVE ( 'NONE', #4044, #1285, #1721, .T. ) ;
#3323 = ORIENTED_EDGE ( 'NONE', *, *, #4080, .F. ) ;
#3324 = CIRCLE ( 'NONE', #516, 0.02362204724409448092 ) ;
#3325 = AXIS2_PLACEMENT_3D ( 'NONE', #1254, #2265, #3944 ) ;
#3326 = FACE_OUTER_BOUND ( 'NONE', #3741, .T. ) ;
#3327 = ORIENTED_EDGE ( 'NONE', *, *, #2667, .T. ) ;
#3328 = CARTESIAN_POINT ( 'NONE',  ( -0.1318897637795275746, -0.09578120915254409451, -0.1023622047244094474 ) ) ;
#3329 = CIRCLE ( 'NONE', #3389, 0.007874015748031499423 ) ;
#3330 = AXIS2_PLACEMENT_3D ( 'NONE', #3090, #2792, #3386 ) ;
#3331 = PLANE ( 'NONE',  #4098 ) ;
#3332 = EDGE_CURVE ( 'NONE', #2496, #1643, #3030, .T. ) ;
#3333 = EDGE_LOOP ( 'NONE', ( #1493, #425, #1043, #1777 ) ) ;
#3334 = CIRCLE ( 'NONE', #2645, 0.005905511811023620231 ) ;
#3335 = DIRECTION ( 'NONE',  ( 0.0000000000000000000, 0.0000000000000000000, 1.000000000000000000 ) ) ;
#3336 = CIRCLE ( 'NONE', #883, 0.02362204724409448092 ) ;
#3337 = ORIENTED_EDGE ( 'NONE', *, *, #2389, .T. ) ;
#3338 = CARTESIAN_POINT ( 'NONE',  ( -0.08858267716535432601, 0.1299212598425196763, 0.1122047244094488139 ) ) ;
#3339 = CARTESIAN_POINT ( 'NONE',  ( 0.1555118110236220208, -0.06889763779527559306, -0.1023622047244094474 ) ) ;
#3340 = CARTESIAN_POINT ( 'NONE',  ( -0.08858267716535432601, 0.1377952755905511861, -0.06496062992125983815 ) ) ;
#3341 = COLOUR_RGB ( '',0.8313725490196077761, 0.8392156862745098200, 0.8313725490196077761 ) ;
#3342 = CARTESIAN_POINT ( 'NONE',  ( -0.1476377952755905387, -0.06889763779527559306, 0.1023622047244094474 ) ) ;
#3343 = CIRCLE ( 'NONE', #2231, 0.007874015748031499423 ) ;
#3344 = CARTESIAN_POINT ( 'NONE',  ( 0.1318897637795275746, -0.1224523058384645591, -0.07480314960629921850 ) ) ;
#3345 = SPHERICAL_SURFACE ( 'NONE', #3884, 0.03937007874015747977 ) ;
#3346 = VERTEX_POINT ( 'NONE', #4291 ) ;
#3347 = CARTESIAN_POINT ( 'NONE',  ( 0.1240157480314960647, -0.1377952755905511861, -0.09350393700787401619 ) ) ;
#3348 = EDGE_CURVE ( 'NONE', #2490, #3935, #1653, .T. ) ;
#3349 = ORIENTED_EDGE ( 'NONE', *, *, #3991, .F. ) ;
#3350 = SURFACE_STYLE_FILL_AREA ( #3698 ) ;
#3351 = FACE_OUTER_BOUND ( 'NONE', #174, .T. ) ;
#3352 = ORIENTED_EDGE ( 'NONE', *, *, #881, .T. ) ;
#3353 = FACE_OUTER_BOUND ( 'NONE', #3572, .T. ) ;
#3354 = EDGE_CURVE ( 'NONE', #2056, #1744, #2333, .T. ) ;
#3355 = ORIENTED_EDGE ( 'NONE', *, *, #1540, .F. ) ;
#3356 = DIRECTION ( 'NONE',  ( 0.0000000000000000000, -1.000000000000000000, 0.0000000000000000000 ) ) ;
#3357 = FACE_OUTER_BOUND ( 'NONE', #2516, .T. ) ;
#3358 = CARTESIAN_POINT ( 'NONE',  ( -0.1240157480314960647, 0.02755905511811023584, -0.07480314960629921850 ) ) ;
#3359 = LINE ( 'NONE', #1052, #1367 ) ;
#3360 = LINE ( 'NONE', #2031, #2915 ) ;
#3361 = DIRECTION ( 'NONE',  ( -1.000000000000000000, 0.0000000000000000000, 0.0000000000000000000 ) ) ;
#3362 = EDGE_LOOP ( 'NONE', ( #4070, #3010, #1381, #2167 ) ) ;
#3363 = ORIENTED_EDGE ( 'NONE', *, *, #702, .F. ) ;
#3364 = ORIENTED_EDGE ( 'NONE', *, *, #3999, .T. ) ;
#3365 = SURFACE_SIDE_STYLE ('',( #3350 ) ) ;
#3366 = CARTESIAN_POINT ( 'NONE',  ( 0.1181102362204724532, 0.0000000000000000000, 0.1122047244094488277 ) ) ;
#3367 = VERTEX_POINT ( 'NONE', #336 ) ;
#3368 = EDGE_CURVE ( 'NONE', #2703, #103, #3928, .T. ) ;
#3369 = SURFACE_SIDE_STYLE ('',( #3092 ) ) ;
#3370 = EDGE_LOOP ( 'NONE', ( #1988, #1203 ) ) ;
#3371 = ADVANCED_FACE ( 'NONE', ( #3353 ), #1275, .F. ) ;
#3372 = ORIENTED_EDGE ( 'NONE', *, *, #4243, .T. ) ;
#3373 = EDGE_CURVE ( 'NONE', #4020, #2954, #1976, .T. ) ;
#3374 = DIRECTION ( 'NONE',  ( 0.0000000000000000000, 0.0000000000000000000, 1.000000000000000000 ) ) ;
#3375 = DIRECTION ( 'NONE',  ( 0.0000000000000000000, -1.000000000000000000, 0.0000000000000000000 ) ) ;
#3376 = DIRECTION ( 'NONE',  ( -1.000000000000000000, 0.0000000000000000000, 0.0000000000000000000 ) ) ;
#3377 = ORIENTED_EDGE ( 'NONE', *, *, #2236, .F. ) ;
#3378 = DIRECTION ( 'NONE',  ( 2.454115839351809943E-16, -1.000000000000000000, 0.0000000000000000000 ) ) ;
#3379 = ADVANCED_FACE ( 'NONE', ( #2668 ), #979, .T. ) ;
#3380 = DIRECTION ( 'NONE',  ( -1.000000000000000000, 0.0000000000000000000, 0.0000000000000000000 ) ) ;
#3381 = CARTESIAN_POINT ( 'NONE',  ( 0.1240157480314960647, 0.02755905511811023584, -0.1023622047244094474 ) ) ;
#3382 = EDGE_LOOP ( 'NONE', ( #4211, #1379, #1116, #3149 ) ) ;
#3383 = VECTOR ( 'NONE', #4042, 39.37007874015748143 ) ;
#3384 = ORIENTED_EDGE ( 'NONE', *, *, #306, .F. ) ;
#3385 =( NAMED_UNIT ( * ) PLANE_ANGLE_UNIT ( ) SI_UNIT ( $, .RADIAN. ) );
#3386 = DIRECTION ( 'NONE',  ( 0.0000000000000000000, 0.0000000000000000000, -1.000000000000000000 ) ) ;
#3387 = VECTOR ( 'NONE', #843, 39.37007874015748143 ) ;
#3388 = VERTEX_POINT ( 'NONE', #1336 ) ;
#3389 = AXIS2_PLACEMENT_3D ( 'NONE', #1210, #3499, #2561 ) ;
#3390 = ORIENTED_EDGE ( 'NONE', *, *, #634, .F. ) ;
#3391 = VECTOR ( 'NONE', #2731, 39.37007874015748143 ) ;
#3392 = ORIENTED_EDGE ( 'NONE', *, *, #2098, .F. ) ;
#3393 = AXIS2_PLACEMENT_3D ( 'NONE', #2608, #3171, #152 ) ;
#3394 = DIRECTION ( 'NONE',  ( 0.0000000000000000000, 0.0000000000000000000, -1.000000000000000000 ) ) ;
#3395 = PLANE ( 'NONE',  #1228 ) ;
#3396 = ORIENTED_EDGE ( 'NONE', *, *, #2512, .T. ) ;
#3397 = FACE_OUTER_BOUND ( 'NONE', #1823, .T. ) ;
#3398 = ORIENTED_EDGE ( 'NONE', *, *, #3840, .T. ) ;
#3399 = CIRCLE ( 'NONE', #3750, 0.005905511811023620231 ) ;
#3400 = CARTESIAN_POINT ( 'NONE',  ( 0.1318897637795275746, -0.04201406643800709162, -0.1023622047244094474 ) ) ;
#3401 = VECTOR ( 'NONE', #2381, 39.37007874015748143 ) ;
#3402 = DIRECTION ( 'NONE',  ( -1.000000000000000000, -4.063888932435259910E-16, 0.0000000000000000000 ) ) ;
#3403 = DIRECTION ( 'NONE',  ( 0.0000000000000000000, 0.0000000000000000000, 1.000000000000000000 ) ) ;
#3404 = DIRECTION ( 'NONE',  ( 0.0000000000000000000, -1.000000000000000000, 0.0000000000000000000 ) ) ;
#3405 = EDGE_CURVE ( 'NONE', #3367, #2388, #4271, .T. ) ;
#3406 = LINE ( 'NONE', #46, #2059 ) ;
#3407 = VERTEX_POINT ( 'NONE', #2291 ) ;
#3408 = AXIS2_PLACEMENT_3D ( 'NONE', #4240, #1239, #2253 ) ;
#3409 = EDGE_CURVE ( 'NONE', #4143, #3045, #1605, .T. ) ;
#3410 = ORIENTED_EDGE ( 'NONE', *, *, #832, .F. ) ;
#3411 = CARTESIAN_POINT ( 'NONE',  ( 0.1181102362204724532, 0.03543307086614173179, -0.1023622047244094474 ) ) ;
#3412 = DIRECTION ( 'NONE',  ( 0.0000000000000000000, 1.000000000000000000, 0.0000000000000000000 ) ) ;
#3413 = AXIS2_PLACEMENT_3D ( 'NONE', #3146, #1826, #1477 ) ;
#3414 = CARTESIAN_POINT ( 'NONE',  ( 0.1122047244094488277, 0.1299212598425196763, 0.1122047244094488277 ) ) ;
#3415 = VERTEX_POINT ( 'NONE', #917 ) ;
#3416 = FACE_OUTER_BOUND ( 'NONE', #3468, .T. ) ;
#3417 = EDGE_LOOP ( 'NONE', ( #3815, #3631, #1614, #627 ) ) ;
#3418 = CARTESIAN_POINT ( 'NONE',  ( -0.1240157480314960647, -0.04201406643800709162, -0.07480314960629921850 ) ) ;
#3419 = ORIENTED_EDGE ( 'NONE', *, *, #214, .T. ) ;
#3420 = CARTESIAN_POINT ( 'NONE',  ( 0.1240157480314960647, 0.02755905511811023584, -0.1023622047244094474 ) ) ;
#3421 = ORIENTED_EDGE ( 'NONE', *, *, #2890, .T. ) ;
#3422 = CARTESIAN_POINT ( 'NONE',  ( -0.1318897637795275746, -0.04201406643800709162, 0.1023622047244094474 ) ) ;
#3423 = EDGE_CURVE ( 'NONE', #3008, #4229, #885, .T. ) ;
#3424 = CARTESIAN_POINT ( 'NONE',  ( 0.1555118110236219930, -0.06889763779527559306, -0.1023622047244094474 ) ) ;
#3425 = DIRECTION ( 'NONE',  ( 0.0000000000000000000, 0.0000000000000000000, 1.000000000000000000 ) ) ;
#3426 = DIRECTION ( 'NONE',  ( 0.0000000000000000000, 0.0000000000000000000, 1.000000000000000000 ) ) ;
#3427 = PLANE ( 'NONE',  #2630 ) ;
#3428 = ADVANCED_FACE ( 'NONE', ( #608 ), #1956, .T. ) ;
#3429 = CYLINDRICAL_SURFACE ( 'NONE', #2349, 0.007874015748031466463 ) ;
#3430 = ORIENTED_EDGE ( 'NONE', *, *, #1241, .F. ) ;
#3431 = CARTESIAN_POINT ( 'NONE',  ( -0.1555118110236220763, -0.1377952755905511861, 0.08366141732283464971 ) ) ;
#3432 = DIRECTION ( 'NONE',  ( 0.0000000000000000000, -1.000000000000000000, 0.0000000000000000000 ) ) ;
#3433 = EDGE_CURVE ( 'NONE', #2892, #405, #2354, .T. ) ;
#3434 = VERTEX_POINT ( 'NONE', #1682 ) ;
#3435 = SURFACE_SIDE_STYLE ('',( #2110 ) ) ;
#3436 = DIRECTION ( 'NONE',  ( 0.0000000000000000000, -1.000000000000000000, 0.0000000000000000000 ) ) ;
#3437 = ORIENTED_EDGE ( 'NONE', *, *, #2061, .F. ) ;
#3438 = CARTESIAN_POINT ( 'NONE',  ( -0.1532055652061933004, -0.06332986786467284523, -0.1023622047244094474 ) ) ;
#3439 = ORIENTED_EDGE ( 'NONE', *, *, #3304, .T. ) ;
#3440 = MANIFOLD_SOLID_BREP ( 'Imported6', #4292 ) ;
#3441 = CARTESIAN_POINT ( 'NONE',  ( 0.1181102362204724532, 0.1299212598425196763, -0.1181102362204724532 ) ) ;
#3442 = VERTEX_POINT ( 'NONE', #687 ) ;
#3443 = DIRECTION ( 'NONE',  ( 0.0000000000000000000, 0.0000000000000000000, -1.000000000000000000 ) ) ;
#3444 = EDGE_LOOP ( 'NONE', ( #1090, #898, #916, #713 ) ) ;
#3445 = CARTESIAN_POINT ( 'NONE',  ( -0.1318897637795275746, -0.04201406643800709162, 0.1023622047244094474 ) ) ;
#3446 = DIRECTION ( 'NONE',  ( 1.000000000000000000, 0.0000000000000000000, 0.0000000000000000000 ) ) ;
#3447 = DIRECTION ( 'NONE',  ( 1.000000000000000000, 0.0000000000000000000, 0.0000000000000000000 ) ) ;
#3448 = MANIFOLD_SOLID_BREP ( 'NONE', #790 ) ;
#3449 = CARTESIAN_POINT ( 'NONE',  ( -0.08858267716535432601, 0.1496062992125984370, -0.06496062992125983815 ) ) ;
#3450 = CARTESIAN_POINT ( 'NONE',  ( 0.08858267716535432601, 0.1496062992125984370, -0.1122047244094488139 ) ) ;
#3451 = ORIENTED_EDGE ( 'NONE', *, *, #1634, .F. ) ;
#3452 = DIRECTION ( 'NONE',  ( -1.000000000000000000, 0.0000000000000000000, 0.0000000000000000000 ) ) ;
#3453 = ADVANCED_FACE ( 'NONE', ( #398 ), #1447, .T. ) ;
#3454 = FACE_OUTER_BOUND ( 'NONE', #2275, .T. ) ;
#3455 = VECTOR ( 'NONE', #3485, 39.37007874015748143 ) ;
#3456 = VECTOR ( 'NONE', #2877, 39.37007874015748854 ) ;
#3457 =( NAMED_UNIT ( * ) PLANE_ANGLE_UNIT ( ) SI_UNIT ( $, .RADIAN. ) );
#3458 = ORIENTED_EDGE ( 'NONE', *, *, #2547, .T. ) ;
#3459 = DIRECTION ( 'NONE',  ( 0.0000000000000000000, 0.0000000000000000000, -1.000000000000000000 ) ) ;
#3460 = VECTOR ( 'NONE', #1921, 39.37007874015748143 ) ;
#3461 = EDGE_CURVE ( 'NONE', #3434, #1110, #1875, .T. ) ;
#3462 = VECTOR ( 'NONE', #1244, 39.37007874015748854 ) ;
#3463 = PLANE ( 'NONE',  #4299 ) ;
#3464 = ORIENTED_EDGE ( 'NONE', *, *, #909, .T. ) ;
#3465 = CIRCLE ( 'NONE', #3677, 0.007874015748031499423 ) ;
#3466 = DIRECTION ( 'NONE',  ( 0.0000000000000000000, -1.000000000000000000, 0.0000000000000000000 ) ) ;
#3467 = AXIS2_PLACEMENT_3D ( 'NONE', #3563, #903, #3251 ) ;
#3468 = EDGE_LOOP ( 'NONE', ( #329, #4139, #2225, #2343 ) ) ;
#3469 = LINE ( 'NONE', #2801, #3005 ) ;
#3470 = EDGE_LOOP ( 'NONE', ( #828, #1425, #2527, #2160 ) ) ;
#3471 = ADVANCED_FACE ( 'NONE', ( #2463 ), #71, .T. ) ;
#3472 = CYLINDRICAL_SURFACE ( 'NONE', #2435, 0.007874015748031499423 ) ;
#3473 = VECTOR ( 'NONE', #3036, 39.37007874015748854 ) ;
#3474 = AXIS2_PLACEMENT_3D ( 'NONE', #2903, #1520, #1928 ) ;
#3475 = ORIENTED_EDGE ( 'NONE', *, *, #2020, .F. ) ;
#3476 = LINE ( 'NONE', #1197, #864 ) ;
#3477 = DIRECTION ( 'NONE',  ( 1.000000000000000000, 0.0000000000000000000, 0.0000000000000000000 ) ) ;
#3478 = VECTOR ( 'NONE', #1238, 39.37007874015748143 ) ;
#3479 = PLANE ( 'NONE',  #863 ) ;
#3480 = VECTOR ( 'NONE', #213, 39.37007874015748143 ) ;
#3481 = LINE ( 'NONE', #156, #2912 ) ;
#3482 = AXIS2_PLACEMENT_3D ( 'NONE', #3618, #581, #935 ) ;
#3483 = ORIENTED_EDGE ( 'NONE', *, *, #13, .F. ) ;
#3484 = DIRECTION ( 'NONE',  ( -0.0000000000000000000, 0.4999999999999995004, 0.8660254037844390407 ) ) ;
#3485 = DIRECTION ( 'NONE',  ( 0.0000000000000000000, 0.0000000000000000000, 1.000000000000000000 ) ) ;
#3486 = AXIS2_PLACEMENT_3D ( 'NONE', #1464, #2076, #1176 ) ;
#3487 = CARTESIAN_POINT ( 'NONE',  ( -0.1181102362204724532, 0.1299212598425196763, -0.1181102362204724532 ) ) ;
#3488 = EDGE_CURVE ( 'NONE', #1710, #2590, #752, .T. ) ;
#3489 = DIRECTION ( 'NONE',  ( 0.0000000000000000000, -1.000000000000000000, 0.0000000000000000000 ) ) ;
#3490 = ORIENTED_EDGE ( 'NONE', *, *, #3648, .T. ) ;
#3491 = CARTESIAN_POINT ( 'NONE',  ( -0.1555118110236219930, -0.06889763779527559306, -0.1023622047244094474 ) ) ;
#3492 = CARTESIAN_POINT ( 'NONE',  ( -0.08858267716535432601, 0.1496062992125984370, -0.08858267716535432601 ) ) ;
#3493 = EDGE_LOOP ( 'NONE', ( #4132, #2413, #1455, #1418 ) ) ;
#3494 = EDGE_CURVE ( 'NONE', #1606, #3716, #461, .T. ) ;
#3495 = DIRECTION ( 'NONE',  ( -1.000000000000000000, 0.0000000000000000000, 0.0000000000000000000 ) ) ;
#3496 = ORIENTED_EDGE ( 'NONE', *, *, #615, .F. ) ;
#3497 = CARTESIAN_POINT ( 'NONE',  ( -0.08858267716535432601, 0.1377952755905511861, -0.1122047244094488139 ) ) ;
#3498 = ORIENTED_EDGE ( 'NONE', *, *, #2473, .T. ) ;
#3499 = DIRECTION ( 'NONE',  ( 0.0000000000000000000, 0.0000000000000000000, 1.000000000000000000 ) ) ;
#3500 = ORIENTED_EDGE ( 'NONE', *, *, #422, .F. ) ;
#3501 = EDGE_CURVE ( 'NONE', #3045, #4000, #417, .T. ) ;
#3502 = DIRECTION ( 'NONE',  ( 0.0000000000000000000, 0.0000000000000000000, 1.000000000000000000 ) ) ;
#3503 = DIRECTION ( 'NONE',  ( 4.063888932435259910E-16, -1.000000000000000000, 0.0000000000000000000 ) ) ;
#3504 = DIRECTION ( 'NONE',  ( 0.0000000000000000000, 0.0000000000000000000, 1.000000000000000000 ) ) ;
#3505 = ORIENTED_EDGE ( 'NONE', *, *, #2775, .F. ) ;
#3506 = FACE_OUTER_BOUND ( 'NONE', #1512, .T. ) ;
#3507 = PLANE ( 'NONE',  #2579 ) ;
#3508 = DIRECTION ( 'NONE',  ( 0.0000000000000000000, 0.0000000000000000000, 1.000000000000000000 ) ) ;
#3509 = ORIENTED_EDGE ( 'NONE', *, *, #4104, .T. ) ;
#3510 = DIRECTION ( 'NONE',  ( -0.0000000000000000000, 1.000000000000000000, 0.0000000000000000000 ) ) ;
#3511 = CYLINDRICAL_SURFACE ( 'NONE', #3742, 0.005905511811023620231 ) ;
#3512 = EDGE_CURVE ( 'NONE', #2741, #1710, #317, .T. ) ;
#3513 = ORIENTED_EDGE ( 'NONE', *, *, #2714, .T. ) ;
#3514 = DIRECTION ( 'NONE',  ( 1.000000000000000000, 0.0000000000000000000, 0.0000000000000000000 ) ) ;
#3515 = ORIENTED_EDGE ( 'NONE', *, *, #1368, .F. ) ;
#3516 = DIRECTION ( 'NONE',  ( 0.0000000000000000000, -1.000000000000000000, 0.0000000000000000000 ) ) ;
#3517 = EDGE_CURVE ( 'NONE', #3989, #3097, #2537, .T. ) ;
#3518 = ADVANCED_FACE ( 'NONE', ( #3206 ), #188, .T. ) ;
#3519 = ORIENTED_EDGE ( 'NONE', *, *, #1422, .F. ) ;
#3520 = DIRECTION ( 'NONE',  ( 0.0000000000000000000, 1.000000000000000000, 0.0000000000000000000 ) ) ;
#3521 = DIRECTION ( 'NONE',  ( 1.000000000000000000, 0.0000000000000000000, 0.0000000000000000000 ) ) ;
#3522 = LINE ( 'NONE', #1589, #2654 ) ;
#3523 = EDGE_CURVE ( 'NONE', #3899, #3877, #3903, .T. ) ;
#3524 = CARTESIAN_POINT ( 'NONE',  ( -0.1240157480314960647, -0.1377952755905511861, -0.1023622047244094474 ) ) ;
#3525 = ORIENTED_EDGE ( 'NONE', *, *, #3091, .F. ) ;
#3526 = FACE_OUTER_BOUND ( 'NONE', #1635, .T. ) ;
#3527 = FACE_OUTER_BOUND ( 'NONE', #1387, .T. ) ;
#3528 = ORIENTED_EDGE ( 'NONE', *, *, #1361, .F. ) ;
#3529 = LINE ( 'NONE', #3491, #91 ) ;
#3530 = DIRECTION ( 'NONE',  ( 3.519431053647356462E-16, -0.8660254037844389297, 0.4999999999999994449 ) ) ;
#3531 = ORIENTED_EDGE ( 'NONE', *, *, #3833, .F. ) ;
#3532 = DIRECTION ( 'NONE',  ( 0.0000000000000000000, 0.0000000000000000000, 1.000000000000000000 ) ) ;
#3533 = CIRCLE ( 'NONE', #583, 0.02362204724409448092 ) ;
#3534 = VECTOR ( 'NONE', #1917, 39.37007874015748143 ) ;
#3535 = DIRECTION ( 'NONE',  ( 0.0000000000000000000, 0.0000000000000000000, -1.000000000000000000 ) ) ;
#3536 = ORIENTED_EDGE ( 'NONE', *, *, #1400, .F. ) ;
#3537 = VECTOR ( 'NONE', #1398, 39.37007874015748143 ) ;
#3538 = LINE ( 'NONE', #1587, #2854 ) ;
#3539 = DIRECTION ( 'NONE',  ( 0.0000000000000000000, 0.0000000000000000000, -1.000000000000000000 ) ) ;
#3540 = PLANE ( 'NONE',  #40 ) ;
#3541 = EDGE_CURVE ( 'NONE', #1258, #2703, #2815, .T. ) ;
#3542 = STYLED_ITEM ( 'NONE', ( #3953 ), #2257 ) ;
#3543 = AXIS2_PLACEMENT_3D ( 'NONE', #1908, #3862, #2621 ) ;
#3544 = AXIS2_PLACEMENT_3D ( 'NONE', #2566, #1566, #527 ) ;
#3545 = PLANE ( 'NONE',  #1702 ) ;
#3546 = ADVANCED_FACE ( 'NONE', ( #513 ), #1537, .T. ) ;
#3547 = ORIENTED_EDGE ( 'NONE', *, *, #4283, .F. ) ;
#3548 = VECTOR ( 'NONE', #2360, 39.37007874015748143 ) ;
#3549 = CARTESIAN_POINT ( 'NONE',  ( 0.1318897637795275746, -0.04201406643800709162, -0.1023622047244094474 ) ) ;
#3550 = VECTOR ( 'NONE', #1470, 39.37007874015748854 ) ;
#3551 = DIRECTION ( 'NONE',  ( 0.0000000000000000000, -1.000000000000000000, 0.0000000000000000000 ) ) ;
#3552 = ORIENTED_EDGE ( 'NONE', *, *, #3245, .F. ) ;
#3553 = CARTESIAN_POINT ( 'NONE',  ( 0.1532055652061933004, -0.07446540772587834089, 0.07480314960629921850 ) ) ;
#3554 = DIRECTION ( 'NONE',  ( 0.0000000000000000000, 0.0000000000000000000, 1.000000000000000000 ) ) ;
#3555 = VECTOR ( 'NONE', #3447, 39.37007874015748143 ) ;
#3556 = EDGE_LOOP ( 'NONE', ( #1604, #3968, #1576, #574 ) ) ;
#3557 = DIRECTION ( 'NONE',  ( 0.0000000000000000000, 1.000000000000000000, -2.454115839351809943E-16 ) ) ;
#3558 = DIRECTION ( 'NONE',  ( 1.000000000000000000, 0.0000000000000000000, 0.0000000000000000000 ) ) ;
#3559 = TOROIDAL_SURFACE ( 'NONE', #3413, 0.05657174612875812136, 0.003937007874015747977 ) ;
#3560 = DIRECTION ( 'NONE',  ( 0.0000000000000000000, 0.0000000000000000000, 1.000000000000000000 ) ) ;
#3561 = VERTEX_POINT ( 'NONE', #4223 ) ;
#3562 = DIRECTION ( 'NONE',  ( -1.000000000000000000, 0.0000000000000000000, 0.0000000000000000000 ) ) ;
#3563 = CARTESIAN_POINT ( 'NONE',  ( 0.1476377952755905387, -0.06889763779527559306, 0.1023622047244094474 ) ) ;
#3564 = DIRECTION ( 'NONE',  ( 0.0000000000000000000, 0.0000000000000000000, 1.000000000000000000 ) ) ;
#3565 = EDGE_CURVE ( 'NONE', #2720, #1051, #1593, .T. ) ;
#3566 = DIRECTION ( 'NONE',  ( 0.0000000000000000000, -1.000000000000000000, 0.0000000000000000000 ) ) ;
#3567 = DIMENSIONAL_EXPONENTS ( 1.000000000000000000, 0.0000000000000000000, 0.0000000000000000000, 0.0000000000000000000, 0.0000000000000000000, 0.0000000000000000000, 0.0000000000000000000 ) ;
#3568 = EDGE_LOOP ( 'NONE', ( #352, #127, #1200, #3883 ) ) ;
#3569 = CARTESIAN_POINT ( 'NONE',  ( -0.1318897637795275746, 0.02755905511811023584, 0.07480314960629921850 ) ) ;
#3570 = ADVANCED_FACE ( 'NONE', ( #3527 ), #3809, .T. ) ;
#3571 = CARTESIAN_POINT ( 'NONE',  ( 0.08858267716535432601, 0.1181102362204724532, -0.08858267716535432601 ) ) ;
#3572 = EDGE_LOOP ( 'NONE', ( #1755, #4327, #3167, #2204 ) ) ;
#3573 = LINE ( 'NONE', #3268, #1369 ) ;
#3574 = EDGE_CURVE ( 'NONE', #2035, #4152, #539, .T. ) ;
#3575 = VERTEX_POINT ( 'NONE', #2242 ) ;
#3576 = DIRECTION ( 'NONE',  ( 0.0000000000000000000, 0.0000000000000000000, 1.000000000000000000 ) ) ;
#3577 = VERTEX_POINT ( 'NONE', #865 ) ;
#3578 = ORIENTED_EDGE ( 'NONE', *, *, #3281, .T. ) ;
#3579 = LINE ( 'NONE', #565, #2153 ) ;
#3580 = DIRECTION ( 'NONE',  ( 0.0000000000000000000, -1.000000000000000000, 0.0000000000000000000 ) ) ;
#3581 = DIRECTION ( 'NONE',  ( -1.000000000000000000, 0.0000000000000000000, 0.0000000000000000000 ) ) ;
#3582 = ORIENTED_EDGE ( 'NONE', *, *, #2525, .F. ) ;
#3583 = ORIENTED_EDGE ( 'NONE', *, *, #335, .F. ) ;
#3584 = CARTESIAN_POINT ( 'NONE',  ( 0.1181102362204724532, 0.03543307086614173179, -0.1023622047244094474 ) ) ;
#3585 = CARTESIAN_POINT ( 'NONE',  ( -0.1318897637795275746, -0.04201406643800709162, 0.1023622047244094474 ) ) ;
#3586 = EDGE_CURVE ( 'NONE', #1219, #519, #892, .T. ) ;
#3587 = ADVANCED_FACE ( 'NONE', ( #4142 ), #470, .F. ) ;
#3588 = ORIENTED_EDGE ( 'NONE', *, *, #3599, .T. ) ;
#3589 = CARTESIAN_POINT ( 'NONE',  ( 0.08858267716535432601, 0.1299212598425196763, 0.08858267716535432601 ) ) ;
#3590 = DIRECTION ( 'NONE',  ( -2.168404344971010347E-16, 0.0000000000000000000, -1.000000000000000000 ) ) ;
#3591 = DIMENSIONAL_EXPONENTS ( 1.000000000000000000, 0.0000000000000000000, 0.0000000000000000000, 0.0000000000000000000, 0.0000000000000000000, 0.0000000000000000000, 0.0000000000000000000 ) ;
#3592 = ORIENTED_EDGE ( 'NONE', *, *, #3461, .F. ) ;
#3593 = CARTESIAN_POINT ( 'NONE',  ( 0.1555118110236220763, -0.1377952755905511861, -0.08366141732283464971 ) ) ;
#3594 = EDGE_CURVE ( 'NONE', #1498, #3301, #2580, .T. ) ;
#3595 = ORIENTED_EDGE ( 'NONE', *, *, #1165, .F. ) ;
#3596 = AXIS2_PLACEMENT_3D ( 'NONE', #2436, #1718, #2408 ) ;
#3597 = DIRECTION ( 'NONE',  ( 0.0000000000000000000, 0.0000000000000000000, 1.000000000000000000 ) ) ;
#3598 = DIRECTION ( 'NONE',  ( -1.000000000000000000, 0.0000000000000000000, 0.0000000000000000000 ) ) ;
#3599 = EDGE_CURVE ( 'NONE', #1288, #4196, #1905, .T. ) ;
#3600 = DIRECTION ( 'NONE',  ( 0.0000000000000000000, 0.0000000000000000000, -1.000000000000000000 ) ) ;
#3601 = VECTOR ( 'NONE', #1204, 39.37007874015748143 ) ;
#3602 = VECTOR ( 'NONE', #819, 39.37007874015748143 ) ;
#3603 = DIRECTION ( 'NONE',  ( 1.445602896647339903E-16, 0.0000000000000000000, 1.000000000000000000 ) ) ;
#3604 = AXIS2_PLACEMENT_3D ( 'NONE', #643, #4026, #2036 ) ;
#3605 = VECTOR ( 'NONE', #2163, 39.37007874015748143 ) ;
#3606 = ORIENTED_EDGE ( 'NONE', *, *, #3368, .F. ) ;
#3607 = ORIENTED_EDGE ( 'NONE', *, *, #214, .F. ) ;
#3608 = DIRECTION ( 'NONE',  ( 1.000000000000000000, 0.0000000000000000000, 0.0000000000000000000 ) ) ;
#3609 = VECTOR ( 'NONE', #547, 39.37007874015748854 ) ;
#3610 = ORIENTED_EDGE ( 'NONE', *, *, #3091, .T. ) ;
#3611 = DIRECTION ( 'NONE',  ( 0.7071067811865480168, -0.7071067811865470176, 0.0000000000000000000 ) ) ;
#3612 = AXIS2_PLACEMENT_3D ( 'NONE', #3913, #919, #3597 ) ;
#3613 = ORIENTED_EDGE ( 'NONE', *, *, #416, .T. ) ;
#3614 = CARTESIAN_POINT ( 'NONE',  ( -0.1240157480314960647, -0.1377952755905511861, 0.1023622047244094474 ) ) ;
#3615 = ORIENTED_EDGE ( 'NONE', *, *, #3752, .F. ) ;
#3616 = AXIS2_PLACEMENT_3D ( 'NONE', #3990, #2970, #1644 ) ;
#3617 = EDGE_CURVE ( 'NONE', #1919, #1526, #1160, .T. ) ;
#3618 = CARTESIAN_POINT ( 'NONE',  ( 0.1476377952755905387, -0.06889763779527559306, -0.07480314960629921850 ) ) ;
#3619 = AXIS2_PLACEMENT_3D ( 'NONE', #4095, #774, #3765 ) ;
#3620 = ORIENTED_EDGE ( 'NONE', *, *, #4261, .T. ) ;
#3621 = EDGE_CURVE ( 'NONE', #3654, #3075, #2181, .T. ) ;
#3622 = AXIS2_PLACEMENT_3D ( 'NONE', #262, #3564, #551 ) ;
#3623 = FACE_OUTER_BOUND ( 'NONE', #3749, .T. ) ;
#3624 = DIRECTION ( 'NONE',  ( 0.0000000000000000000, 0.0000000000000000000, -1.000000000000000000 ) ) ;
#3625 = PLANE ( 'NONE',  #3979 ) ;
#3626 = FACE_OUTER_BOUND ( 'NONE', #4334, .T. ) ;
#3627 = VECTOR ( 'NONE', #4128, 39.37007874015748143 ) ;
#3628 = EDGE_CURVE ( 'NONE', #1122, #2090, #1726, .T. ) ;
#3629 = CARTESIAN_POINT ( 'NONE',  ( 0.1476377952755905387, -0.06889763779527559306, 0.1023622047244094474 ) ) ;
#3630 = EDGE_LOOP ( 'NONE', ( #775, #3352, #3620, #2952 ) ) ;
#3631 = ORIENTED_EDGE ( 'NONE', *, *, #3059, .F. ) ;
#3632 = CARTESIAN_POINT ( 'NONE',  ( -0.08858267716535432601, 0.1496062992125984370, 0.08858267716535432601 ) ) ;
#3633 = EDGE_LOOP ( 'NONE', ( #4081, #2334 ) ) ;
#3634 = LINE ( 'NONE', #3585, #2866 ) ;
#3635 = ORIENTED_EDGE ( 'NONE', *, *, #3894, .T. ) ;
#3636 = CARTESIAN_POINT ( 'NONE',  ( 0.08858267716535432601, 0.1496062992125984370, -0.1122047244094488139 ) ) ;
#3637 = CARTESIAN_POINT ( 'NONE',  ( 0.1476377952755905387, -0.06889763779527559306, -0.1023622047244094474 ) ) ;
#3638 = ORIENTED_EDGE ( 'NONE', *, *, #1102, .F. ) ;
#3639 = CARTESIAN_POINT ( 'NONE',  ( 0.0000000000000000000, 0.1299212598425196763, 0.0000000000000000000 ) ) ;
#3640 = ORIENTED_EDGE ( 'NONE', *, *, #477, .T. ) ;
#3641 = DIRECTION ( 'NONE',  ( 0.0000000000000000000, 0.0000000000000000000, -1.000000000000000000 ) ) ;
#3642 = CARTESIAN_POINT ( 'NONE',  ( 0.1476377952755905387, -0.06889763779527559306, 0.1023622047244094474 ) ) ;
#3643 = PLANE ( 'NONE',  #3843 ) ;
#3644 = ADVANCED_FACE ( 'NONE', ( #2515 ), #163, .F. ) ;
#3645 = EDGE_CURVE ( 'NONE', #1695, #1779, #1575, .T. ) ;
#3646 =( NAMED_UNIT ( * ) PLANE_ANGLE_UNIT ( ) SI_UNIT ( $, .RADIAN. ) );
#3647 = CARTESIAN_POINT ( 'NONE',  ( -0.1181102362204724532, 0.02755905511811023584, 0.07480314960629921850 ) ) ;
#3648 = EDGE_CURVE ( 'NONE', #1401, #2448, #3653, .T. ) ;
#3649 = ORIENTED_EDGE ( 'NONE', *, *, #2040, .F. ) ;
#3650 = ORIENTED_EDGE ( 'NONE', *, *, #124, .F. ) ;
#3651 = CARTESIAN_POINT ( 'NONE',  ( 0.08858267716535432601, 0.1299212598425196763, 0.08858267716535432601 ) ) ;
#3652 = ORIENTED_EDGE ( 'NONE', *, *, #1242, .F. ) ;
#3653 = LINE ( 'NONE', #3305, #601 ) ;
#3654 = VERTEX_POINT ( 'NONE', #3009 ) ;
#3655 = DIRECTION ( 'NONE',  ( 0.0000000000000000000, -1.000000000000000000, 0.0000000000000000000 ) ) ;
#3656 = DIRECTION ( 'NONE',  ( 0.0000000000000000000, 0.0000000000000000000, 1.000000000000000000 ) ) ;
#3657 = ORIENTED_EDGE ( 'NONE', *, *, #3886, .T. ) ;
#3658 = DIRECTION ( 'NONE',  ( -0.7071067811865479058, -0.7071067811865469066, 0.0000000000000000000 ) ) ;
#3659 = ORIENTED_EDGE ( 'NONE', *, *, #2061, .T. ) ;
#3660 = DIRECTION ( 'NONE',  ( 0.0000000000000000000, -1.000000000000000000, 0.0000000000000000000 ) ) ;
#3661 = FACE_OUTER_BOUND ( 'NONE', #3083, .T. ) ;
#3662 = DIRECTION ( 'NONE',  ( 1.000000000000000000, 0.0000000000000000000, 0.0000000000000000000 ) ) ;
#3663 = LENGTH_MEASURE_WITH_UNIT ( LENGTH_MEASURE( 0.02539999999999999897 ), #1261 );
#3664 = CIRCLE ( 'NONE', #1083, 0.007874015748031499423 ) ;
#3665 = EDGE_CURVE ( 'NONE', #2129, #2444, #1619, .T. ) ;
#3666 = FACE_OUTER_BOUND ( 'NONE', #636, .T. ) ;
#3667 = CIRCLE ( 'NONE', #2274, 0.007874015748031499423 ) ;
#3668 = VECTOR ( 'NONE', #1594, 39.37007874015748143 ) ;
#3669 = ORIENTED_EDGE ( 'NONE', *, *, #2341, .T. ) ;
#3670 = DIRECTION ( 'NONE',  ( 0.0000000000000000000, 1.000000000000000000, 0.0000000000000000000 ) ) ;
#3671 = VERTEX_POINT ( 'NONE', #271 ) ;
#3672 = EDGE_CURVE ( 'NONE', #1643, #4020, #3634, .T. ) ;
#3673 = VERTEX_POINT ( 'NONE', #4285 ) ;
#3674 = AXIS2_PLACEMENT_3D ( 'NONE', #4321, #57, #3080 ) ;
#3675 = ORIENTED_EDGE ( 'NONE', *, *, #1262, .F. ) ;
#3676 =( LENGTH_UNIT ( ) NAMED_UNIT ( * ) SI_UNIT ( $, .METRE. ) );
#3677 = AXIS2_PLACEMENT_3D ( 'NONE', #2441, #1764, #3784 ) ;
#3678 = AXIS2_PLACEMENT_3D ( 'NONE', #2682, #1994, #1334 ) ;
#3679 = LINE ( 'NONE', #3967, #2707 ) ;
#3680 = EDGE_LOOP ( 'NONE', ( #383, #1311, #4102, #2661 ) ) ;
#3681 = COLOUR_RGB ( '',0.7921568627450980005, 0.8196078431372548767, 0.9294117647058823817 ) ;
#3682 = CARTESIAN_POINT ( 'NONE',  ( 0.1532055652061933004, -0.07446540772587834089, -0.1023622047244094474 ) ) ;
#3683 = AXIS2_PLACEMENT_3D ( 'NONE', #4213, #1256, #4173 ) ;
#3684 = VERTEX_POINT ( 'NONE', #3264 ) ;
#3685 = DIRECTION ( 'NONE',  ( -1.000000000000000000, 0.0000000000000000000, 0.0000000000000000000 ) ) ;
#3686 = PLANE ( 'NONE',  #4023 ) ;
#3687 = CARTESIAN_POINT ( 'NONE',  ( 0.1318897637795275746, -0.1377952755905511861, -0.1023622047244094474 ) ) ;
#3688 = FACE_OUTER_BOUND ( 'NONE', #962, .T. ) ;
#3689 = VECTOR ( 'NONE', #1567, 39.37007874015748854 ) ;
#3690 = FACE_OUTER_BOUND ( 'NONE', #1868, .T. ) ;
#3691 = CIRCLE ( 'NONE', #2374, 0.005905511811023620231 ) ;
#3692 = EDGE_CURVE ( 'NONE', #1556, #845, #1313, .T. ) ;
#3693 = CARTESIAN_POINT ( 'NONE',  ( 0.1240157480314960647, -0.1377952755905511861, 0.1023622047244094474 ) ) ;
#3694 = ORIENTED_EDGE ( 'NONE', *, *, #2536, .F. ) ;
#3695 = EDGE_LOOP ( 'NONE', ( #2929, #2888, #293, #2033 ) ) ;
#3696 = ORIENTED_EDGE ( 'NONE', *, *, #2638, .F. ) ;
#3697 = EDGE_CURVE ( 'NONE', #947, #3856, #1806, .T. ) ;
#3698 = FILL_AREA_STYLE ('',( #1723 ) ) ;
#3699 = EDGE_CURVE ( 'NONE', #3899, #2623, #1055, .T. ) ;
#3700 = CARTESIAN_POINT ( 'NONE',  ( 8.919671568592926781E-18, 0.1377952755905511861, -0.07283464566929134798 ) ) ;
#3701 = ORIENTED_EDGE ( 'NONE', *, *, #1268, .T. ) ;
#3702 = EDGE_LOOP ( 'NONE', ( #3519, #4161 ) ) ;
#3703 = EDGE_CURVE ( 'NONE', #509, #75, #2088, .T. ) ;
#3704 = ORIENTED_EDGE ( 'NONE', *, *, #1268, .F. ) ;
#3705 = DIRECTION ( 'NONE',  ( 0.0000000000000000000, 0.0000000000000000000, 1.000000000000000000 ) ) ;
#3706 = CYLINDRICAL_SURFACE ( 'NONE', #4238, 0.005905511811023620231 ) ;
#3707 = CARTESIAN_POINT ( 'NONE',  ( -0.1318897637795275746, -0.04201406643800709162, -0.07480314960629921850 ) ) ;
#3708 = LINE ( 'NONE', #695, #872 ) ;
#3709 = LINE ( 'NONE', #696, #2215 ) ;
#3710 = CARTESIAN_POINT ( 'NONE',  ( -0.1318897637795275746, -0.1377952755905511861, 0.08366141732283464971 ) ) ;
#3711 = VERTEX_POINT ( 'NONE', #953 ) ;
#3712 = EDGE_LOOP ( 'NONE', ( #2415, #3025, #3937, #1624 ) ) ;
#3713 = VERTEX_POINT ( 'NONE', #3940 ) ;
#3714 = CARTESIAN_POINT ( 'NONE',  ( 0.1476377952755905387, -0.06889763779527559306, -0.1023622047244094474 ) ) ;
#3715 = CARTESIAN_POINT ( 'NONE',  ( 0.1532055652061933004, -0.07446540772587834089, -0.1023622047244094474 ) ) ;
#3716 = VERTEX_POINT ( 'NONE', #573 ) ;
#3717 = ADVANCED_FACE ( 'NONE', ( #3326 ), #4307, .F. ) ;
#3718 = VERTEX_POINT ( 'NONE', #1924 ) ;
#3719 = ORIENTED_EDGE ( 'NONE', *, *, #2622, .F. ) ;
#3720 = EDGE_CURVE ( 'NONE', #1258, #958, #928, .T. ) ;
#3721 = DIRECTION ( 'NONE',  ( 0.0000000000000000000, 0.0000000000000000000, 1.000000000000000000 ) ) ;
#3722 = DIRECTION ( 'NONE',  ( -4.063888932435259910E-16, 1.000000000000000000, 0.0000000000000000000 ) ) ;
#3723 = ORIENTED_EDGE ( 'NONE', *, *, #2611, .F. ) ;
#3724 = FACE_OUTER_BOUND ( 'NONE', #664, .T. ) ;
#3725 = ORIENTED_EDGE ( 'NONE', *, *, #1343, .T. ) ;
#3726 = LINE ( 'NONE', #1712, #3473 ) ;
#3727 = FILL_AREA_STYLE ('',( #1738 ) ) ;
#3728 = CARTESIAN_POINT ( 'NONE',  ( 0.1181102362204724532, 0.1299212598425196763, 0.1122047244094488277 ) ) ;
#3729 = DIRECTION ( 'NONE',  ( 0.0000000000000000000, -1.000000000000000000, 0.0000000000000000000 ) ) ;
#3730 = LINE ( 'NONE', #2477, #3383 ) ;
#3731 = VERTEX_POINT ( 'NONE', #2618 ) ;
#3732 = AXIS2_PLACEMENT_3D ( 'NONE', #3693, #2963, #2032 ) ;
#3733 = AXIS2_PLACEMENT_3D ( 'NONE', #2875, #1147, #787 ) ;
#3734 = EDGE_LOOP ( 'NONE', ( #3796, #3509, #2821, #1967 ) ) ;
#3735 = DIRECTION ( 'NONE',  ( -4.063888932435259910E-16, -1.000000000000000000, 0.0000000000000000000 ) ) ;
#3736 = DIRECTION ( 'NONE',  ( -1.000000000000000000, 0.0000000000000000000, 0.0000000000000000000 ) ) ;
#3737 = VECTOR ( 'NONE', #3182, 39.37007874015748143 ) ;
#3738 = AXIS2_PLACEMENT_3D ( 'NONE', #2572, #946, #3581 ) ;
#3739 = ORIENTED_EDGE ( 'NONE', *, *, #3916, .F. ) ;
#3740 = VECTOR ( 'NONE', #1431, 39.37007874015748854 ) ;
#3741 = EDGE_LOOP ( 'NONE', ( #2558, #1518, #1958, #3187 ) ) ;
#3742 = AXIS2_PLACEMENT_3D ( 'NONE', #2418, #496, #2111 ) ;
#3743 = CYLINDRICAL_SURFACE ( 'NONE', #724, 0.007874015748031499423 ) ;
#3744 = ADVANCED_FACE ( 'NONE', ( #622 ), #1659, .T. ) ;
#3745 = EDGE_LOOP ( 'NONE', ( #1234, #220, #2585, #3841 ) ) ;
#3746 = DIRECTION ( 'NONE',  ( 1.000000000000000000, 0.0000000000000000000, 0.0000000000000000000 ) ) ;
#3747 = VERTEX_POINT ( 'NONE', #4063 ) ;
#3748 = DIRECTION ( 'NONE',  ( 0.0000000000000000000, 0.0000000000000000000, -1.000000000000000000 ) ) ;
#3749 = EDGE_LOOP ( 'NONE', ( #2560, #3286, #2607, #3190, #151, #194 ) ) ;
#3750 = AXIS2_PLACEMENT_3D ( 'NONE', #126, #735, #34 ) ;
#3751 = DIRECTION ( 'NONE',  ( 0.7071067811865480168, -0.7071067811865470176, 0.0000000000000000000 ) ) ;
#3752 = EDGE_CURVE ( 'NONE', #3157, #4221, #3070, .T. ) ;
#3753 = PRESENTATION_LAYER_ASSIGNMENT (  '', '', ( #2716 ) ) ;
#3754 = DIRECTION ( 'NONE',  ( 0.0000000000000000000, 0.0000000000000000000, 1.000000000000000000 ) ) ;
#3755 = CYLINDRICAL_SURFACE ( 'NONE', #1154, 0.02362204724409448092 ) ;
#3756 = LINE ( 'NONE', #2760, #821 ) ;
#3757 = AXIS2_PLACEMENT_3D ( 'NONE', #2456, #4135, #1834 ) ;
#3758 = ADVANCED_FACE ( 'NONE', ( #222 ), #1971, .F. ) ;
#3759 = CARTESIAN_POINT ( 'NONE',  ( 0.1122047244094488277, 0.1377952755905511861, 0.1181102362204724532 ) ) ;
#3760 = DIRECTION ( 'NONE',  ( 1.000000000000000000, 1.478036555683235174E-47, 6.022684552957449548E-32 ) ) ;
#3761 = AXIS2_PLACEMENT_3D ( 'NONE', #2822, #2093, #4149 ) ;
#3762 = VERTEX_POINT ( 'NONE', #3985 ) ;
#3763 = LINE ( 'NONE', #4140, #655 ) ;
#3764 = CARTESIAN_POINT ( 'NONE',  ( 0.1318897637795275746, 0.02755905511811023584, 0.07480314960629921850 ) ) ;
#3765 = DIRECTION ( 'NONE',  ( 0.0000000000000000000, 0.0000000000000000000, 1.000000000000000000 ) ) ;
#3766 = EDGE_LOOP ( 'NONE', ( #993, #3650, #2067, #1801 ) ) ;
#3767 = DIRECTION ( 'NONE',  ( 1.000000000000000000, 0.0000000000000000000, 0.0000000000000000000 ) ) ;
#3768 = CARTESIAN_POINT ( 'NONE',  ( 0.1318897637795275746, -0.1377952755905511861, 0.09350393700787401619 ) ) ;
#3769 = ORIENTED_EDGE ( 'NONE', *, *, #266, .T. ) ;
#3770 = CARTESIAN_POINT ( 'NONE',  ( 0.1555118110236220208, -0.06889763779527559306, -0.07480314960629921850 ) ) ;
#3771 = ORIENTED_EDGE ( 'NONE', *, *, #4153, .F. ) ;
#3772 = CARTESIAN_POINT ( 'NONE',  ( 0.1122047244094488277, 0.1299212598425196763, 0.1122047244094488277 ) ) ;
#3773 = ORIENTED_EDGE ( 'NONE', *, *, #1829, .F. ) ;
#3774 = FACE_OUTER_BOUND ( 'NONE', #354, .T. ) ;
#3775 = DIRECTION ( 'NONE',  ( 0.0000000000000000000, 0.0000000000000000000, 1.000000000000000000 ) ) ;
#3776 = CARTESIAN_POINT ( 'NONE',  ( -0.1181102362204724532, 0.1299212598425196763, 0.1122047244094488277 ) ) ;
#3777 = ADVANCED_FACE ( 'NONE', ( #974 ), #1991, .T. ) ;
#3778 = CARTESIAN_POINT ( 'NONE',  ( 0.08858267716535432601, 0.1377952755905511861, -0.1122047244094488139 ) ) ;
#3779 = EDGE_CURVE ( 'NONE', #1913, #617, #1951, .T. ) ;
#3780 = CYLINDRICAL_SURFACE ( 'NONE', #161, 0.007874015748031499423 ) ;
#3781 = CARTESIAN_POINT ( 'NONE',  ( -0.1240157480314960647, -0.04201406643800709162, 0.1023622047244094474 ) ) ;
#3782 = EDGE_CURVE ( 'NONE', #3654, #3713, #2099, .T. ) ;
#3783 = ORIENTED_EDGE ( 'NONE', *, *, #2509, .T. ) ;
#3784 = DIRECTION ( 'NONE',  ( -1.000000000000000000, 0.0000000000000000000, 0.0000000000000000000 ) ) ;
#3785 = CYLINDRICAL_SURFACE ( 'NONE', #3330, 0.02362204724409448092 ) ;
#3786 = DIRECTION ( 'NONE',  ( -1.000000000000000000, 0.0000000000000000000, 0.0000000000000000000 ) ) ;
#3787 = VERTEX_POINT ( 'NONE', #3086 ) ;
#3788 = CARTESIAN_POINT ( 'NONE',  ( 0.1263219938489248129, -0.09021343922194134668, -0.07480314960629921850 ) ) ;
#3789 = DIRECTION ( 'NONE',  ( 0.0000000000000000000, 0.0000000000000000000, -1.000000000000000000 ) ) ;
#3790 = EDGE_LOOP ( 'NONE', ( #4148, #2043, #514, #3078 ) ) ;
#3791 = CARTESIAN_POINT ( 'NONE',  ( 0.1240157480314960647, 0.02755905511811023584, 0.07480314960629921850 ) ) ;
#3792 = ORIENTED_EDGE ( 'NONE', *, *, #2690, .F. ) ;
#3793 = PLANE ( 'NONE',  #961 ) ;
#3794 = ORIENTED_EDGE ( 'NONE', *, *, #1400, .T. ) ;
#3795 = CARTESIAN_POINT ( 'NONE',  ( 0.0000000000000000000, 0.1299212598425196763, 0.0000000000000000000 ) ) ;
#3796 = ORIENTED_EDGE ( 'NONE', *, *, #506, .T. ) ;
#3797 = PLANE ( 'NONE',  #943 ) ;
#3798 = FACE_OUTER_BOUND ( 'NONE', #2427, .T. ) ;
#3799 = CARTESIAN_POINT ( 'NONE',  ( -0.08858267716535432601, 0.1377952755905511861, 0.06496062992125983815 ) ) ;
#3800 = DIRECTION ( 'NONE',  ( 4.063888932435259910E-16, -1.000000000000000000, 0.0000000000000000000 ) ) ;
#3801 = EDGE_CURVE ( 'NONE', #2908, #499, #2935, .T. ) ;
#3802 = CARTESIAN_POINT ( 'NONE',  ( -0.1318897637795275746, -0.1024489833240242176, -0.1139111283628084642 ) ) ;
#3803 = ORIENTED_EDGE ( 'NONE', *, *, #1235, .T. ) ;
#3804 = CARTESIAN_POINT ( 'NONE',  ( -0.1240157480314960647, 0.03543307086614173179, 0.07480314960629921850 ) ) ;
#3805 = CARTESIAN_POINT ( 'NONE',  ( 0.08858267716535432601, 0.1377952755905511861, 0.08858267716535432601 ) ) ;
#3806 = EDGE_CURVE ( 'NONE', #2129, #1992, #3756, .T. ) ;
#3807 = VECTOR ( 'NONE', #3221, 39.37007874015748854 ) ;
#3808 = DIRECTION ( 'NONE',  ( 1.000000000000000000, 0.0000000000000000000, -1.445602896647339903E-16 ) ) ;
#3809 = PLANE ( 'NONE',  #2164 ) ;
#3810 = ORIENTED_EDGE ( 'NONE', *, *, #2749, .F. ) ;
#3811 = CYLINDRICAL_SURFACE ( 'NONE', #1701, 0.005905511811023620231 ) ;
#3812 = AXIS2_PLACEMENT_3D ( 'NONE', #1150, #515, #2130 ) ;
#3813 = VECTOR ( 'NONE', #4278, 39.37007874015748143 ) ;
#3814 = DIRECTION ( 'NONE',  ( 0.0000000000000000000, -1.000000000000000000, 0.0000000000000000000 ) ) ;
#3815 = ORIENTED_EDGE ( 'NONE', *, *, #1983, .F. ) ;
#3816 = VECTOR ( 'NONE', #1020, 39.37007874015748143 ) ;
#3817 = FACE_OUTER_BOUND ( 'NONE', #927, .T. ) ;
#3818 = CIRCLE ( 'NONE', #800, 0.007874015748031499423 ) ;
#3819 = EDGE_LOOP ( 'NONE', ( #3810, #2487, #2802, #1095 ) ) ;
#3820 = CARTESIAN_POINT ( 'NONE',  ( 0.1240157480314960647, -0.09578120915254409451, 0.07480314960629921850 ) ) ;
#3821 = ORIENTED_EDGE ( 'NONE', *, *, #508, .F. ) ;
#3822 = DIRECTION ( 'NONE',  ( 1.000000000000000000, 0.0000000000000000000, 0.0000000000000000000 ) ) ;
#3823 = VECTOR ( 'NONE', #4199, 39.37007874015748143 ) ;
#3824 = AXIS2_PLACEMENT_3D ( 'NONE', #995, #2373, #2351 ) ;
#3825 = VERTEX_POINT ( 'NONE', #2434 ) ;
#3826 = PLANE ( 'NONE',  #2292 ) ;
#3827 = CARTESIAN_POINT ( 'NONE',  ( -0.1318897637795275746, -0.04201406643800709162, -0.1023622047244094474 ) ) ;
#3828 = CARTESIAN_POINT ( 'NONE',  ( 0.1181102362204724532, 0.03543307086614173179, -0.07480314960629921850 ) ) ;
#3829 = FACE_OUTER_BOUND ( 'NONE', #3333, .T. ) ;
#3830 = VECTOR ( 'NONE', #1625, 39.37007874015748143 ) ;
#3831 = DIRECTION ( 'NONE',  ( 3.519431053647356462E-16, 0.8660254037844389297, -0.4999999999999994449 ) ) ;
#3832 = VECTOR ( 'NONE', #1251, 39.37007874015748143 ) ;
#3833 = EDGE_CURVE ( 'NONE', #2035, #1401, #3003, .T. ) ;
#3834 = ORIENTED_EDGE ( 'NONE', *, *, #4101, .F. ) ;
#3835 = CARTESIAN_POINT ( 'NONE',  ( 0.1532055652061933004, -0.06332986786467284523, -0.07480314960629921850 ) ) ;
#3836 = CARTESIAN_POINT ( 'NONE',  ( 0.1181102362204724532, 0.03543307086614173179, 0.1023622047244094474 ) ) ;
#3837 = AXIS2_PLACEMENT_3D ( 'NONE', #1529, #4203, #3580 ) ;
#3838 = CARTESIAN_POINT ( 'NONE',  ( -0.1181102362204724532, 0.1299212598425196763, -0.1122047244094488277 ) ) ;
#3839 = EDGE_CURVE ( 'NONE', #103, #1314, #3343, .T. ) ;
#3840 = EDGE_CURVE ( 'NONE', #3388, #149, #4114, .T. ) ;
#3841 = ORIENTED_EDGE ( 'NONE', *, *, #3621, .T. ) ;
#3842 = DIRECTION ( 'NONE',  ( 0.0000000000000000000, -1.000000000000000000, 0.0000000000000000000 ) ) ;
#3843 = AXIS2_PLACEMENT_3D ( 'NONE', #1961, #1627, #4297 ) ;
#3844 = LINE ( 'NONE', #830, #1714 ) ;
#3845 = ORIENTED_EDGE ( 'NONE', *, *, #2749, .T. ) ;
#3846 = CARTESIAN_POINT ( 'NONE',  ( -0.08858267716535432601, 0.1496062992125984370, -0.08858267716535432601 ) ) ;
#3847 =( NAMED_UNIT ( * ) PLANE_ANGLE_UNIT ( ) SI_UNIT ( $, .RADIAN. ) );
#3848 = EDGE_CURVE ( 'NONE', #2378, #3825, #2121, .T. ) ;
#3849 = ORIENTED_EDGE ( 'NONE', *, *, #1485, .F. ) ;
#3850 = DIRECTION ( 'NONE',  ( 1.000000000000000000, 0.0000000000000000000, 0.0000000000000000000 ) ) ;
#3851 = VERTEX_POINT ( 'NONE', #744 ) ;
#3852 = FACE_OUTER_BOUND ( 'NONE', #3470, .T. ) ;
#3853 = LINE ( 'NONE', #839, #3602 ) ;
#3854 = DIRECTION ( 'NONE',  ( 1.000000000000000000, 0.0000000000000000000, 0.0000000000000000000 ) ) ;
#3855 = CARTESIAN_POINT ( 'NONE',  ( 0.1240157480314960647, 0.03543307086614173179, 0.07480314960629921850 ) ) ;
#3856 = VERTEX_POINT ( 'NONE', #63 ) ;
#3857 = FILL_AREA_STYLE ('',( #491 ) ) ;
#3858 = CYLINDRICAL_SURFACE ( 'NONE', #2494, 0.007874015748031499423 ) ;
#3859 = DIRECTION ( 'NONE',  ( 1.000000000000000000, 0.0000000000000000000, 0.0000000000000000000 ) ) ;
#3860 = EDGE_LOOP ( 'NONE', ( #3515, #3834 ) ) ;
#3861 = FILL_AREA_STYLE_COLOUR ( '', #2145 ) ;
#3862 = DIRECTION ( 'NONE',  ( 0.0000000000000000000, 0.0000000000000000000, 1.000000000000000000 ) ) ;
#3863 = ORIENTED_EDGE ( 'NONE', *, *, #3779, .F. ) ;
#3864 = EDGE_CURVE ( 'NONE', #4046, #3787, #1530, .T. ) ;
#3865 = CARTESIAN_POINT ( 'NONE',  ( -0.1240157480314960647, 0.02755905511811023584, -0.1023622047244094474 ) ) ;
#3866 = CARTESIAN_POINT ( 'NONE',  ( 0.0000000000000000000, 0.0000000000000000000, 0.0000000000000000000 ) ) ;
#3867 = DIRECTION ( 'NONE',  ( 1.445602896647339903E-16, 0.0000000000000000000, 1.000000000000000000 ) ) ;
#3868 = ORIENTED_EDGE ( 'NONE', *, *, #905, .F. ) ;
#3869 = ADVANCED_FACE ( 'NONE', ( #3153 ), #1106, .F. ) ;
#3870 = DIRECTION ( 'NONE',  ( -1.000000000000000000, 2.454115839351809943E-16, 0.0000000000000000000 ) ) ;
#3871 = DIRECTION ( 'NONE',  ( 0.0000000000000000000, 0.0000000000000000000, -1.000000000000000000 ) ) ;
#3872 = CARTESIAN_POINT ( 'NONE',  ( 0.0000000000000000000, 0.3702161397507973128, 0.0000000000000000000 ) ) ;
#3873 = FACE_OUTER_BOUND ( 'NONE', #1622, .T. ) ;
#3874 = ORIENTED_EDGE ( 'NONE', *, *, #19, .T. ) ;
#3875 = LINE ( 'NONE', #2859, #2499 ) ;
#3876 = CARTESIAN_POINT ( 'NONE',  ( 0.1181102362204724532, 0.02755905511811023584, -0.1023622047244094474 ) ) ;
#3877 = VERTEX_POINT ( 'NONE', #1505 ) ;
#3878 = CARTESIAN_POINT ( 'NONE',  ( -0.08858267716535432601, 0.1496062992125984370, 0.1122047244094488139 ) ) ;
#3879 = CARTESIAN_POINT ( 'NONE',  ( 0.1181102362204724532, 0.1299212598425196763, 0.1181102362204724532 ) ) ;
#3880 = AXIS2_PLACEMENT_3D ( 'NONE', #181, #4138, #1531 ) ;
#3881 = VERTEX_POINT ( 'NONE', #136 ) ;
#3882 = CARTESIAN_POINT ( 'NONE',  ( 0.1555118110236219930, -0.06889763779527559306, 0.1023622047244094474 ) ) ;
#3883 = ORIENTED_EDGE ( 'NONE', *, *, #1241, .T. ) ;
#3884 = AXIS2_PLACEMENT_3D ( 'NONE', #328, #1675, #1345 ) ;
#3885 = VECTOR ( 'NONE', #2322, 39.37007874015748143 ) ;
#3886 = EDGE_CURVE ( 'NONE', #1725, #578, #2476, .T. ) ;
#3887 = CARTESIAN_POINT ( 'NONE',  ( -0.1318897637795275746, 0.02755905511811023584, 0.1023622047244094474 ) ) ;
#3888 = VERTEX_POINT ( 'NONE', #3101 ) ;
#3889 = AXIS2_PLACEMENT_3D ( 'NONE', #1229, #2245, #3554 ) ;
#3890 = FACE_OUTER_BOUND ( 'NONE', #3237, .T. ) ;
#3891 = LINE ( 'NONE', #4296, #3192 ) ;
#3892 = CARTESIAN_POINT ( 'NONE',  ( 0.0000000000000000000, 0.1299212598425196763, 0.07283464566929134798 ) ) ;
#3893 = VECTOR ( 'NONE', #3169, 39.37007874015748143 ) ;
#3894 = EDGE_CURVE ( 'NONE', #4152, #2448, #1382, .T. ) ;
#3895 = CIRCLE ( 'NONE', #2137, 0.007874015748031499423 ) ;
#3896 = CIRCLE ( 'NONE', #3612, 0.02362204724409448092 ) ;
#3897 = LINE ( 'NONE', #2960, #3668 ) ;
#3898 = ADVANCED_FACE ( 'NONE', ( #3130 ), #113, .T. ) ;
#3899 = VERTEX_POINT ( 'NONE', #3828 ) ;
#3900 = AXIS2_PLACEMENT_3D ( 'NONE', #2045, #708, #3746 ) ;
#3901 = CARTESIAN_POINT ( 'NONE',  ( -0.08858267716535432601, 0.1377952755905511861, 0.08858267716535432601 ) ) ;
#3902 = VECTOR ( 'NONE', #1352, 39.37007874015748143 ) ;
#3903 = LINE ( 'NONE', #1887, #1942 ) ;
#3904 = ORIENTED_EDGE ( 'NONE', *, *, #4309, .T. ) ;
#3905 = FACE_OUTER_BOUND ( 'NONE', #3819, .T. ) ;
#3906 = FACE_OUTER_BOUND ( 'NONE', #1372, .T. ) ;
#3907 = AXIS2_PLACEMENT_3D ( 'NONE', #154, #766, #1759 ) ;
#3908 = ORIENTED_EDGE ( 'NONE', *, *, #3692, .T. ) ;
#3909 = DIRECTION ( 'NONE',  ( -1.000000000000000000, 0.0000000000000000000, 0.0000000000000000000 ) ) ;
#3910 =( NAMED_UNIT ( * ) PLANE_ANGLE_UNIT ( ) SI_UNIT ( $, .RADIAN. ) );
#3911 = CARTESIAN_POINT ( 'NONE',  ( 0.1240157480314960647, 0.03543307086614173179, -0.07480314960629921850 ) ) ;
#3912 = ORIENTED_EDGE ( 'NONE', *, *, #4258, .F. ) ;
#3913 = CARTESIAN_POINT ( 'NONE',  ( -0.08858267716535432601, 0.1299212598425196763, 0.08858267716535432601 ) ) ;
#3914 = DIRECTION ( 'NONE',  ( 0.0000000000000000000, 0.0000000000000000000, 1.000000000000000000 ) ) ;
#3915 = DIRECTION ( 'NONE',  ( 0.0000000000000000000, 0.0000000000000000000, 1.000000000000000000 ) ) ;
#3916 = EDGE_CURVE ( 'NONE', #907, #2259, #389, .T. ) ;
#3917 = LINE ( 'NONE', #2655, #1354 ) ;
#3918 = ORIENTED_EDGE ( 'NONE', *, *, #1282, .T. ) ;
#3919 = UNCERTAINTY_MEASURE_WITH_UNIT (LENGTH_MEASURE( 1.000000000000000082E-05 ), #1304, 'distance_accuracy_value', 'NONE');
#3920 = DIRECTION ( 'NONE',  ( -0.7071067811865469066, 0.7071067811865479058, 0.0000000000000000000 ) ) ;
#3921 = EDGE_CURVE ( 'NONE', #3673, #3888, #1124, .T. ) ;
#3922 = DIRECTION ( 'NONE',  ( -1.000000000000000000, 0.0000000000000000000, 2.168404344971010347E-16 ) ) ;
#3923 = ORIENTED_EDGE ( 'NONE', *, *, #4111, .F. ) ;
#3924 = DIRECTION ( 'NONE',  ( 3.519431053647356462E-16, -0.8660254037844389297, -0.4999999999999994449 ) ) ;
#3925 = CARTESIAN_POINT ( 'NONE',  ( 0.1318897637795275746, -0.1143824042423135789, 0.07014398974742774850 ) ) ;
#3926 = VERTEX_POINT ( 'NONE', #2144 ) ;
#3927 = EDGE_CURVE ( 'NONE', #405, #3825, #463, .T. ) ;
#3928 = LINE ( 'NONE', #1321, #733 ) ;
#3929 = ORIENTED_EDGE ( 'NONE', *, *, #1709, .F. ) ;
#3930 = CARTESIAN_POINT ( 'NONE',  ( 0.1318897637795275746, 0.02755905511811023584, 0.1023622047244094474 ) ) ;
#3931 = LENGTH_MEASURE_WITH_UNIT ( LENGTH_MEASURE( 0.02539999999999999897 ), #550 );
#3932 = DIRECTION ( 'NONE',  ( 1.000000000000000000, 0.0000000000000000000, 0.0000000000000000000 ) ) ;
#3933 = CARTESIAN_POINT ( 'NONE',  ( 0.1240157480314960647, -0.04201406643800709162, -0.1023622047244094474 ) ) ;
#3934 = PLANE ( 'NONE',  #3738 ) ;
#3935 = VERTEX_POINT ( 'NONE', #1148 ) ;
#3936 = EDGE_CURVE ( 'NONE', #33, #3989, #2503, .T. ) ;
#3937 = ORIENTED_EDGE ( 'NONE', *, *, #3037, .F. ) ;
#3938 = CARTESIAN_POINT ( 'NONE',  ( 0.08858267716535432601, 0.1299212598425196763, -0.06496062992125983815 ) ) ;
#3939 = EDGE_LOOP ( 'NONE', ( #4054, #836 ) ) ;
#3940 = CARTESIAN_POINT ( 'NONE',  ( 0.1240157480314960647, 0.02755905511811023584, 0.1023622047244094474 ) ) ;
#3941 = VERTEX_POINT ( 'NONE', #921 ) ;
#3942 = CARTESIAN_POINT ( 'NONE',  ( 0.1263219938489248129, -0.04758183636860983945, 0.07480314960629921850 ) ) ;
#3943 = ADVANCED_FACE ( 'NONE', ( #201 ), #2628, .T. ) ;
#3944 = DIRECTION ( 'NONE',  ( -1.000000000000000000, 0.0000000000000000000, 0.0000000000000000000 ) ) ;
#3945 = ORIENTED_EDGE ( 'NONE', *, *, #1368, .T. ) ;
#3946 = DIRECTION ( 'NONE',  ( 0.0000000000000000000, 0.0000000000000000000, 1.000000000000000000 ) ) ;
#3947 = EDGE_CURVE ( 'NONE', #1947, #4328, #3195, .T. ) ;
#3948 = ORIENTED_EDGE ( 'NONE', *, *, #1246, .T. ) ;
#3949 = AXIS2_PLACEMENT_3D ( 'NONE', #3632, #3670, #926 ) ;
#3950 = DIRECTION ( 'NONE',  ( 0.0000000000000000000, 0.0000000000000000000, 1.000000000000000000 ) ) ;
#3951 = DIRECTION ( 'NONE',  ( 0.0000000000000000000, -1.000000000000000000, 0.0000000000000000000 ) ) ;
#3952 = LINE ( 'NONE', #942, #2656 ) ;
#3953 = PRESENTATION_STYLE_ASSIGNMENT (( #2339 ) ) ;
#3954 = VECTOR ( 'NONE', #3106, 39.37007874015748143 ) ;
#3955 = VECTOR ( 'NONE', #3282, 39.37007874015748143 ) ;
#3956 = CARTESIAN_POINT ( 'NONE',  ( -0.1555118110236220763, 0.003937007874015747977, 0.04921259842519685318 ) ) ;
#3957 = AXIS2_PLACEMENT_3D ( 'NONE', #215, #1563, #2891 ) ;
#3958 = VECTOR ( 'NONE', #3914, 39.37007874015748143 ) ;
#3959 = ORIENTED_EDGE ( 'NONE', *, *, #3225, .F. ) ;
#3960 = ORIENTED_EDGE ( 'NONE', *, *, #3541, .T. ) ;
#3961 = DIRECTION ( 'NONE',  ( 0.0000000000000000000, 0.0000000000000000000, 1.000000000000000000 ) ) ;
#3962 = CIRCLE ( 'NONE', #30, 0.02362204724409448092 ) ;
#3963 = EDGE_LOOP ( 'NONE', ( #3505, #1970, #2969, #1068, #1977, #4176, #4, #939 ) ) ;
#3964 = DIRECTION ( 'NONE',  ( -0.7071067811865469066, -0.7071067811865479058, 0.0000000000000000000 ) ) ;
#3965 = AXIS2_PLACEMENT_3D ( 'NONE', #1475, #2820, #1385 ) ;
#3966 = EDGE_LOOP ( 'NONE', ( #2287, #2124 ) ) ;
#3967 = CARTESIAN_POINT ( 'NONE',  ( 0.1122047244094488277, 0.1377952755905511861, -0.1181102362204724532 ) ) ;
#3968 = ORIENTED_EDGE ( 'NONE', *, *, #2479, .T. ) ;
#3969 =( GEOMETRIC_REPRESENTATION_CONTEXT ( 3 ) GLOBAL_UNCERTAINTY_ASSIGNED_CONTEXT ( ( #268 ) ) GLOBAL_UNIT_ASSIGNED_CONTEXT ( ( #1727, #2394, #2086 ) ) REPRESENTATION_CONTEXT ( 'NONE', 'WORKASPACE' ) );
#3970 = ADVANCED_FACE ( 'NONE', ( #2876 ), #2939, .T. ) ;
#3971 = EDGE_CURVE ( 'NONE', #3747, #3346, #1027, .T. ) ;
#3972 = DIRECTION ( 'NONE',  ( 2.454115839351809943E-16, -1.000000000000000000, 0.0000000000000000000 ) ) ;
#3973 = PRESENTATION_LAYER_ASSIGNMENT (  '', '', ( #1174 ) ) ;
#3974 = ORIENTED_EDGE ( 'NONE', *, *, #2218, .F. ) ;
#3975 = EDGE_CURVE ( 'NONE', #1039, #2056, #2271, .T. ) ;
#3976 = CYLINDRICAL_SURFACE ( 'NONE', #2858, 0.007874015748031499423 ) ;
#3977 = CARTESIAN_POINT ( 'NONE',  ( -0.1532055652061933004, -0.07446540772587834089, -0.1023622047244094474 ) ) ;
#3978 = PLANE ( 'NONE',  #1231 ) ;
#3979 = AXIS2_PLACEMENT_3D ( 'NONE', #4011, #2362, #1388 ) ;
#3980 = CARTESIAN_POINT ( 'NONE',  ( -0.1181102362204724532, 0.1299212598425196763, 0.1181102362204724532 ) ) ;
#3981 = ORIENTED_EDGE ( 'NONE', *, *, #3488, .T. ) ;
#3982 = VERTEX_POINT ( 'NONE', #1198 ) ;
#3983 = CARTESIAN_POINT ( 'NONE',  ( -0.1555118110236220763, 0.003937007874015747977, -0.04921259842519685318 ) ) ;
#3984 = EDGE_LOOP ( 'NONE', ( #2371, #3396 ) ) ;
#3985 = CARTESIAN_POINT ( 'NONE',  ( 0.1181102362204724532, 0.0000000000000000000, -0.04921259842519685318 ) ) ;
#3986 = ORIENTED_EDGE ( 'NONE', *, *, #3373, .F. ) ;
#3987 = CARTESIAN_POINT ( 'NONE',  ( -0.1318897637795275746, 0.02755905511811023584, -0.1023622047244094474 ) ) ;
#3988 = CARTESIAN_POINT ( 'NONE',  ( -0.1240157480314960647, 0.03543307086614173179, 0.1023622047244094474 ) ) ;
#3989 = VERTEX_POINT ( 'NONE', #2550 ) ;
#3990 = CARTESIAN_POINT ( 'NONE',  ( 0.1476377952755905387, -0.06889763779527559306, -0.07480314960629921850 ) ) ;
#3991 = EDGE_CURVE ( 'NONE', #578, #149, #1595, .T. ) ;
#3992 = ORIENTED_EDGE ( 'NONE', *, *, #3501, .T. ) ;
#3993 = CARTESIAN_POINT ( 'NONE',  ( 0.1181102362204724532, 0.03543307086614173179, -0.1023622047244094474 ) ) ;
#3994 = CARTESIAN_POINT ( 'NONE',  ( -0.1240157480314960647, -0.04201406643800709162, -0.1023622047244094474 ) ) ;
#3995 = DIRECTION ( 'NONE',  ( 0.0000000000000000000, 0.0000000000000000000, 1.000000000000000000 ) ) ;
#3996 = CARTESIAN_POINT ( 'NONE',  ( 0.1318897637795275746, 0.02755905511811023584, -0.1023622047244094474 ) ) ;
#3997 = EDGE_CURVE ( 'NONE', #1044, #4267, #3522, .T. ) ;
#3998 = CARTESIAN_POINT ( 'NONE',  ( -0.1240157480314960647, 0.02755905511811023584, 0.07480314960629921850 ) ) ;
#3999 = EDGE_CURVE ( 'NONE', #2791, #4216, #254, .T. ) ;
#4000 = VERTEX_POINT ( 'NONE', #505 ) ;
#4001 = FACE_OUTER_BOUND ( 'NONE', #3712, .T. ) ;
#4002 = ORIENTED_EDGE ( 'NONE', *, *, #532, .F. ) ;
#4003 = ORIENTED_EDGE ( 'NONE', *, *, #554, .F. ) ;
#4004 = LINE ( 'NONE', #1468, #3387 ) ;
#4005 = LINE ( 'NONE', #4029, #3263 ) ;
#4006 = ORIENTED_EDGE ( 'NONE', *, *, #3565, .F. ) ;
#4007 = CARTESIAN_POINT ( 'NONE',  ( 0.1263219938489248129, -0.04758183636860983945, 0.1023622047244094474 ) ) ;
#4008 = ORIENTED_EDGE ( 'NONE', *, *, #3574, .T. ) ;
#4009 = CARTESIAN_POINT ( 'NONE',  ( -0.1263219938489248129, -0.04758183636860983945, -0.07480314960629921850 ) ) ;
#4010 = PLANE ( 'NONE',  #4301 ) ;
#4011 = CARTESIAN_POINT ( 'NONE',  ( 0.1476377952755905387, -0.06889763779527559306, -0.1023622047244094474 ) ) ;
#4012 = EDGE_CURVE ( 'NONE', #269, #1710, #4257, .T. ) ;
#4013 = AXIS2_PLACEMENT_3D ( 'NONE', #1131, #3432, #2442 ) ;
#4014 = CARTESIAN_POINT ( 'NONE',  ( -0.08858267716535432601, 0.1377952755905511861, 0.08858267716535432601 ) ) ;
#4015 = ADVANCED_FACE ( 'NONE', ( #1215 ), #3540, .T. ) ;
#4016 = EDGE_CURVE ( 'NONE', #2069, #996, #1881, .T. ) ;
#4017 = VECTOR ( 'NONE', #846, 39.37007874015748143 ) ;
#4018 = VECTOR ( 'NONE', #327, 39.37007874015748143 ) ;
#4019 = DIRECTION ( 'NONE',  ( -1.000000000000000000, 0.0000000000000000000, 0.0000000000000000000 ) ) ;
#4020 = VERTEX_POINT ( 'NONE', #2610 ) ;
#4021 = AXIS2_PLACEMENT_3D ( 'NONE', #2488, #2838, #2202 ) ;
#4022 = CARTESIAN_POINT ( 'NONE',  ( -0.1122047244094488277, 0.1377952755905511861, 0.1181102362204724532 ) ) ;
#4023 = AXIS2_PLACEMENT_3D ( 'NONE', #4077, #35, #356 ) ;
#4024 = EDGE_CURVE ( 'NONE', #351, #476, #2896, .T. ) ;
#4025 = ORIENTED_EDGE ( 'NONE', *, *, #3501, .F. ) ;
#4026 = DIRECTION ( 'NONE',  ( 0.0000000000000000000, 0.0000000000000000000, 1.000000000000000000 ) ) ;
#4027 = CIRCLE ( 'NONE', #2289, 0.005905511811023620231 ) ;
#4028 = VECTOR ( 'NONE', #2643, 39.37007874015748143 ) ;
#4029 = CARTESIAN_POINT ( 'NONE',  ( 0.1318897637795275746, -0.09578120915254409451, 0.07480314960629921850 ) ) ;
#4030 = ORIENTED_EDGE ( 'NONE', *, *, #2191, .T. ) ;
#4031 = AXIS2_PLACEMENT_3D ( 'NONE', #4133, #2143, #1482 ) ;
#4032 = SURFACE_STYLE_USAGE ( .BOTH. , #3369 ) ;
#4033 = AXIS2_PLACEMENT_3D ( 'NONE', #4126, #402, #1096 ) ;
#4034 = EDGE_LOOP ( 'NONE', ( #3769, #1143, #66, #1533 ) ) ;
#4035 = CARTESIAN_POINT ( 'NONE',  ( 0.1181102362204724532, 0.1377952755905511861, 0.1122047244094488277 ) ) ;
#4036 = CARTESIAN_POINT ( 'NONE',  ( -0.1318897637795275746, -0.04201406643800709162, 0.07480314960629921850 ) ) ;
#4037 = CARTESIAN_POINT ( 'NONE',  ( -0.1181102362204724532, 0.03543307086614173179, -0.07480314960629921850 ) ) ;
#4038 = AXIS2_PLACEMENT_3D ( 'NONE', #206, #2880, #2200 ) ;
#4039 = PLANE ( 'NONE',  #2781 ) ;
#4040 = AXIS2_PLACEMENT_3D ( 'NONE', #431, #1782, #3477 ) ;
#4041 = PLANE ( 'NONE',  #2500 ) ;
#4042 = DIRECTION ( 'NONE',  ( 1.445602896647339903E-16, 0.0000000000000000000, 1.000000000000000000 ) ) ;
#4043 = EDGE_CURVE ( 'NONE', #1661, #1206, #2568, .T. ) ;
#4044 = VERTEX_POINT ( 'NONE', #3892 ) ;
#4045 = VERTEX_POINT ( 'NONE', #882 ) ;
#4046 = VERTEX_POINT ( 'NONE', #2234 ) ;
#4047 = DIRECTION ( 'NONE',  ( 0.0000000000000000000, 0.0000000000000000000, 1.000000000000000000 ) ) ;
#4048 = CARTESIAN_POINT ( 'NONE',  ( -0.1181102362204724532, 0.1299212598425196763, -0.1122047244094488277 ) ) ;
#4049 = EDGE_CURVE ( 'NONE', #3346, #3684, #187, .T. ) ;
#4050 = ORIENTED_EDGE ( 'NONE', *, *, #588, .F. ) ;
#4051 = PRESENTATION_STYLE_ASSIGNMENT (( #4032 ) ) ;
#4052 = VERTEX_POINT ( 'NONE', #3235 ) ;
#4053 = EDGE_CURVE ( 'NONE', #95, #1044, #1729, .T. ) ;
#4054 = ORIENTED_EDGE ( 'NONE', *, *, #1534, .T. ) ;
#4055 = LINE ( 'NONE', #1406, #2156 ) ;
#4056 = DIRECTION ( 'NONE',  ( 3.519431053647356462E-16, -0.8660254037844389297, 0.4999999999999994449 ) ) ;
#4057 = EDGE_LOOP ( 'NONE', ( #3868, #198, #3266, #129, #1281, #2613 ) ) ;
#4058 = DIRECTION ( 'NONE',  ( 0.0000000000000000000, 0.0000000000000000000, 1.000000000000000000 ) ) ;
#4059 = ORIENTED_EDGE ( 'NONE', *, *, #208, .T. ) ;
#4060 = DIRECTION ( 'NONE',  ( 0.0000000000000000000, 0.0000000000000000000, -1.000000000000000000 ) ) ;
#4061 = DIRECTION ( 'NONE',  ( 0.0000000000000000000, 0.0000000000000000000, -1.000000000000000000 ) ) ;
#4062 = LINE ( 'NONE', #4341, #2417 ) ;
#4063 = CARTESIAN_POINT ( 'NONE',  ( -0.1532055652061933004, -0.06332986786467284523, -0.07480314960629921850 ) ) ;
#4064 = LINE ( 'NONE', #4087, #3317 ) ;
#4065 = ORIENTED_EDGE ( 'NONE', *, *, #1374, .F. ) ;
#4066 = EDGE_CURVE ( 'NONE', #1355, #3851, #2302, .T. ) ;
#4067 = ORIENTED_EDGE ( 'NONE', *, *, #2218, .T. ) ;
#4068 = CARTESIAN_POINT ( 'NONE',  ( 0.1263219938489248129, -0.04758183636860983945, -0.1023622047244094474 ) ) ;
#4069 = DIRECTION ( 'NONE',  ( 0.0000000000000000000, 0.0000000000000000000, 1.000000000000000000 ) ) ;
#4070 = ORIENTED_EDGE ( 'NONE', *, *, #343, .T. ) ;
#4071 = SURFACE_SIDE_STYLE ('',( #2704 ) ) ;
#4072 = ADVANCED_FACE ( 'NONE', ( #1939 ), #3021, .T. ) ;
#4073 = VERTEX_POINT ( 'NONE', #2006 ) ;
#4074 = DIRECTION ( 'NONE',  ( -1.000000000000000000, 0.0000000000000000000, 0.0000000000000000000 ) ) ;
#4075 = ORIENTED_EDGE ( 'NONE', *, *, #2860, .T. ) ;
#4076 = CARTESIAN_POINT ( 'NONE',  ( -0.08858267716535432601, 0.1496062992125984370, -0.08858267716535432601 ) ) ;
#4077 = CARTESIAN_POINT ( 'NONE',  ( -0.1181102362204724532, 0.03543307086614173179, 0.1023622047244094474 ) ) ;
#4078 = ORIENTED_EDGE ( 'NONE', *, *, #67, .F. ) ;
#4079 = DIRECTION ( 'NONE',  ( 4.063888932435259910E-16, -1.000000000000000000, 0.0000000000000000000 ) ) ;
#4080 = EDGE_CURVE ( 'NONE', #3075, #3161, #2337, .T. ) ;
#4081 = ORIENTED_EDGE ( 'NONE', *, *, #2615, .F. ) ;
#4082 = CARTESIAN_POINT ( 'NONE',  ( -0.1476377952755905387, -0.06889763779527559306, -0.07480314960629921850 ) ) ;
#4083 = CARTESIAN_POINT ( 'NONE',  ( -0.1240157480314960647, -0.09578120915254409451, -0.07480314960629921850 ) ) ;
#4084 = DIRECTION ( 'NONE',  ( -4.063888932435259910E-16, -1.000000000000000000, 0.0000000000000000000 ) ) ;
#4085 = CARTESIAN_POINT ( 'NONE',  ( 0.1240157480314960647, -0.09578120915254409451, 0.1023622047244094474 ) ) ;
#4086 = VECTOR ( 'NONE', #1199, 39.37007874015748143 ) ;
#4087 = CARTESIAN_POINT ( 'NONE',  ( -0.1240157480314960647, 0.02755905511811023584, 0.1023622047244094474 ) ) ;
#4088 = LINE ( 'NONE', #48, #162 ) ;
#4089 = CIRCLE ( 'NONE', #2842, 0.007874015748031499423 ) ;
#4090 = CIRCLE ( 'NONE', #1433, 0.005905511811023620231 ) ;
#4091 = ORIENTED_EDGE ( 'NONE', *, *, #3321, .T. ) ;
#4092 = CARTESIAN_POINT ( 'NONE',  ( -0.1122047244094488277, 0.1377952755905511861, -0.1181102362204724532 ) ) ;
#4093 = LINE ( 'NONE', #2765, #2221 ) ;
#4094 = AXIS2_PLACEMENT_3D ( 'NONE', #3642, #709, #675 ) ;
#4095 = CARTESIAN_POINT ( 'NONE',  ( 0.0000000000000000000, 0.3740157480314960647, 0.0000000000000000000 ) ) ;
#4096 = VECTOR ( 'NONE', #1005, 39.37007874015748143 ) ;
#4097 = VERTEX_POINT ( 'NONE', #2650 ) ;
#4098 = AXIS2_PLACEMENT_3D ( 'NONE', #4330, #28, #2665 ) ;
#4099 = DIRECTION ( 'NONE',  ( 0.0000000000000000000, -1.000000000000000000, 0.0000000000000000000 ) ) ;
#4100 = FACE_OUTER_BOUND ( 'NONE', #3310, .T. ) ;
#4101 = EDGE_CURVE ( 'NONE', #3388, #1725, #1384, .T. ) ;
#4102 = ORIENTED_EDGE ( 'NONE', *, *, #4043, .F. ) ;
#4103 = AXIS2_PLACEMENT_3D ( 'NONE', #1898, #4218, #503 ) ;
#4104 = EDGE_CURVE ( 'NONE', #753, #2090, #3058, .T. ) ;
#4105 = CARTESIAN_POINT ( 'NONE',  ( 0.1181102362204724532, 0.02755905511811023584, -0.07480314960629921850 ) ) ;
#4106 = ORIENTED_EDGE ( 'NONE', *, *, #4335, .T. ) ;
#4107 = DIRECTION ( 'NONE',  ( 0.0000000000000000000, 0.0000000000000000000, 1.000000000000000000 ) ) ;
#4108 = ORIENTED_EDGE ( 'NONE', *, *, #3782, .T. ) ;
#4109 = AXIS2_PLACEMENT_3D ( 'NONE', #1686, #3311, #1669 ) ;
#4110 = CYLINDRICAL_SURFACE ( 'NONE', #1581, 0.007874015748031499423 ) ;
#4111 = EDGE_CURVE ( 'NONE', #1015, #4214, #4322, .T. ) ;
#4112 = AXIS2_PLACEMENT_3D ( 'NONE', #3593, #2953, #4315 ) ;
#4113 = CARTESIAN_POINT ( 'NONE',  ( 0.1122047244094488277, 0.1377952755905511861, 0.1122047244094488277 ) ) ;
#4114 = LINE ( 'NONE', #1740, #464 ) ;
#4115 = VECTOR ( 'NONE', #3503, 39.37007874015748143 ) ;
#4116 = CARTESIAN_POINT ( 'NONE',  ( -0.1532055652061933004, -0.07446540772587834089, 0.07480314960629921850 ) ) ;
#4117 = CARTESIAN_POINT ( 'NONE',  ( 0.08858267716535432601, 0.1299212598425196763, -0.06496062992125983815 ) ) ;
#4118 = MECHANICAL_DESIGN_GEOMETRIC_PRESENTATION_REPRESENTATION (  '', ( #3214 ), #1250 ) ;
#4119 = EDGE_LOOP ( 'NONE', ( #954, #3723, #2971, #4245 ) ) ;
#4120 = DIRECTION ( 'NONE',  ( -2.454115839351809943E-16, -1.000000000000000000, 0.0000000000000000000 ) ) ;
#4121 = FILL_AREA_STYLE_COLOUR ( '', #3341 ) ;
#4122 = ORIENTED_EDGE ( 'NONE', *, *, #2562, .F. ) ;
#4123 = PRESENTATION_STYLE_ASSIGNMENT (( #776 ) ) ;
#4124 = DIRECTION ( 'NONE',  ( 0.0000000000000000000, -1.000000000000000000, 0.0000000000000000000 ) ) ;
#4125 = VERTEX_POINT ( 'NONE', #2710 ) ;
#4126 = CARTESIAN_POINT ( 'NONE',  ( -0.1318897637795275746, -0.09578120915254409451, 0.07480314960629921850 ) ) ;
#4127 = ORIENTED_EDGE ( 'NONE', *, *, #1597, .F. ) ;
#4128 = DIRECTION ( 'NONE',  ( 1.000000000000000000, 0.0000000000000000000, 0.0000000000000000000 ) ) ;
#4129 = ORIENTED_EDGE ( 'NONE', *, *, #3037, .T. ) ;
#4130 = EDGE_CURVE ( 'NONE', #739, #509, #1360, .T. ) ;
#4131 = CARTESIAN_POINT ( 'NONE',  ( -0.1122047244094488277, 0.1299212598425196763, 0.1122047244094488277 ) ) ;
#4132 = ORIENTED_EDGE ( 'NONE', *, *, #2890, .F. ) ;
#4133 = CARTESIAN_POINT ( 'NONE',  ( 6.928040781876030475E-18, 0.3700787401574803237, -0.05657174612875812136 ) ) ;
#4134 = CARTESIAN_POINT ( 'NONE',  ( -0.1318897637795275746, -0.09578120915254409451, -0.07480314960629921850 ) ) ;
#4135 = DIRECTION ( 'NONE',  ( 0.0000000000000000000, 0.0000000000000000000, -1.000000000000000000 ) ) ;
#4136 = EDGE_CURVE ( 'NONE', #4097, #2425, #609, .T. ) ;
#4137 = CARTESIAN_POINT ( 'NONE',  ( 0.1240157480314960647, -0.09578120915254409451, -0.1023622047244094474 ) ) ;
#4138 = DIRECTION ( 'NONE',  ( 1.000000000000000000, -4.063888932435259910E-16, 0.0000000000000000000 ) ) ;
#4139 = ORIENTED_EDGE ( 'NONE', *, *, #1963, .F. ) ;
#4140 = CARTESIAN_POINT ( 'NONE',  ( 8.919671568592926781E-18, 0.1299212598425196763, -0.07283464566929134798 ) ) ;
#4141 = CARTESIAN_POINT ( 'NONE',  ( 0.1318897637795275746, 0.02755905511811023584, -0.07480314960629921850 ) ) ;
#4142 = FACE_OUTER_BOUND ( 'NONE', #4302, .T. ) ;
#4143 = VERTEX_POINT ( 'NONE', #1708 ) ;
#4144 = CARTESIAN_POINT ( 'NONE',  ( -0.1318897637795275746, -0.1143824042423135789, 0.07014398974742774850 ) ) ;
#4145 = DIRECTION ( 'NONE',  ( 0.0000000000000000000, 0.0000000000000000000, -1.000000000000000000 ) ) ;
#4146 = ORIENTED_EDGE ( 'NONE', *, *, #4335, .F. ) ;
#4147 = LINE ( 'NONE', #3096, #2298 ) ;
#4148 = ORIENTED_EDGE ( 'NONE', *, *, #4165, .F. ) ;
#4149 = DIRECTION ( 'NONE',  ( -1.000000000000000000, 0.0000000000000000000, 0.0000000000000000000 ) ) ;
#4150 = ORIENTED_EDGE ( 'NONE', *, *, #4130, .F. ) ;
#4151 = FACE_OUTER_BOUND ( 'NONE', #3734, .T. ) ;
#4152 = VERTEX_POINT ( 'NONE', #325 ) ;
#4153 = EDGE_CURVE ( 'NONE', #2056, #4331, #357, .T. ) ;
#4154 = DIRECTION ( 'NONE',  ( -4.063888932435259910E-16, -1.000000000000000000, 0.0000000000000000000 ) ) ;
#4155 = CYLINDRICAL_SURFACE ( 'NONE', #4170, 0.005905511811023620231 ) ;
#4156 = DIRECTION ( 'NONE',  ( 4.063888932435259910E-16, -1.000000000000000000, 0.0000000000000000000 ) ) ;
#4157 = DIRECTION ( 'NONE',  ( 0.0000000000000000000, 1.000000000000000000, -2.454115839351809943E-16 ) ) ;
#4158 = EDGE_CURVE ( 'NONE', #3006, #2977, #1179, .T. ) ;
#4159 = ADVANCED_FACE ( 'NONE', ( #280 ), #3643, .T. ) ;
#4160 = FACE_BOUND ( 'NONE', #3633, .T. ) ;
#4161 = ORIENTED_EDGE ( 'NONE', *, *, #2804, .F. ) ;
#4162 = DIRECTION ( 'NONE',  ( 1.000000000000000000, 0.0000000000000000000, 0.0000000000000000000 ) ) ;
#4163 = LINE ( 'NONE', #3764, #2149 ) ;
#4164 = AXIS2_PLACEMENT_3D ( 'NONE', #2535, #2899, #2220 ) ;
#4165 = EDGE_CURVE ( 'NONE', #548, #4097, #3035, .T. ) ;
#4166 = CARTESIAN_POINT ( 'NONE',  ( 0.1181102362204724532, 0.03543307086614173179, 0.1023622047244094474 ) ) ;
#4167 = EDGE_LOOP ( 'NONE', ( #3207, #2498, #4065, #4025, #1617, #804 ) ) ;
#4168 = LINE ( 'NONE', #4144, #3737 ) ;
#4169 = VECTOR ( 'NONE', #1993, 39.37007874015748854 ) ;
#4170 = AXIS2_PLACEMENT_3D ( 'NONE', #2193, #1851, #857 ) ;
#4171 = DIRECTION ( 'NONE',  ( -1.000000000000000000, 0.0000000000000000000, 0.0000000000000000000 ) ) ;
#4172 = ORIENTED_EDGE ( 'NONE', *, *, #360, .F. ) ;
#4173 = DIRECTION ( 'NONE',  ( 0.0000000000000000000, 0.0000000000000000000, 1.000000000000000000 ) ) ;
#4174 = ORIENTED_EDGE ( 'NONE', *, *, #3373, .T. ) ;
#4175 = SURFACE_SIDE_STYLE ('',( #1524 ) ) ;
#4176 = ORIENTED_EDGE ( 'NONE', *, *, #1891, .T. ) ;
#4177 = CARTESIAN_POINT ( 'NONE',  ( 0.1263219938489248129, -0.09021343922194134668, 0.1023622047244094474 ) ) ;
#4178 = CIRCLE ( 'NONE', #3957, 0.005905511811023620231 ) ;
#4179 = ORIENTED_EDGE ( 'NONE', *, *, #2150, .F. ) ;
#4180 = DIRECTION ( 'NONE',  ( 0.0000000000000000000, 0.0000000000000000000, 1.000000000000000000 ) ) ;
#4181 = DIRECTION ( 'NONE',  ( 0.0000000000000000000, 1.000000000000000000, 0.0000000000000000000 ) ) ;
#4182 = VECTOR ( 'NONE', #2545, 39.37007874015748143 ) ;
#4183 = VECTOR ( 'NONE', #3356, 39.37007874015748143 ) ;
#4184 = DIRECTION ( 'NONE',  ( 1.000000000000000000, 0.0000000000000000000, 0.0000000000000000000 ) ) ;
#4185 = VECTOR ( 'NONE', #911, 39.37007874015748143 ) ;
#4186 = VERTEX_POINT ( 'NONE', #1651 ) ;
#4187 = EDGE_CURVE ( 'NONE', #2139, #4306, #2973, .T. ) ;
#4188 = LINE ( 'NONE', #118, #1999 ) ;
#4189 = CARTESIAN_POINT ( 'NONE',  ( -0.1555118110236220763, -0.1377952755905511861, 0.09350393700787401619 ) ) ;
#4190 = VECTOR ( 'NONE', #218, 39.37007874015748854 ) ;
#4191 = CARTESIAN_POINT ( 'NONE',  ( -0.1263219938489248129, -0.09021343922194134668, -0.1023622047244094474 ) ) ;
#4192 = VERTEX_POINT ( 'NONE', #3977 ) ;
#4193 = DIRECTION ( 'NONE',  ( 0.0000000000000000000, 0.0000000000000000000, -1.000000000000000000 ) ) ;
#4194 = EDGE_CURVE ( 'NONE', #553, #1946, #36, .T. ) ;
#4195 = DIRECTION ( 'NONE',  ( 0.0000000000000000000, 0.0000000000000000000, 1.000000000000000000 ) ) ;
#4196 = VERTEX_POINT ( 'NONE', #2297 ) ;
#4197 = FACE_OUTER_BOUND ( 'NONE', #203, .T. ) ;
#4198 = ADVANCED_FACE ( 'NONE', ( #693 ), #1980, .T. ) ;
#4199 = DIRECTION ( 'NONE',  ( 0.0000000000000000000, 0.0000000000000000000, -1.000000000000000000 ) ) ;
#4200 = VERTEX_POINT ( 'NONE', #1341 ) ;
#4201 = CARTESIAN_POINT ( 'NONE',  ( -0.08858267716535432601, 0.1496062992125984370, 0.1122047244094488139 ) ) ;
#4202 = SPHERICAL_SURFACE ( 'NONE', #1856, 0.03937007874015747977 ) ;
#4203 = DIRECTION ( 'NONE',  ( 0.0000000000000000000, 0.0000000000000000000, -1.000000000000000000 ) ) ;
#4204 = LINE ( 'NONE', #2123, #4086 ) ;
#4205 = ORIENTED_EDGE ( 'NONE', *, *, #2783, .T. ) ;
#4206 = DIRECTION ( 'NONE',  ( 3.519431053647356462E-16, -0.8660254037844389297, -0.4999999999999994449 ) ) ;
#4207 = ADVANCED_FACE ( 'NONE', ( #2047 ), #3625, .T. ) ;
#4208 = DIRECTION ( 'NONE',  ( 0.0000000000000000000, -1.000000000000000000, 0.0000000000000000000 ) ) ;
#4209 = ORIENTED_EDGE ( 'NONE', *, *, #3071, .T. ) ;
#4210 = LINE ( 'NONE', #2885, #1775 ) ;
#4211 = ORIENTED_EDGE ( 'NONE', *, *, #186, .F. ) ;
#4212 = EDGE_CURVE ( 'NONE', #4125, #770, #3952, .T. ) ;
#4213 = CARTESIAN_POINT ( 'NONE',  ( 0.0000000000000000000, 0.1299212598425196763, 0.0000000000000000000 ) ) ;
#4214 = VERTEX_POINT ( 'NONE', #3123 ) ;
#4215 = LINE ( 'NONE', #3231, #1440 ) ;
#4216 = VERTEX_POINT ( 'NONE', #3082 ) ;
#4217 = ADVANCED_FACE ( 'NONE', ( #1409 ), #3793, .F. ) ;
#4218 = DIRECTION ( 'NONE',  ( 0.7071067811865470176, 0.7071067811865480168, 0.0000000000000000000 ) ) ;
#4219 = CARTESIAN_POINT ( 'NONE',  ( -0.1181102362204724532, 0.02755905511811023584, 0.07480314960629921850 ) ) ;
#4220 = DIRECTION ( 'NONE',  ( 0.0000000000000000000, -1.000000000000000000, 0.0000000000000000000 ) ) ;
#4221 = VERTEX_POINT ( 'NONE', #1754 ) ;
#4222 = CARTESIAN_POINT ( 'NONE',  ( 0.1318897637795275746, -0.09578120915254409451, 0.1023622047244094474 ) ) ;
#4223 = CARTESIAN_POINT ( 'NONE',  ( 0.08858267716535432601, 0.1299212598425196763, 0.1122047244094488139 ) ) ;
#4224 = ORIENTED_EDGE ( 'NONE', *, *, #1672, .F. ) ;
#4225 = CARTESIAN_POINT ( 'NONE',  ( -0.1263219938489248129, -0.04758183636860983945, -0.1023622047244094474 ) ) ;
#4226 = LINE ( 'NONE', #1870, #2910 ) ;
#4227 = VECTOR ( 'NONE', #685, 39.37007874015748143 ) ;
#4228 = VECTOR ( 'NONE', #1416, 39.37007874015748143 ) ;
#4229 = VERTEX_POINT ( 'NONE', #1050 ) ;
#4230 = CARTESIAN_POINT ( 'NONE',  ( -0.1122047244094488277, 0.1377952755905511861, 0.1181102362204724532 ) ) ;
#4231 = ORIENTED_EDGE ( 'NONE', *, *, #1016, .T. ) ;
#4232 = AXIS2_PLACEMENT_3D ( 'NONE', #2277, #638, #1948 ) ;
#4233 = VECTOR ( 'NONE', #678, 39.37007874015748143 ) ;
#4234 = DIRECTION ( 'NONE',  ( -0.7071067811865469066, -0.7071067811865479058, 0.0000000000000000000 ) ) ;
#4235 = ADVANCED_FACE ( 'NONE', ( #3724 ), #2725, .T. ) ;
#4236 = EDGE_LOOP ( 'NONE', ( #3410, #1255, #3725, #4179 ) ) ;
#4237 = VECTOR ( 'NONE', #89, 39.37007874015748143 ) ;
#4238 = AXIS2_PLACEMENT_3D ( 'NONE', #2999, #3375, #1002 ) ;
#4239 = LINE ( 'NONE', #3217, #3478 ) ;
#4240 = CARTESIAN_POINT ( 'NONE',  ( -0.1318897637795275746, -0.04201406643800709162, 0.1023622047244094474 ) ) ;
#4241 = CIRCLE ( 'NONE', #445, 0.07283464566929134798 ) ;
#4242 = VECTOR ( 'NONE', #3530, 39.37007874015748143 ) ;
#4243 = EDGE_CURVE ( 'NONE', #2403, #1564, #3691, .T. ) ;
#4244 = DIRECTION ( 'NONE',  ( 1.000000000000000000, 0.0000000000000000000, 0.0000000000000000000 ) ) ;
#4245 = ORIENTED_EDGE ( 'NONE', *, *, #2905, .T. ) ;
#4246 = CIRCLE ( 'NONE', #1793, 0.02362204724409448092 ) ;
#4247 = CARTESIAN_POINT ( 'NONE',  ( -0.1532055652061933004, -0.07446540772587834089, -0.07480314960629921850 ) ) ;
#4248 = CARTESIAN_POINT ( 'NONE',  ( -0.08858267716535432601, 0.1496062992125984370, -0.06496062992125983815 ) ) ;
#4249 = ORIENTED_EDGE ( 'NONE', *, *, #4012, .F. ) ;
#4250 = DIRECTION ( 'NONE',  ( 0.0000000000000000000, 1.000000000000000000, 0.0000000000000000000 ) ) ;
#4251 = FACE_OUTER_BOUND ( 'NONE', #3790, .T. ) ;
#4252 = AXIS2_PLACEMENT_3D ( 'NONE', #3287, #2966, #2407 ) ;
#4253 = ORIENTED_EDGE ( 'NONE', *, *, #2375, .T. ) ;
#4254 = DIRECTION ( 'NONE',  ( 0.0000000000000000000, 0.0000000000000000000, 1.000000000000000000 ) ) ;
#4255 = ORIENTED_EDGE ( 'NONE', *, *, #3245, .T. ) ;
#4256 = CARTESIAN_POINT ( 'NONE',  ( -0.1240157480314960647, 0.02755905511811023584, 0.1023622047244094474 ) ) ;
#4257 = LINE ( 'NONE', #858, #3210 ) ;
#4258 = EDGE_CURVE ( 'NONE', #690, #2018, #3098, .T. ) ;
#4259 = DIRECTION ( 'NONE',  ( 0.0000000000000000000, 0.0000000000000000000, 1.000000000000000000 ) ) ;
#4260 = CARTESIAN_POINT ( 'NONE',  ( -0.1240157480314960647, -0.04201406643800709162, 0.1023622047244094474 ) ) ;
#4261 = EDGE_CURVE ( 'NONE', #1028, #1122, #78, .T. ) ;
#4262 = ORIENTED_EDGE ( 'NONE', *, *, #1641, .F. ) ;
#4263 = ORIENTED_EDGE ( 'NONE', *, *, #4283, .T. ) ;
#4264 = DIRECTION ( 'NONE',  ( 0.0000000000000000000, 0.0000000000000000000, 1.000000000000000000 ) ) ;
#4265 = ADVANCED_FACE ( 'NONE', ( #104 ), #58, .T. ) ;
#4266 = DIRECTION ( 'NONE',  ( 0.0000000000000000000, 0.0000000000000000000, 1.000000000000000000 ) ) ;
#4267 = VERTEX_POINT ( 'NONE', #2733 ) ;
#4268 = DIRECTION ( 'NONE',  ( 0.0000000000000000000, 0.0000000000000000000, -1.000000000000000000 ) ) ;
#4269 = CARTESIAN_POINT ( 'NONE',  ( 0.1318897637795275746, -0.09578120915254409451, 0.1023622047244094474 ) ) ;
#4270 = ORIENTED_EDGE ( 'NONE', *, *, #1613, .T. ) ;
#4271 = LINE ( 'NONE', #1932, #2790 ) ;
#4272 = ORIENTED_EDGE ( 'NONE', *, *, #1461, .F. ) ;
#4273 = CARTESIAN_POINT ( 'NONE',  ( 0.1532055652061933004, -0.07446540772587834089, -0.1023622047244094474 ) ) ;
#4274 = DIRECTION ( 'NONE',  ( 0.0000000000000000000, -1.000000000000000000, 0.0000000000000000000 ) ) ;
#4275 = DIRECTION ( 'NONE',  ( 1.000000000000000000, 0.0000000000000000000, 0.0000000000000000000 ) ) ;
#4276 = LINE ( 'NONE', #4339, #2988 ) ;
#4277 = EDGE_CURVE ( 'NONE', #3442, #438, #537, .T. ) ;
#4278 = DIRECTION ( 'NONE',  ( 0.0000000000000000000, 0.0000000000000000000, -1.000000000000000000 ) ) ;
#4279 = ORIENTED_EDGE ( 'NONE', *, *, #1912, .F. ) ;
#4280 = EDGE_LOOP ( 'NONE', ( #1844, #4303, #4310, #569 ) ) ;
#4281 = PLANE ( 'NONE',  #3732 ) ;
#4282 = ADVANCED_FACE ( 'NONE', ( #3397 ), #2493, .F. ) ;
#4283 = EDGE_CURVE ( 'NONE', #2470, #3081, #2755, .T. ) ;
#4284 = ORIENTED_EDGE ( 'NONE', *, *, #2072, .T. ) ;
#4285 = CARTESIAN_POINT ( 'NONE',  ( -0.08858267716535432601, 0.1377952755905511861, 0.06496062992125983815 ) ) ;
#4286 = ORIENTED_EDGE ( 'NONE', *, *, #2667, .F. ) ;
#4287 = CARTESIAN_POINT ( 'NONE',  ( 0.1318897637795275746, -0.1143824042423135789, -0.07014398974742774850 ) ) ;
#4288 = CARTESIAN_POINT ( 'NONE',  ( 0.1476377952755905387, -0.06889763779527559306, 0.07480314960629921850 ) ) ;
#4289 = EDGE_CURVE ( 'NONE', #2590, #1206, #128, .T. ) ;
#4290 = ORIENTED_EDGE ( 'NONE', *, *, #137, .T. ) ;
#4291 = CARTESIAN_POINT ( 'NONE',  ( -0.1555118110236220208, -0.06889763779527559306, -0.07480314960629921850 ) ) ;
#4292 = CLOSED_SHELL ( 'NONE', ( #1711, #716, #3155, #2727, #157, #2431, #2324, #3518, #4265, #2809, #1560, #4015, #694, #3471, #41, #2698, #2294, #746, #3018, #2159, #258 ) ) ;
#4293 = ORIENTED_EDGE ( 'NONE', *, *, #2072, .F. ) ;
#4294 = VECTOR ( 'NONE', #679, 39.37007874015748854 ) ;
#4295 = DIRECTION ( 'NONE',  ( 0.0000000000000000000, -1.000000000000000000, 0.0000000000000000000 ) ) ;
#4296 = CARTESIAN_POINT ( 'NONE',  ( -0.1181102362204724532, 0.03543307086614173179, -0.1023622047244094474 ) ) ;
#4297 = DIRECTION ( 'NONE',  ( 0.0000000000000000000, 0.0000000000000000000, 1.000000000000000000 ) ) ;
#4298 =( GEOMETRIC_REPRESENTATION_CONTEXT ( 3 ) GLOBAL_UNCERTAINTY_ASSIGNED_CONTEXT ( ( #1137 ) ) GLOBAL_UNIT_ASSIGNED_CONTEXT ( ( #1973, #3267, #955 ) ) REPRESENTATION_CONTEXT ( 'NONE', 'WORKASPACE' ) );
#4299 = AXIS2_PLACEMENT_3D ( 'NONE', #2818, #2089, #4145 ) ;
#4300 = DIRECTION ( 'NONE',  ( 0.0000000000000000000, 0.4999999999999995004, -0.8660254037844390407 ) ) ;
#4301 = AXIS2_PLACEMENT_3D ( 'NONE', #2065, #1325, #1732 ) ;
#4302 = EDGE_LOOP ( 'NONE', ( #471, #3284, #3657, #3300 ) ) ;
#4303 = ORIENTED_EDGE ( 'NONE', *, *, #1102, .T. ) ;
#4304 = CARTESIAN_POINT ( 'NONE',  ( -0.1318897637795275746, -0.09578120915254409451, 0.1023622047244094474 ) ) ;
#4305 = CIRCLE ( 'NONE', #1934, 0.02362204724409448092 ) ;
#4306 = VERTEX_POINT ( 'NONE', #480 ) ;
#4307 = CYLINDRICAL_SURFACE ( 'NONE', #1878, 0.02362204724409448092 ) ;
#4308 = CIRCLE ( 'NONE', #2226, 0.005905511811023620231 ) ;
#4309 = EDGE_CURVE ( 'NONE', #247, #2741, #3469, .T. ) ;
#4310 = ORIENTED_EDGE ( 'NONE', *, *, #2375, .F. ) ;
#4311 = CARTESIAN_POINT ( 'NONE',  ( 0.1240157480314960647, -0.1024489833240242176, 0.1139111283628084642 ) ) ;
#4312 = DIRECTION ( 'NONE',  ( 0.0000000000000000000, 0.0000000000000000000, -1.000000000000000000 ) ) ;
#4313 = ORIENTED_EDGE ( 'NONE', *, *, #3332, .F. ) ;
#4314 = AXIS2_PLACEMENT_3D ( 'NONE', #2606, #4333, #2624 ) ;
#4315 = DIRECTION ( 'NONE',  ( -1.000000000000000000, 0.0000000000000000000, 0.0000000000000000000 ) ) ;
#4316 = EDGE_CURVE ( 'NONE', #3260, #3041, #2115, .T. ) ;
#4317 = AXIS2_PLACEMENT_3D ( 'NONE', #2601, #1393, #2637 ) ;
#4318 = ORIENTED_EDGE ( 'NONE', *, *, #1943, .F. ) ;
#4319 = PRESENTATION_LAYER_ASSIGNMENT (  '', '', ( #3214 ) ) ;
#4320 = CARTESIAN_POINT ( 'NONE',  ( -0.1240157480314960647, 0.02755905511811023584, -0.1023622047244094474 ) ) ;
#4321 = CARTESIAN_POINT ( 'NONE',  ( -0.1318897637795275746, -0.09578120915254409451, 0.1023622047244094474 ) ) ;
#4322 = LINE ( 'NONE', #2383, #741 ) ;
#4323 = DIRECTION ( 'NONE',  ( -0.0000000000000000000, 1.000000000000000000, 0.0000000000000000000 ) ) ;
#4324 = CARTESIAN_POINT ( 'NONE',  ( 0.1532055652061933004, -0.07446540772587834089, 0.1023622047244094474 ) ) ;
#4325 = ORIENTED_EDGE ( 'NONE', *, *, #3697, .F. ) ;
#4326 = LINE ( 'NONE', #1657, #3043 ) ;
#4327 = ORIENTED_EDGE ( 'NONE', *, *, #1374, .T. ) ;
#4328 = VERTEX_POINT ( 'NONE', #2451 ) ;
#4329 = SURFACE_STYLE_USAGE ( .BOTH. , #3365 ) ;
#4330 = CARTESIAN_POINT ( 'NONE',  ( 0.1240157480314960647, 0.02755905511811023584, 0.1023622047244094474 ) ) ;
#4331 = VERTEX_POINT ( 'NONE', #455 ) ;
#4332 = EDGE_CURVE ( 'NONE', #1564, #2982, #2778, .T. ) ;
#4333 = DIRECTION ( 'NONE',  ( 0.0000000000000000000, 1.000000000000000000, 0.0000000000000000000 ) ) ;
#4334 = EDGE_LOOP ( 'NONE', ( #659, #2625, #284, #1065 ) ) ;
#4335 = EDGE_CURVE ( 'NONE', #1051, #1947, #1119, .T. ) ;
#4336 = LINE ( 'NONE', #1649, #311 ) ;
#4337 = CARTESIAN_POINT ( 'NONE',  ( -0.1181102362204724532, 0.03543307086614173179, -0.1023622047244094474 ) ) ;
#4338 = DIRECTION ( 'NONE',  ( 0.0000000000000000000, 0.0000000000000000000, -1.000000000000000000 ) ) ;
#4339 = CARTESIAN_POINT ( 'NONE',  ( -0.08858267716535432601, 0.1496062992125984370, -0.1122047244094488139 ) ) ;
#4340 = ADVANCED_FACE ( 'NONE', ( #1774 ), #3559, .T. ) ;
#4341 = CARTESIAN_POINT ( 'NONE',  ( -0.1122047244094488277, 0.1299212598425196763, 0.1181102362204724532 ) ) ;
ENDSEC;
END-ISO-10303-21;
